Date,Close,High,Low,Open,Volume,Symbol
2010-01-04,23.027511596679688,23.13911475887862,22.75966287211329,22.78198407219756,38409100,MSFT
2010-01-05,23.03494453430176,23.139108688255988,22.796857472310656,22.953102993686585,49749600,MSFT
2010-01-06,22.89357566833496,23.12422227623596,22.70757001893824,22.975417189074392,58182400,MSFT
2010-01-07,22.655498504638672,22.841504234827458,22.462052374949003,22.78942143832128,50559700,MSFT
2010-01-08,22.81174659729004,22.975431157394304,22.499256859555462,22.529018462726064,51197400,MSFT
2010-01-11,22.52157020568848,22.88614120268622,22.409967070952163,22.848939211700213,68754700,MSFT
2010-01-12,22.372758865356445,22.61828626121912,22.25371536549033,22.432280615289503,65912100,MSFT
2010-01-13,22.58109664916992,22.70758060649809,22.328128734513577,22.514134470636705,51863500,MSFT
2010-01-14,23.03494453430176,23.139108688255988,22.514129440973925,22.55133001224348,63228100,MSFT
2010-01-15,22.960542678833008,23.243270701390973,22.84893813026805,23.124227174091747,79913200,MSFT
2010-01-19,23.13910675048828,23.24326947660865,22.826617153016464,22.878698516076646,46575700,MSFT
2010-01-20,22.759654998779297,23.0200632332336,22.55132812739372,22.92333948543965,54849500,MSFT
2010-01-21,22.328123092651367,22.85637856858829,22.320682694793145,22.774537030369387,73086700,MSFT
2010-01-22,21.546905517578125,22.469495291480698,21.45762355178837,22.320690123016085,102004600,MSFT
2010-01-25,21.81475067138672,22.06771856477478,21.65106614824016,21.75522889759606,63373000,MSFT
2010-01-26,21.948671340942383,22.20907958982657,21.64362212397001,21.72546508139068,66639900,MSFT
2010-01-27,22.07515335083008,22.18675647092132,21.59153888436092,21.83706631620592,63949500,MSFT
2010-01-28,21.695703506469727,22.22396040250744,21.49481702125352,22.20163920889093,117513700,MSFT
2010-01-29,20.966562271118164,22.261161744425472,20.579670083018737,22.2462809481653,193888500,MSFT
2010-02-01,21.13768196105957,21.18976331602305,20.7731110572047,21.122801168467007,85931100,MSFT
2010-02-02,21.174880981445312,21.20464256446316,20.93679399374409,21.10792025787593,54413700,MSFT
2010-02-03,21.301368713378903,21.42041364781316,20.92191839522905,21.026081116359546,61397900,MSFT
2010-02-04,20.713594436645508,21.204649360949148,20.69127324222777,21.115366002389013,77850000,MSFT
2010-02-05,20.84752082824707,21.040966941680704,20.51270997439828,20.8326400304958,80960100,MSFT
2010-02-08,20.624313354492188,20.89216204062553,20.512710208306963,20.840080667013154,52820600,MSFT
2010-02-09,20.840087890625,21.085615464981903,20.64664170793297,20.81032628446708,59195800,MSFT
2010-02-10,20.8251953125,21.01120098848065,20.71359219073375,20.85495690183004,48591300,MSFT
2010-02-11,20.921913146972656,21.130238536975288,20.609423642858427,20.78054847582067,65993700,MSFT
2010-02-12,20.78055191040039,20.87727422615769,20.520143710746925,20.69126857199244,81117200,MSFT
2010-02-16,21.19167900085449,21.20662938092838,20.945003432622183,21.02722767153514,51935600,MSFT
2010-02-17,21.37108039855957,21.415930115372504,21.199155295987666,21.32623068174664,45882900,MSFT
2010-02-18,21.65513610839844,21.699987262561525,21.311285814297737,21.37108592743469,42856500,MSFT
2010-02-19,21.5056381225586,21.617763164731244,21.445838005016697,21.52058850838088,44451800,MSFT
2010-02-22,21.475736618041992,21.63271281232461,21.41593650254081,21.55796231151133,36707100,MSFT
2010-02-23,21.17673110961914,21.55048210091192,20.997330804888232,21.438357088673463,52266200,MSFT
2010-02-24,21.40098190307617,21.52058353627452,21.214106400714968,21.31875765154516,43165900,MSFT
2010-02-25,21.378551483154297,21.41592600236269,20.94500050190293,21.131875949437944,48735300,MSFT
2010-02-26,21.430879592895508,21.56543016340968,21.31127940260441,21.41592921267244,40370600,MSFT
2010-03-01,21.69251251220703,21.714936663998326,21.32623663356156,21.50563697662788,43805400,MSFT
2010-03-02,21.273897171020508,21.90179869753693,21.10944731436004,21.73734884087646,93123900,MSFT
2010-03-03,21.273897171020508,21.38602356384197,21.19167295556343,21.31127311054309,48442100,MSFT
2010-03-04,21.40098190307617,21.41593228544433,21.131882149183955,21.27390650444068,42890600,MSFT
2010-03-05,21.37108039855957,21.43835568665237,21.2440050128006,21.423405305799125,56001800,MSFT
2010-03-08,21.40098190307617,21.62523336135777,21.303807269177,21.31875765154516,39414500,MSFT
2010-03-09,21.52806282043457,21.75978952930344,21.341187270167783,21.34866246326813,50271600,MSFT
2010-03-10,21.65513610839844,21.75978737569848,21.52806068976401,21.5729118439271,44891400,MSFT
2010-03-11,21.812110900878903,21.81958609276114,21.565435271753525,21.595334613535385,35349700,MSFT
2010-03-12,21.879383087158203,21.96160733466256,21.707457975584628,21.91675761550137,31700200,MSFT
2010-03-15,21.894332885742188,21.954132984946888,21.68503182565232,21.812107214680665,37512000,MSFT
2010-03-16,21.954137802124023,22.04383725773952,21.827062385212788,21.99151233767262,36723500,MSFT
2010-03-17,22.14848518371582,22.327886930936497,21.97656005385527,22.051310544239385,50385700,MSFT
2010-03-18,22.13353729248047,22.215761552691685,22.05131160652217,22.148486250679817,43845200,MSFT
2010-03-19,22.11858367919922,22.3503088935485,21.939183375275885,22.245659072696608,81332100,MSFT
2010-03-22,22.126054763793945,22.200805232992742,21.96907863590181,22.05130429459515,37718200,MSFT
2010-03-23,22.335363388061523,22.35031377308917,21.984037894394987,22.11858850814942,42026600,MSFT
2010-03-24,22.163434982299805,22.312935959124392,22.126060450967145,22.21575989646432,33987700,MSFT
2010-03-25,22.43253326416016,22.85113394899369,22.27555711625584,22.297982687598395,73168700,MSFT
2010-03-26,22.1709098815918,22.57456165825148,22.11858496811672,22.492335979506663,55595500,MSFT
2010-03-29,22.11858367919922,22.29050879224072,22.08868291567189,22.208283118287447,33336000,MSFT
2010-03-30,22.25312614440918,22.32040141205305,22.051300341477543,22.148474935992947,34954800,MSFT
2010-03-31,21.894332885742188,22.21575752787569,21.80463202406172,22.155957428670987,63760000,MSFT
2010-04-01,21.797163009643555,22.081214630661705,21.39351258207465,21.93918882015263,74768100,MSFT
2010-04-05,21.879383087158203,21.99898328875259,21.69998278476662,21.77473184145296,34331200,MSFT
2010-04-06,21.91676521301269,22.111115964412555,21.66261434008576,21.789689776549224,47366800,MSFT
2010-04-07,21.939186096191406,22.09616084693738,21.78220991969837,21.7971603033162,58318800,MSFT
2010-04-08,22.365259170532227,22.410108889866223,21.90180731825804,21.916757699951656,63713800,MSFT
2010-04-09,22.679214477539062,22.731539397917985,22.35031314491091,22.387689106429537,54752500,MSFT
2010-04-12,22.66426467895508,22.791340099909856,22.582038987235165,22.6119397572232,37068800,MSFT
2010-04-13,22.76144027709961,22.79881481305165,22.522238399466207,22.53718878414589,41374600,MSFT
2010-04-14,23.03801918029785,23.172569813787817,22.918418934028416,23.015595025214456,68941200,MSFT
2010-04-15,23.07538795471192,23.135188059204246,22.95578631998029,23.03801199831236,52745400,MSFT
2010-04-16,22.92588424682617,23.15760944588368,22.8735593398532,23.01558510574183,88703100,MSFT
2010-04-19,23.202465057373047,23.359439808527764,22.993163963419697,23.00063915524808,64970300,MSFT
2010-04-20,23.44165802001953,23.501458109836044,23.26973151426877,23.33700679353068,52199500,MSFT
2010-04-21,23.419239044189453,23.546314449039546,23.344488554439927,23.419239044189453,55343100,MSFT
2010-04-22,23.464080810546875,23.56873203100545,23.09780510330817,23.202456323766743,84847600,MSFT
2010-04-23,23.142667770385746,23.60611976857831,22.91094248416312,23.26226943584457,126766600,MSFT
2010-04-26,23.254785537719727,23.3818609230637,23.06791005490487,23.17255986904222,63649300,MSFT
2010-04-27,23.06043815612793,23.3594386861614,22.985687667182816,23.135188645073043,68730900,MSFT
2010-04-28,23.105287551879883,23.172562848402745,22.888512705331635,23.112762743243195,64557900,MSFT
2010-04-29,23.17255973815918,23.493985794904745,22.92588415926671,23.12023483138605,52665200,MSFT
2010-04-30,22.828706741333008,23.232356991129,22.813756362443293,23.224881801684145,63214800,MSFT
2010-05-03,23.067914962768555,23.217414525379468,22.858613864216768,22.92588916640316,43989500,MSFT
2010-05-04,22.52224540710449,22.83619645432564,22.238195138546125,22.81377229607616,82085600,MSFT
2010-05-05,22.31294059753418,22.492340951569208,22.193340361510828,22.253140479522504,66833800,MSFT
2010-05-06,21.66261100769043,22.33536262781646,20.86278397064915,22.11858775528288,128613000,MSFT
2010-05-07,21.0870304107666,21.640183136901804,20.42175409725512,21.62523275495288,173718100,MSFT
2010-05-10,21.63271141052246,22.03636180756205,21.4607848420686,21.68503632997693,86653300,MSFT
2010-05-11,21.587854385375977,22.163431194306664,21.35612919407473,21.438354859849607,63789400,MSFT
2010-05-12,22.006452560424805,22.11110235223519,21.617751296919828,21.66260100401764,47146800,MSFT
2010-05-13,21.856964111328125,22.223240017474588,21.812114378630906,21.871914497476297,45188800,MSFT
2010-05-14,21.625232696533203,21.834532340265213,21.408456436100035,21.82705857505784,63334000,MSFT
2010-05-17,21.63271141052246,21.849486280512007,21.266435548594025,21.767262018118032,46053300,MSFT
2010-05-18,21.47502326965332,21.77537295501052,21.324847710884587,21.67775984433703,52690600,MSFT
2010-05-19,21.204702377319336,21.542596581463656,20.86680960535492,21.414947819029123,61746700,MSFT
2010-05-20,20.356216430664062,20.904354694828257,20.303655423440105,20.76168808080606,87991100,MSFT
2010-05-21,20.153488159179688,20.356224783530585,19.853138400241665,19.99580364062433,117596300,MSFT
2010-05-24,19.725488662719727,20.168505073761924,19.717979740070472,20.16099615111267,73711700,MSFT
2010-05-25,19.5753116607666,19.770539339010227,19.057207492819305,19.25994409317004,98373600,MSFT
2010-05-26,18.779386520385746,19.98078697306091,18.44149215075877,19.695453631558,176684100,MSFT
2010-05-27,19.52275276184082,19.79306825837949,19.32001613943682,19.32001613943682,136433600,MSFT
2010-05-28,19.37257957458496,19.61286084146125,19.26745750495088,19.40261527001229,67496900,MSFT
2010-06-01,19.440149307250977,19.75551679990049,19.16232641621456,19.16983533653718,76152400,MSFT
2010-06-02,19.86815071105957,19.88316855395028,19.32001233517176,19.567801014147093,65718800,MSFT
2010-06-03,20.168502807617188,20.22106382807564,19.830608487269465,19.93573052818636,67837000,MSFT
2010-06-04,19.36507034301757,19.950752029421,19.23742151328184,19.59784123294251,89832200,MSFT
2010-06-07,18.98962783813477,19.395099559252014,18.95208323198854,19.38759063802277,80456200,MSFT
2010-06-08,18.85447120666504,18.967102167232355,18.509067971120857,18.959593245570485,87355000,MSFT
2010-06-09,18.614192962646484,19.162331399112595,18.58415727354564,18.937068027397693,87794000,MSFT
2010-06-10,18.771875381469727,18.884506347322457,18.60668339369775,18.86948850329398,78930900,MSFT
2010-06-11,19.267454147338867,19.312506250448145,18.59917579452585,18.801912406788404,68057700,MSFT
2010-06-14,19.14730834960937,19.49271008729314,19.12478158890736,19.417623749313258,50972400,MSFT
2010-06-15,19.95825958251953,20.01082060900595,19.3275244003214,19.335033322988107,81641500,MSFT
2010-06-16,19.76303482055664,19.958262542301444,19.69545593871495,19.875665812899204,48698000,MSFT
2010-06-17,19.800580978393555,20.02584298058644,19.55279220310904,19.94324624476464,47995500,MSFT
2010-06-18,19.85313415527344,19.92071301560745,19.65039757427138,19.80057313772038,52075600,MSFT
2010-06-21,19.48521041870117,20.19103201778462,19.440156879217035,20.108436726425044,54625300,MSFT
2010-06-22,19.350053787231445,19.86064914022924,19.342544863548447,19.64289464996458,55985400,MSFT
2010-06-23,19.004648208618164,19.35756041903142,18.9370693356531,19.35756041903142,61466200,MSFT
2010-06-24,18.771875381469727,19.3125048768711,18.71931435955048,19.11727720104216,85243400,MSFT
2010-06-25,18.418964385986328,18.854471831545943,18.25377096831103,18.809418300081543,156256700,MSFT
2010-06-28,18.25376892089844,18.479032256412783,18.111103717137627,18.403944477908,73784800,MSFT
2010-06-29,17.502897262573242,18.17117704042809,17.352723109752993,18.11861458315146,119882100,MSFT
2010-06-30,17.277637481689453,17.780723892630945,17.232585373417578,17.495390531820767,81050500,MSFT
2010-07-01,17.390260696411133,17.510400552897078,17.067384295037634,17.33769968822104,92239400,MSFT
2010-07-02,17.47286605834961,17.630549161193837,17.3076725995443,17.54044494019164,62485100,MSFT
2010-07-06,17.88584327697754,18.08857988210531,17.705633438701902,17.795739073929965,73592000,MSFT
2010-07-07,18.24626541137696,18.26128325796801,17.728162593611568,17.88584568627564,79965300,MSFT
2010-07-08,18.3288631439209,18.486547677441617,17.998477661642855,18.471529830024263,50758100,MSFT
2010-07-09,18.223737716674805,18.328859764854723,18.133632080963093,18.26878981844041,53806100,MSFT
2010-07-12,18.64422607421875,18.689278172921902,18.33636744074979,18.343876362563712,49854200,MSFT
2010-07-13,18.869489669799805,18.997138487572222,18.69678874933728,18.876998592278245,61928700,MSFT
2010-07-14,19.102258682250977,19.22990747805277,18.86197893301944,19.14731077718682,72808100,MSFT
2010-07-15,19.15481948852539,19.214889425175187,18.756855263107813,19.14731056742164,56934700,MSFT
2010-07-16,18.68927574157715,19.25243191473529,18.68176682074008,19.15481880821384,65064800,MSFT
2010-07-19,18.94457054138184,18.99713154734827,18.70429083857528,18.741834005071304,38181800,MSFT
2010-07-20,19.132301330566406,19.132301330566406,18.5466195428472,18.66675947018349,45530700,MSFT
2010-07-21,18.861980438232425,19.25994326758756,18.756856965419413,19.22240009084173,73297300,MSFT
2010-07-22,19.4026107788086,19.51524174622835,19.1247863891381,19.154822077612945,73016400,MSFT
2010-07-23,19.38008117675781,19.537765653817434,18.95959162489923,19.40260793981783,108520100,MSFT
2010-07-26,19.59783744812012,19.672925233259964,19.37257409270057,19.41762762309272,67249900,MSFT
2010-07-27,19.642894744873047,19.702964702446515,19.492719134849004,19.627876897434493,60672100,MSFT
2010-07-28,19.48521041870117,19.66542028009572,19.39510477191357,19.575314633308107,69704800,MSFT
2010-07-29,19.54527473449707,19.830606574686843,19.222398288900585,19.62036108095,69446200,MSFT
2010-07-30,19.38008117675781,19.40260793981783,19.03467940291904,19.335029082818025,83534800,MSFT
2010-08-02,19.77053451538086,19.80807768457617,19.335027164686768,19.51523695474845,55044600,MSFT
2010-08-03,19.642894744873047,19.78556143117781,19.500228058568283,19.67293043975016,56877700,MSFT
2010-08-04,19.32001304626465,19.702959460990414,19.102260045056106,19.63538059767526,78531900,MSFT
2010-08-05,19.049699783325195,19.20738284921579,18.92955846317657,19.139803983211124,64922100,MSFT
2010-08-06,19.184860229492188,19.192369153135623,18.78689730165525,18.90703721558875,55982100,MSFT
2010-08-09,19.22990798950196,19.320012181770103,19.049698172785337,19.18485446118756,57096500,MSFT
2010-08-10,18.824438095092773,19.02717471115537,18.681771428362,19.019665788466323,87257700,MSFT
2010-08-11,18.6667537689209,18.696788025491355,18.44149039983036,18.531596033902662,76746900,MSFT
2010-08-12,18.388925552368164,18.531592179903875,18.291312448589103,18.33636454016558,70240500,MSFT
2010-08-13,18.32135009765625,18.524086695629755,18.201210209712045,18.283806919741348,45263500,MSFT
2010-08-16,18.39644241333008,18.479039143687785,18.24626680034895,18.29132034355176,40909700,MSFT
2010-08-17,18.653095245361328,18.84181535803307,18.570059374863494,18.653095245361328,52912600,MSFT
2010-08-18,18.736143112182617,18.834278432363607,18.42664206820444,18.63046025028402,46818900,MSFT
2010-08-19,18.44927406311035,18.67573756647817,18.27565050805386,18.58515274105898,54064600,MSFT
2010-08-20,18.290752410888672,18.41908214114329,18.26810691955089,18.35114278748966,49560100,MSFT
2010-08-23,18.328500747680664,18.60025677365073,18.29830483378376,18.44928152362745,51643000,MSFT
2010-08-24,18.147329330444336,18.38134190059714,18.11713341696893,18.1850727824682,66522500,MSFT
2010-08-25,18.1926212310791,18.283206089226745,18.018999053112484,18.11713288940916,47404800,MSFT
2010-08-26,17.98125648498535,18.26056295329573,17.958610987433527,18.18507460187504,49105300,MSFT
2010-08-27,18.06429100036621,18.13223036207501,17.74724112566525,18.02654611062781,60939400,MSFT
2010-08-30,17.845373153686523,17.981251863355432,17.815178684771308,17.920861485704826,45453100,MSFT
2010-08-31,17.717042922973633,17.913312004773793,17.6038111480405,17.81517818378378,66074600,MSFT
2010-09-01,18.04164123535156,18.07938611916688,17.7698852709818,17.868019089261416,65235900,MSFT
2010-09-02,18.07184219360352,18.07939117247657,17.898218559164317,18.026548320365205,48837100,MSFT
2010-09-03,18.336048126220703,18.45682889162862,18.26810876570121,18.298303237143045,64189100,MSFT
2010-09-07,18.08692741394043,18.34358677602576,18.056732957129004,18.192611612329426,51928700,MSFT
2010-09-08,18.06429100036621,18.268109085492608,17.92086329900093,18.16997381199309,65512400,MSFT
2010-09-09,18.124685287475582,18.2756605594824,18.109587328328715,18.260564040156154,46028900,MSFT
2010-09-10,18.00389862060547,18.139777328958893,17.958606197761046,18.10203244340508,58284300,MSFT
2010-09-13,18.955053329467773,19.09093207502705,18.185074731178872,18.26811206231412,114680400,MSFT
2010-09-14,18.89465713500977,19.13621863525524,18.78897289878729,18.90220611186995,87160400,MSFT
2010-09-15,18.96260070800781,19.03808761377283,18.81162401683691,18.947502750926635,56201900,MSFT
2010-09-16,19.12112617492676,19.151322091042616,18.90975908157733,18.9173080606063,44548300,MSFT
2010-09-17,19.038084030151367,19.27209800139884,18.93240123011713,19.17396273866405,70341600,MSFT
2010-09-20,19.19661331176757,19.26455267891254,18.95505175739458,19.08338151313279,49838700,MSFT
2010-09-21,18.98525047302246,19.18906861998964,18.932409051176325,19.18906861998964,52675700,MSFT
2010-09-22,18.577611923217773,18.84936795862547,18.38889177426943,18.78897756855482,94299400,MSFT
2010-09-23,18.44173049926757,18.562511261815214,18.38888909563052,18.5021208805414,46201800,MSFT
2010-09-24,18.705944061279297,18.72104058085171,18.554967346989905,18.60025978534846,51948800,MSFT
2010-09-27,18.668195724487305,18.8644648409864,18.56251290784179,18.75878202434088,43603300,MSFT
2010-09-28,18.630455017089844,18.79652824482728,18.381344455573384,18.721039890466407,56041200,MSFT
2010-09-29,18.49458122253418,18.615362045944643,18.4190928479474,18.59271510162231,44318900,MSFT
2010-09-30,18.487030029296875,18.743689608292488,18.388896161949525,18.57761635592743,61262700,MSFT
2010-10-01,18.40398597717285,18.73613380069601,18.34359559469776,18.698390351581683,62672300,MSFT
2010-10-04,18.0491943359375,18.109584724019708,17.95106049523657,18.08693778855622,98143400,MSFT
2010-10-05,18.38134002685547,18.45682836302852,18.0491922115862,18.162423995935647,78152900,MSFT
2010-10-06,18.44173049926757,18.524767813451675,18.21526548962557,18.35869318508348,50489700,MSFT
2010-10-07,18.517221450805664,18.68329466280636,18.32850130269651,18.5851608193106,50096100,MSFT
2010-10-08,18.54741477966309,18.607805165733385,18.396439534397523,18.58515967084476,41327800,MSFT
2010-10-11,18.562515258789062,18.675747068081577,18.49457588524944,18.675747068081577,27587800,MSFT
2010-10-12,18.743688583374023,18.81917694480159,18.44173657748449,18.60780982076855,50141500,MSFT
2010-10-13,19.12867546081543,19.27965216417561,18.78897859816529,18.887113887295577,75336500,MSFT
2010-10-14,19.045637130737305,19.128674457210828,18.872014938856736,19.090931003261304,51949100,MSFT
2010-10-15,19.279645919799805,19.28719345668479,19.045631961402925,19.14376721874873,68954800,MSFT
2010-10-18,19.491010665893555,19.589145918998128,19.211705738977507,19.31738852864088,48330500,MSFT
2010-10-19,18.94750022888184,19.15131830288681,18.83426844548582,19.07582996734939,66150900,MSFT
2010-10-20,19.10603141784668,19.17397080066923,18.94750715114124,19.068287956198937,56283600,MSFT
2010-10-21,19.18906021118164,19.279646494522744,18.90975382404836,19.173962257321435,50032400,MSFT
2010-10-22,19.158864974975582,19.27964717027049,19.075829105474323,19.264549215881107,25837900,MSFT
2010-10-25,19.01544189453125,19.13622267012057,19.00034393762748,19.053185346970256,50912400,MSFT
2010-10-26,19.551403045654297,19.604244445914468,18.91730336289187,18.96259722581788,69304200,MSFT
2010-10-27,19.66463661193848,19.70993047898422,19.34003920369914,19.468368947354804,64805500,MSFT
2010-10-28,19.838253021240234,19.91373989260704,19.566495676896466,19.785410195535786,80730300,MSFT
2010-10-29,20.132667541503903,20.53275481523764,19.9892398109472,20.495009917817125,114193200,MSFT
2010-11-01,20.34403419494629,20.54785087719971,20.155314031504563,20.29119133973332,61912100,MSFT
2010-11-02,20.676172256469727,20.69881918522904,20.39686733420491,20.42706179939732,54402100,MSFT
2010-11-03,20.40442276000977,20.75166713849159,20.35157990953516,20.729020202573903,110255300,MSFT
2010-11-04,20.487451553344727,20.706367538639785,20.389317744646224,20.691269586587715,93599300,MSFT
2010-11-05,20.268543243408203,20.52520274797376,20.02698169553954,20.51010479127687,110953700,MSFT
2010-11-08,20.23834609985352,21.79340098942181,20.06472392785385,20.140212266929453,71670800,MSFT
2010-11-09,20.34403419494629,20.464814984363347,20.16286157100012,20.238349924340927,58538600,MSFT
2010-11-10,20.33648681640625,20.4421696555098,20.23835151739236,20.389328235958025,52277300,MSFT
2010-11-11,20.14021682739257,20.170411305967736,19.8382648425378,20.14021682739257,62073100,MSFT
2010-11-12,19.83071517944336,20.01943534345065,19.702385410325576,19.98169044675684,64962200,MSFT
2010-11-15,19.777870178222656,20.004333758045988,19.75522324431219,19.876004012194013,51794600,MSFT
2010-11-16,19.603178024291992,19.77786843325573,19.481655143331924,19.77786843325573,65339200,MSFT
2010-11-17,19.42089462280273,19.67913111924207,19.405703899796404,19.671535757738905,58299700,MSFT
2010-11-18,19.625961303710938,19.80824559910761,19.45127236837247,19.527223071620984,59514000,MSFT
2010-11-19,19.51202964782715,19.618361768680032,19.443672870517013,19.595575693354487,52423200,MSFT
2010-11-22,19.542421340942383,19.55001670393467,19.32216160883548,19.48165988567144,53350500,MSFT
2010-11-23,19.0791130065918,19.44368168507432,19.056326920936456,19.420895599418984,69742500,MSFT
2010-11-24,19.26898765563965,19.33734299734948,19.10948799520532,19.13986943478015,56825900,MSFT
2010-11-26,19.177852630615234,19.299375541292083,19.11709117527681,19.147471178612346,21356500,MSFT
2010-11-29,19.22342109680176,19.3069686313064,18.93480458008957,19.132279648857786,56603600,MSFT
2010-11-30,19.18544578552246,19.34494404417857,18.98797071623357,19.025946078199155,75282100,MSFT
2010-12-01,19.777868270874023,19.93736650757446,19.413298182320027,19.42089354340105,74123500,MSFT
2010-12-02,20.423458099365234,20.491814900668206,19.899391220931783,19.92977121669588,91759200,MSFT
2010-12-03,20.522199630737305,20.552579631365287,20.339915280967684,20.362699919271865,52622000,MSFT
2010-12-06,20.3854923248291,20.491824532986104,20.324730856072573,20.45384915826365,36264200,MSFT
2010-12-07,20.40826416015625,20.60573770914473,20.393073441413545,20.56776236095464,57860500,MSFT
2010-12-08,20.681697845458984,20.689293207765136,20.35510450963073,20.377890596549182,41666800,MSFT
2010-12-09,20.567768096923828,20.76524314965112,20.514602015163995,20.71967242938084,47148300,MSFT
2010-12-10,20.765247344970703,20.810818074447887,20.59055834141869,20.651319796944065,37625800,MSFT
2010-12-13,20.69688415527344,20.848788471659645,20.63612271845234,20.712074876645445,47943900,MSFT
2010-12-14,20.977907180786133,21.07664397460505,20.70447998456918,20.74245534019177,64070500,MSFT
2010-12-15,21.152597427368164,21.25892958854404,20.90955165972785,20.90955165972785,69634200,MSFT
2010-12-16,21.258930206298828,21.258930206298828,21.00828907005309,21.08424123681452,57680200,MSFT
2010-12-17,21.190576553344727,21.334885546791817,21.07664901058852,21.205767278690168,87456500,MSFT
2010-12-20,21.12221336364746,21.25892695316409,21.023476576033712,21.22854696030865,52811000,MSFT
2010-12-21,21.31968688964844,21.37285295991022,21.08423652906049,21.152593319016148,38153000,MSFT
2010-12-22,21.41084098815918,21.570339282594148,21.25134124505669,21.274127336547764,42252300,MSFT
2010-12-23,21.4943790435791,21.509569765551085,21.236142564723355,21.243737925709347,24902500,MSFT
2010-12-27,21.31968688964844,21.41842511899184,21.17537794989019,21.357663688883115,21652800,MSFT
2010-12-28,21.27412414550781,21.39564705123052,21.2361473320524,21.24374269474348,23042200,MSFT
2010-12-29,21.243736267089844,21.357665224317635,21.17537947221992,21.22095163457778,19502500,MSFT
2010-12-30,21.152597427368164,21.26652494986618,21.09943134678023,21.205763507956103,20786100,MSFT
2010-12-31,21.19816970825196,21.205765070133623,20.98550392156658,21.11462217622071,24752000,MSFT
2011-01-03,21.251344680786133,21.403249084616824,21.205773939104027,21.304510787526542,53443800,MSFT
2011-01-04,21.334875106811523,21.39563652979308,21.15259083786688,21.22094761980445,54405600,MSFT
2011-01-05,21.26652717590332,21.27412253802049,21.09183819320996,21.1905750033988,58998700,MSFT
2011-01-06,21.889333724975582,21.912119812724224,21.16019630102666,21.296909930183904,88026300,MSFT
2011-01-07,21.722240447998047,21.828572628555875,21.45640854793617,21.75262045015716,73762000,MSFT
2011-01-10,21.433618545532227,21.570332151949337,21.29690638778216,21.463999990810272,57573600,MSFT
2011-01-11,21.35007095336914,21.45640310696297,21.30449878868584,21.41842775172716,50298900,MSFT
2011-01-12,21.684255599975582,21.71463703954501,21.319687017143096,21.35766381660488,52631100,MSFT
2011-01-13,21.41084098815918,21.56274391876379,21.274127336547764,21.51717318444916,67077600,MSFT
2011-01-14,21.4943790435791,21.555140482800045,21.198167208460383,21.32728544788825,62688400,MSFT
2011-01-18,21.76780891418457,21.828570360857785,21.372858786475124,21.388049510310218,53322700,MSFT
2011-01-19,21.623497009277344,21.78299669063009,21.471594137481404,21.6159016483875,50005900,MSFT
2011-01-20,21.53235244750977,21.684255297235826,21.36525742954432,21.646279946971,58613600,MSFT
2011-01-21,21.28171730041504,21.593119895107723,21.28171730041504,21.570333809398324,58080300,MSFT
2011-01-24,21.555139541625977,21.69185313607044,21.258927719440923,21.28171380140397,52047800,MSFT
2011-01-25,21.60830879211425,21.60830879211425,21.35766766516907,21.372856939024057,42436600,MSFT
2011-01-26,21.85894203186035,22.01844021478992,21.64627633928776,21.65387169780819,74628800,MSFT
2011-01-27,21.927305221557617,22.3754199159626,21.63868730805353,21.836162341328187,146938600,MSFT
2011-01-28,21.0766544342041,21.9728871788688,20.84879929005816,21.95010108498713,141249400,MSFT
2011-01-31,21.061452865600582,21.19057110047686,20.826002478002767,21.09183430847356,65029000,MSFT
2011-02-01,21.258930206298828,21.3120962884317,20.970313711005925,21.114621234318832,62810700,MSFT
2011-02-02,21.2209529876709,21.35007122525063,21.175380822407256,21.213357626793623,45824000,MSFT
2011-02-03,21.000696182250977,21.243741985583025,20.917150092772623,21.243741985583025,60340100,MSFT
2011-02-04,21.09183120727539,21.144997275818987,20.894356203637223,21.03866513873179,40412200,MSFT
2011-02-07,21.41842460632324,21.52475674430166,21.107022103386395,21.1146160143848,68980900,MSFT
2011-02-08,21.47920036315918,21.52477110288224,21.30450987166336,21.342486695322314,34904200,MSFT
2011-02-09,21.243736267089844,21.46399737248558,21.198165553398848,21.410831298401607,52905100,MSFT
2011-02-10,20.886764526367188,21.220953164415818,20.727266292616896,21.213357803475283,76672400,MSFT
2011-02-11,20.69688415527344,21.122214213021127,20.56017056025924,21.08423885825804,83939700,MSFT
2011-02-14,20.681697845458984,20.712079294683583,20.469033495555745,20.66650712084669,56766200,MSFT
2011-02-15,20.597654342651367,20.88033793507812,20.59001554524999,20.658776379698946,44116500,MSFT
2011-02-16,20.643505096435547,20.681704929432986,20.32262154467432,20.66642441334192,70817900,MSFT
2011-02-17,20.788650512695312,20.91089309531404,20.559448766897173,20.60528882461097,57207300,MSFT
2011-02-18,20.674057006835938,20.788657920572152,20.62057667757435,20.727537336097527,68667800,MSFT
2011-02-22,20.314979553222656,20.704623936916462,20.261499208697444,20.46014152924116,60889000,MSFT
2011-02-23,20.314979553222656,20.521262131159983,20.192738349385003,20.26913946609105,60234100,MSFT
2011-02-24,20.45248985290528,20.674051364698503,20.246207390138643,20.35316801947129,64494200,MSFT
2011-02-25,20.284408569335938,20.590012886188784,20.24620875834402,20.55945187161175,53006300,MSFT
2011-02-28,20.30733108520508,20.521253834043154,20.25385076230293,20.391372425325304,51379900,MSFT
2011-03-01,19.9864501953125,20.46013582094969,19.978809940050485,20.32261414069277,60055000,MSFT
2011-03-02,19.925329208374023,20.14689223481253,19.894769645172307,19.94824997369756,48658200,MSFT
2011-03-03,20.017013549804688,20.1698143011684,20.00173303749936,20.062853629490814,68271500,MSFT
2011-03-04,19.82600784301757,20.04756940145998,19.711405479198497,20.032288891986827,70437200,MSFT
2011-03-07,19.65028381347656,20.07048905740772,19.52040240458577,19.9635269542315,64980400,MSFT
2011-03-08,19.79544258117676,19.879483908036367,19.59680037229086,19.688481952249457,50549800,MSFT
2011-03-09,19.78015899658203,19.848919806542376,19.60443757434072,19.719038438531616,39789100,MSFT
2011-03-10,19.41343688964844,19.642638632686257,19.3675968324867,19.573879275558227,66549500,MSFT
2011-03-11,19.619728088378903,19.74960952265672,19.37524573143945,19.413445553250064,49905800,MSFT
2011-03-14,19.62736701965332,19.68084734947104,19.367604168627537,19.474564828262967,54473400,MSFT
2011-03-15,19.398162841796875,19.459283424100395,19.10020018522091,19.16132076752443,76067300,MSFT
2011-03-16,18.93976402282715,19.314127866856072,18.855722654312288,19.268286325540693,100725400,MSFT
2011-03-17,18.93211555480957,19.268277968610523,18.909194794092947,19.146036825913928,62497000,MSFT
2011-03-18,18.947389602661133,19.23771333284284,18.947389602661133,19.146031771409405,85486700,MSFT
2011-03-21,19.352325439453125,19.54332746765824,19.21480374598867,19.237724513976023,46878100,MSFT
2011-03-22,19.32939910888672,19.451640255181275,19.27591878953653,19.32939910888672,30895600,MSFT
2011-03-23,19.51276397705078,19.566244301036992,19.23772064543079,19.275920460498217,43969000,MSFT
2011-03-24,19.71904754638672,19.764889079019653,19.482205456702115,19.558606553860614,38696700,MSFT
2011-03-25,19.57388687133789,19.82600946940904,19.55096610524789,19.81072895868237,57029800,MSFT
2011-03-28,19.41343688964844,19.65027888508473,19.390516132453,19.604438827923,48973200,MSFT
2011-03-29,19.47456741333008,19.49748818225006,19.32940545796332,19.35996648318996,40763500,MSFT
2011-03-30,19.566246032714844,19.6502859247469,19.482204683453123,19.558605777579263,41999300,MSFT
2011-03-31,19.398162841796875,19.619725863415656,19.359963024318283,19.558605281112136,63233700,MSFT
2011-04-01,19.46692657470703,19.50512785509761,19.33704513583875,19.50512785509761,63114200,MSFT
2011-04-04,19.52041244506836,19.60445382852786,19.413451744105547,19.444012777083643,35433700,MSFT
2011-04-05,19.69613075256348,20.00173372299431,19.66556972690544,19.726690320991608,73651100,MSFT
2011-04-06,19.978805541992188,20.101046684815373,19.75724401708618,19.848924145588885,65581400,MSFT
2011-04-07,20.017013549804688,20.062853629490814,19.841290572753124,20.009373293652025,46134700,MSFT
2011-04-08,19.917688369750977,20.07813080785601,19.833647023256454,19.994089461361487,39887600,MSFT
2011-04-11,19.84893035888672,20.055212898434345,19.711408665854968,20.009372819833704,34286300,MSFT
2011-04-12,19.58916664123535,19.749609095273502,19.5204057976804,19.734328583988013,36920400,MSFT
2011-04-13,19.581514358520508,19.764877466864284,19.52803405909893,19.59679486042064,38144700,MSFT
2011-04-14,19.42108917236328,19.43636968662569,19.168966515953645,19.42108917236328,55239900,MSFT
2011-04-15,19.38288307189941,19.52804353873025,19.237721147839007,19.45164244937058,65080400,MSFT
2011-04-18,19.16132545471192,19.314127676463567,18.886282038450936,19.17660596833308,58045100,MSFT
2011-04-19,19.214805603027344,19.23008611649572,19.00088424339001,19.10020466647449,38892400,MSFT
2011-04-20,19.68084144592285,19.86420314625151,19.48983949259351,19.51276025159556,61608600,MSFT
2011-04-21,19.49748611450196,19.780168281719902,19.375244941019098,19.703768641215422,46892300,MSFT
2011-04-25,19.566246032714844,19.573886287850424,19.359963515743164,19.52804475703694,33525100,MSFT
2011-04-26,20.00937461853028,20.20037666330409,19.61209001566553,19.665570355045407,69200000,MSFT
2011-04-27,20.154529571533203,20.162169826087148,19.963527579373288,20.093408992331213,52689000,MSFT
2011-04-28,20.406652450561523,20.52889506803808,20.16981038473669,20.21565045552192,80200000,MSFT
2011-04-29,19.80309295654297,20.353178345780545,19.375248764913746,20.284417489972093,319317900,MSFT
2011-05-02,19.60445022583008,19.864213129486377,19.466928517161453,19.818373045673496,89825600,MSFT
2011-05-03,19.71904754638672,19.74960856814201,19.47456520126329,19.558606553860614,71892900,MSFT
2011-05-04,19.91004943847656,20.05521137646386,19.70376837181324,19.74960844693512,73292300,MSFT
2011-05-05,19.70376777648925,19.925329347242258,19.61972642694691,19.90240858175898,55600000,MSFT
2011-05-06,19.76488304138184,20.03228461390805,19.673201461351937,19.91768373179264,55993000,MSFT
2011-05-09,19.73432350158692,19.833643884904003,19.61208235724462,19.71140274056172,38696400,MSFT
2011-05-10,19.612085342407227,19.74960701503188,19.291201925359584,19.39052232379427,120798700,MSFT
2011-05-11,19.37524604797364,19.604447897041407,19.260643666209926,19.596807641108505,78600000,MSFT
2011-05-12,19.34467506408692,19.398155370851555,19.176593891793896,19.36759582008421,77400000,MSFT
2011-05-13,19.123123168945312,19.344684759042764,19.06200257954983,19.31412519295992,66812300,MSFT
2011-05-16,18.771671295166016,19.15367519277128,18.718190982657955,19.06963386898477,91350900,MSFT
2011-05-17,18.85625648498535,18.99467948084201,18.66400265002452,18.7639739988208,82882100,MSFT
2011-05-18,18.98700523376465,19.025455446612693,18.648637786931783,18.86396279251299,53931100,MSFT
2011-05-19,19.01007461547852,19.133117055699223,18.84089162687044,19.110047514896333,37783600,MSFT
2011-05-20,18.833192825317383,19.12541958956917,18.79474263007522,19.01006607028082,45451500,MSFT
2011-05-23,18.587108612060547,18.64862980635874,18.47944688873396,18.61786847581916,52692500,MSFT
2011-05-24,18.571727752685547,18.67939094166785,18.48713702814776,18.61017941545814,47691800,MSFT
2011-05-25,18.60249137878418,18.694772447265628,18.579420378273248,18.58711071177689,34904200,MSFT
2011-05-26,18.97161865234375,19.24846479231453,18.7024628459034,18.72553384649468,78016600,MSFT
2011-05-27,19.04083633422852,19.148498104848304,18.95624410486633,18.97931511290555,50251000,MSFT
2011-05-31,19.23307991027832,19.27153010272286,18.99468549020438,19.19462825105296,60196300,MSFT
2011-06-01,18.78705596923828,19.30229660679413,18.740915432574223,19.21770440059234,74033500,MSFT
2011-06-02,18.625560760498047,18.95623776455016,18.594800893515664,18.83319536305837,51487800,MSFT
2011-06-03,18.38716697692871,18.564040252324165,18.333336107615416,18.494828715555304,60697700,MSFT
2011-06-06,18.46406555175781,18.64862912793813,18.279501975577496,18.3717830302772,54778700,MSFT
2011-06-07,18.502519607543945,18.5871118143207,18.37947719774933,18.5255906094234,41112600,MSFT
2011-06-08,18.41023826599121,18.47175946999429,18.348717061988133,18.37947693059907,42205000,MSFT
2011-06-09,18.42561721801757,18.487139887970827,18.31795547916176,18.46406888673836,42878700,MSFT
2011-06-10,18.23336601257324,18.471761994094688,18.217986809556862,18.471761994094688,49327200,MSFT
2011-06-13,18.487138748168945,18.60249081365703,18.2256732841127,18.29488481676177,47572500,MSFT
2011-06-14,18.625560760498047,18.802435496075983,18.60249122695654,18.687081961243944,42894500,MSFT
2011-06-15,18.256437301635746,18.464071946795777,18.202606423286426,18.456381611777097,49410200,MSFT
2011-06-16,18.45637321472168,18.53327506313917,18.18721747865084,18.26411932706833,57184100,MSFT
2011-06-17,18.656326293945312,18.687086167851984,18.441001309472792,18.625564953257182,83320400,MSFT
2011-06-20,18.81781959533692,18.96393303519152,18.57942506372894,18.58711539917197,54338400,MSFT
2011-06-21,19.04083633422852,19.11773822757763,18.76399010488436,18.856272670259614,49708700,MSFT
2011-06-22,18.95623207092285,19.079274435458068,18.910091550917315,18.917781882048352,44287300,MSFT
2011-06-23,18.940858840942383,18.95623950923974,18.610183273236764,18.79474689246128,59470400,MSFT
2011-06-24,18.68707847595215,18.871643510548083,18.6024877574416,18.84857251452837,101387200,MSFT
2011-06-27,19.379199981689453,19.579142811663708,18.6332536694126,18.6332536694126,92044200,MSFT
2011-06-28,19.840606689453125,19.932889229144603,19.34843705584846,19.45609879650418,81032100,MSFT
2011-06-29,19.70218849182129,19.771398575098168,19.50224417685069,19.771398575098168,66051000,MSFT
2011-06-30,19.99441337585449,19.99441337585449,19.732947852827728,19.794469066082176,52535400,MSFT
2011-07-01,20.0097885131836,20.12514057279332,19.87136545493952,19.94057698406156,52906200,MSFT
2011-07-05,20.017486572265625,20.109767668858986,19.917513673044304,20.07131745640868,37805300,MSFT
2011-07-06,20.248188018798828,20.27894935798868,19.96365149841829,19.97134183321575,48744200,MSFT
2011-07-07,20.58655548095703,20.671146230433333,20.27125908717287,20.37123050629264,51946500,MSFT
2011-07-08,20.701902389526367,20.74804292012973,20.386606074638145,20.40967707333034,58320700,MSFT
2011-07-11,20.478891372680664,20.609624125421423,20.371229623405213,20.471202504973554,43999800,MSFT
2011-07-12,20.40967559814453,20.60192950634056,20.255871884875347,20.41736446370517,47319300,MSFT
2011-07-13,20.478891372680664,20.732666543673748,20.386610292382084,20.45582183599668,40861800,MSFT
2011-07-14,20.35585021972656,20.77111950722685,20.271259468658343,20.47120377744203,46382300,MSFT
2011-07-15,20.594247817993164,20.709599917971165,20.355851815686226,20.355851815686226,49132400,MSFT
2011-07-18,20.448129653930664,20.68652413440689,20.19435450586727,20.4788895223238,44501900,MSFT
2011-07-19,21.178695678710938,21.25559608471463,20.59424349903929,20.61731303412791,86730600,MSFT
2011-07-20,20.80956649780273,21.032581777004246,20.74804529436459,20.97875090734352,49795400,MSFT
2011-07-21,20.84033203125,21.00182467276528,20.49427427545799,20.79419148607156,81737400,MSFT
2011-07-22,21.17100715637207,21.186386358820084,20.51734338193766,20.655766471439225,76380600,MSFT
2011-07-25,21.463228225708008,21.601651287399392,20.90953744572352,20.96336831042993,108482400,MSFT
2011-07-26,21.593969345092773,21.647800230716243,21.36326513048316,21.394025007933017,74636500,MSFT
2011-07-27,21.01720428466797,21.5247546564072,20.917232864020537,21.44016243885685,71488700,MSFT
2011-07-28,21.31711769104004,21.586273517465496,20.92491945255401,20.98644212536555,83761400,MSFT
2011-07-29,21.071033477783203,21.30942797471412,20.96337173080433,21.16331602289459,104394800,MSFT
2011-08-01,20.971071243286133,21.29405809236183,20.57118248409109,21.1556349475034,61838400,MSFT
2011-08-02,20.60962677001953,21.10948830844011,20.57886689490005,20.748049875010985,63883100,MSFT
2011-08-03,20.701902389526367,20.76342358592453,20.363535075945947,20.6326908602308,64581200,MSFT
2011-08-04,19.94827079772949,20.6634557455964,19.94058046350948,20.40199024924116,92949500,MSFT
2011-08-05,19.74833297729492,20.07131978642944,19.40227515794303,19.97134687560256,112071700,MSFT
2011-08-08,18.82550811767578,19.686806536183266,18.756296572135835,19.24077739091547,134257200,MSFT
2011-08-09,19.671424865722656,19.70218620296672,18.479450916359703,19.00238044847717,126268900,MSFT
2011-08-10,18.610179901123047,19.294603381745915,18.533278040351927,19.18694165673495,127819900,MSFT
2011-08-11,19.371505737304688,19.51761766304272,18.76398263515457,18.84088449788992,90690100,MSFT
2011-08-12,19.30229377746582,19.48685736384996,18.95623613625743,19.325363309025715,64787100,MSFT
2011-08-15,19.617595672607425,19.67142655061395,19.34074948082366,19.4099610287696,56529400,MSFT
2011-08-16,19.61759757995605,19.803326134521257,19.385435779720044,19.516993690375312,54251500,MSFT
2011-08-17,19.540203094482425,19.888444928165946,19.292565113213605,19.540203094482425,50923700,MSFT
2011-08-18,19.09136390686035,19.41638921179101,18.59608781402856,19.01397664834559,105714200,MSFT
2011-08-19,18.611557006835938,19.05266376980332,18.50321577174147,18.890150441122994,77397900,MSFT
2011-08-22,18.55739021301269,18.95206383422843,18.41035607109935,18.897893205519413,54721000,MSFT
2011-08-23,19.13005828857422,19.153274910749275,18.59608926290163,18.59608926290163,59670600,MSFT
2011-08-24,19.269359588623047,19.2925762162429,18.89790240294329,19.075892119909884,45329700,MSFT
2011-08-25,19.013978958129883,19.470562215188803,18.95980831340075,19.408652696064173,48192000,MSFT
2011-08-26,19.540203094482425,19.60985146121913,18.89789152705188,18.967539893788583,71957000,MSFT
2011-08-29,19.99679183959961,20.01226958682233,19.633073636100946,19.756892661804287,38863200,MSFT
2011-08-30,20.29860115051269,20.45337567539094,19.888451168852093,19.911666314356346,57341400,MSFT
2011-08-31,20.58492851257324,20.67005315187093,20.321812770659143,20.34502938648882,59300800,MSFT
2011-09-01,20.283117294311523,20.786133610656755,20.283117294311523,20.47658465412467,60510800,MSFT
2011-09-02,19.9658317565918,20.1206062411702,19.857490503010244,19.95035548896506,43894400,MSFT
2011-09-06,19.74140930175781,19.803318797007545,19.431861825509152,19.50151019216996,54929300,MSFT
2011-09-07,20.1206111907959,20.1206111907959,19.787847000320305,19.880712009119705,41961000,MSFT
2011-09-08,20.29086303710937,20.631366118979056,20.08191933954416,20.1206122341942,65811900,MSFT
2011-09-09,19.91939926147461,20.25990222927145,19.733670772505103,20.12060549353461,64529200,MSFT
2011-09-12,20.03548240661621,20.06643789746945,19.55568410670336,19.68724199075153,55046100,MSFT
2011-09-13,20.15156364440918,20.26764378085985,19.97357252740987,20.058698649625235,48792300,MSFT
2011-09-14,20.50754737854004,20.739707701843624,20.03548638164483,20.25217043249036,66739200,MSFT
2011-09-15,20.8867416381836,20.91769713262582,20.36051004097954,20.6855353524268,67808300,MSFT
2011-09-16,20.987340927124023,21.103421053805995,20.762918069638506,20.9331688237028,89681500,MSFT
2011-09-19,21.05698776245117,21.13437500536549,20.58492838514772,20.739701394937462,52324900,MSFT
2011-09-20,20.87900161743164,21.281414166835745,20.84030872754396,21.134378528392105,49211900,MSFT
2011-09-21,20.11287307739257,20.940913409996337,20.09739532933436,20.93317453596723,72750700,MSFT
2011-09-22,19.393177032470703,19.84976033862248,19.03719762823821,19.578905609814548,96278300,MSFT
2011-09-23,19.393177032470703,19.462825433479587,19.10684602924709,19.26935798090814,64768100,MSFT
2011-09-26,19.687238693237305,19.749148188535205,19.13779063093447,19.49377133592651,51057600,MSFT
2011-09-27,19.86523628234864,20.05870371732436,19.69498547094418,19.85749740782488,55620700,MSFT
2011-09-28,19.795583724975582,20.40694139943891,19.741413090739915,20.06643837219302,60736200,MSFT
2011-09-29,19.69498062133789,20.252166165494845,19.4163871112399,20.10513053782768,63407300,MSFT
2011-09-30,19.26161003112793,19.733670865337047,19.253871159546275,19.50151062204273,54060500,MSFT
2011-10-03,18.98301887512207,19.60985274060965,18.975280003197668,19.13005301356901,64592500,MSFT
2011-10-04,19.60985374450684,19.64854663007077,18.77407472239064,18.80502873563399,83485400,MSFT
2011-10-05,20.03548240661621,20.24442754175844,19.470557982896,19.67176424532492,94061300,MSFT
2011-10-06,20.38372802734375,20.430159796078392,19.888451891402724,20.04322494586464,55111400,MSFT
2011-10-07,20.3140811920166,20.51528750666226,20.27538829444758,20.383729588472384,52741600,MSFT
2011-10-10,20.84804916381836,20.87126430907588,20.48432947703194,20.569455612414167,41815300,MSFT
2011-10-11,20.89447593688965,20.94864656426351,20.67779195135531,20.786134682141924,38826200,MSFT
2011-10-12,20.863525390625,21.13438006768349,20.817093624170163,21.033777661024804,52489800,MSFT
2011-10-13,21.03377723693848,21.04925498412444,20.60041064800604,20.708751926229347,43823500,MSFT
2011-10-14,21.10342025756836,21.28140987683438,20.90995289505168,21.134374268030832,50947700,MSFT
2011-10-17,20.87900161743164,21.21950465739197,20.778399218100184,20.97960549280224,39453300,MSFT
2011-10-18,21.13437843322754,21.204026815543063,20.739704758785948,20.84804750685405,52487900,MSFT
2011-10-19,20.995080947875977,21.258196721804783,20.902217425335856,21.180810945034374,42880000,MSFT
2011-10-20,20.925434112548828,21.15759439569884,20.43015657856888,21.09568488845624,76300200,MSFT
2011-10-21,21.018299102783203,21.0415157231347,20.739705562721948,21.010560229332704,76620600,MSFT
2011-10-24,21.041507720947266,21.20401957348616,20.92542761541397,20.94090388039008,56897800,MSFT
2011-10-25,20.7474422454834,21.07246751588957,20.677793867822142,20.95638737846716,53554600,MSFT
2011-10-26,20.57719612121582,20.94091436086355,20.19800013280708,20.917699213761388,63029900,MSFT
2011-10-27,21.087947845458984,21.20402799710688,20.6236257628282,20.995082838517146,74512400,MSFT
2011-10-28,20.87900161743164,21.04151500224601,20.73196745502713,21.00282063631919,57712100,MSFT
2011-10-31,20.608142852783203,20.894475199417496,20.60040545717908,20.70874670810289,46799000,MSFT
2011-11-01,20.11287307739257,20.368250016195976,20.01227066709276,20.267647605896155,61182600,MSFT
2011-11-02,20.12835121154785,20.275386868842723,19.888452016200983,20.19799960310651,53533100,MSFT
2011-11-03,20.530759811401367,20.5771915713785,20.105130670820728,20.306336932107005,65836100,MSFT
2011-11-04,20.3140811920166,20.430161360763098,20.12061375209264,20.41468361131972,36549200,MSFT
2011-11-07,20.73970603942871,20.75518378668547,20.22121331464104,20.28312282762885,42589700,MSFT
2011-11-08,21.018299102783203,21.0492545965852,20.65458090684482,20.902218953104075,47822500,MSFT
2011-11-09,20.27537727355957,20.701004819622337,20.16703456238612,20.57718584345722,62950900,MSFT
2011-11-10,20.337297439575195,20.507548252181383,20.213478398399893,20.48433162844624,32514400,MSFT
2011-11-11,20.82483291625977,20.95639082055732,20.56171710766468,20.56945598156915,37903000,MSFT
2011-11-14,20.70875358581543,20.894482138813498,20.6236274455099,20.8016171242948,34199200,MSFT
2011-11-15,20.84908866882324,21.005028596872936,20.58399168343079,20.708743031009195,43874200,MSFT
2011-11-16,20.32670211791992,20.66976924075117,20.30331215789664,20.63858064451464,53262800,MSFT
2011-11-17,19.91345977783203,20.30330823249136,19.8354897894694,20.279916789836413,70977500,MSFT
2011-11-18,19.7263298034668,19.88226976906606,19.60937557284421,19.86667547507539,47626200,MSFT
2011-11-21,19.492420196533203,19.68734439849853,19.414450218316343,19.679547251961484,61882500,MSFT
2011-11-22,19.328691482543945,19.46123855954237,19.21953287920088,19.40666000144792,49204500,MSFT
2011-11-23,19.079179763793945,19.328683983813512,19.079179763793945,19.188338324788003,49099700,MSFT
2011-11-25,18.94663429260254,19.235122803261408,18.94663429260254,19.00900998583232,26164600,MSFT
2011-11-28,19.39106178283692,19.46903027999967,19.25071610849794,19.445640325712347,46766700,MSFT
2011-11-29,19.367673873901367,19.52361387097657,19.297501023932924,19.35207957676304,40917100,MSFT
2011-11-30,19.94465065002441,19.952447799049565,19.60158352868832,19.780914981958578,81350900,MSFT
2011-12-01,19.710737228393555,19.98362994067041,19.64836153885117,19.929051398215044,48545400,MSFT
2011-12-02,19.663951873779297,19.9758317694364,19.61717048429216,19.952440331116044,52293800,MSFT
2011-12-05,20.0382137298584,20.11618224104956,19.88227373316802,20.100589431103742,56818400,MSFT
2011-12-06,20.00702476501465,20.170761907221603,19.96804051014128,20.123979016788763,46175300,MSFT
2011-12-07,19.960241317749023,20.084992705153702,19.757519941427955,20.01481986384434,62667000,MSFT
2011-12-08,19.80430030822754,20.05380307003926,19.7809103537788,19.866675998680467,60522200,MSFT
2011-12-09,20.0382137298584,20.17076228089901,19.88227373316802,19.897868030267865,53788500,MSFT
2011-12-12,19.890066146850582,19.93684753985969,19.718533381048083,19.812096167066294,38945900,MSFT
2011-12-13,20.084985733032227,20.35008271103225,19.99921862628124,20.07718858813184,54581100,MSFT
2011-12-14,19.95244598388672,20.16296452695165,19.9368516872551,20.05380593768429,47926400,MSFT
2011-12-15,19.92904663085937,20.17854932934378,19.91345382756914,20.05379798010157,46213900,MSFT
2011-12-16,20.272117614746094,20.404666135559427,19.98362913280401,20.01481771989124,101408100,MSFT
2011-12-19,19.905670166015625,20.365691635637315,19.851090112491605,20.2877216177574,52258300,MSFT
2011-12-20,20.29551124572754,20.35008979186762,20.12397697254003,20.16296271060712,60767600,MSFT
2011-12-21,20.084985733032227,20.42025552798245,19.835483044832984,20.27990989408205,64132500,MSFT
2011-12-22,20.123979568481445,20.1629653115776,19.866679612663,20.13177671710068,35794100,MSFT
2011-12-23,20.29551124572754,20.30330839334096,20.061601278786533,20.201946961520367,23205800,MSFT
2011-12-27,20.30331039428711,20.381278903797607,20.21754324924077,20.240933207232324,21287200,MSFT
2011-12-28,20.131771087646484,20.38907097151608,20.08498969616664,20.357883872914048,29822500,MSFT
2011-12-29,20.2877140045166,20.3111039600951,20.162962617585144,20.23313545862832,22616900,MSFT
2011-12-30,20.24093246459961,20.36568534697805,20.20194821127468,20.272121056982705,27395700,MSFT
2012-01-03,20.87248992919922,21.020631294710284,20.57620422386895,20.700955630169883,64731500,MSFT
2012-01-04,21.36369514465332,21.41827369068483,20.88028389081377,20.91147099405156,80516100,MSFT
2012-01-05,21.582015991210938,21.6210002513949,21.27793459774429,21.34810596864457,56081400,MSFT
2012-01-06,21.917282104492188,21.97965780204225,21.465057925465725,21.465057925465725,99455500,MSFT
2012-01-09,21.62879180908203,21.90948316873169,21.613197514178424,21.870497431472675,59706800,MSFT
2012-01-10,21.706762313842773,21.948467941994647,21.636589472257736,21.776935155427807,60014400,MSFT
2012-01-11,21.61320304870605,21.815924472902697,21.340310253781915,21.387091663318312,65582400,MSFT
2012-01-12,21.831512451171875,21.8471067455539,21.55861824810147,21.73015251199623,49370800,MSFT
2012-01-13,22.02642822265625,22.02642822265625,21.667768512333257,21.7769255568397,60196100,MSFT
2012-01-17,22.03423118591309,22.33831245428817,21.96405835672597,22.143388259247,72395300,MSFT
2012-01-18,22.01083946228028,22.143387972679044,21.80811812360253,22.07321514440008,64860600,MSFT
2012-01-19,21.925073623657227,22.17457634980153,21.854900796034947,21.956260720848487,74053500,MSFT
2012-01-20,23.164798736572266,23.188190183543576,22.41629027933959,22.470868835118544,165902900,MSFT
2012-01-23,23.18038749694824,23.35192175945152,22.88410334186203,23.040041822956024,76078100,MSFT
2012-01-24,22.876304626464844,23.055634536648284,22.751553255280392,22.977664557869588,51703300,MSFT
2012-01-25,23.047840118408203,23.11801295890057,22.665788813035217,22.665788813035217,59231700,MSFT
2012-01-26,23.001049041748047,23.1569889521466,22.923079086548768,23.08681614118257,49102800,MSFT
2012-01-27,22.790542602539062,23.02445259123367,22.743761199661733,22.96207689167924,44187700,MSFT
2012-01-30,23.086822509765625,23.094619656151743,22.478658476030866,22.587815551129303,51114800,MSFT
2012-01-31,23.02444648742676,23.156994999735414,22.790536560741938,23.125806414649333,50572400,MSFT
2012-02-01,23.305139541625977,23.42989092492207,23.20377960038057,23.227171042431262,67409900,MSFT
2012-02-02,23.351926803588867,23.52345961599036,23.164798206409323,23.31294105952893,52223300,MSFT
2012-02-03,23.578025817871094,23.70277715919687,23.46107162127234,23.50005585775416,41838500,MSFT
2012-02-06,23.546846389770508,23.56243919714616,23.36751497698963,23.422095007842632,28039700,MSFT
2012-02-07,23.66379737854004,23.77295445096573,23.42988745414468,23.50785742894313,39242400,MSFT
2012-02-08,23.90550422668457,23.91330137329228,23.56243721171374,23.593625798144565,49659100,MSFT
2012-02-09,23.99127578735352,24.01466574434696,23.76516295539072,23.92110294206533,50481600,MSFT
2012-02-10,23.78075218200684,24.014660625001195,23.67159510689661,23.88990925711705,44605300,MSFT
2012-02-13,23.843135833740234,23.991278690290965,23.726181573159806,23.882120091549005,33319800,MSFT
2012-02-14,23.741106033325195,23.90591960461004,23.427174352108107,23.80389236956861,59644000,MSFT
2012-02-15,23.58413314819336,23.85097538022741,23.56843769103084,23.803886014851976,43311300,MSFT
2012-02-16,24.55732727050781,24.761381718729485,23.7803443844384,23.788192862746023,94705100,MSFT
2012-02-17,24.52593421936035,24.580872072500643,24.290485849632184,24.486693323387065,70036500,MSFT
2012-02-21,24.67505073547364,24.808471868944785,24.44744936198703,24.470994796226925,50829900,MSFT
2012-02-22,24.5416259765625,24.86340604558509,24.47099118122155,24.6828955672444,49253200,MSFT
2012-02-23,24.620115280151367,24.792777323869505,24.32972755072912,24.486694133705083,35034700,MSFT
2012-02-24,24.706439971923828,24.722136926064064,24.5180810130728,24.706439971923828,35575400,MSFT
2012-02-27,24.604412078857425,24.72213623774361,24.40820464839914,24.51808033043373,34568400,MSFT
2012-02-28,25.012527465820312,25.059616836711413,24.627959529886624,24.651504963804232,45230600,MSFT
2012-02-29,24.91050148010254,25.114557438927136,24.80847424916238,25.028225668708657,59323600,MSFT
2012-03-01,25.342159271240234,25.42064106703477,24.996833681355938,25.059620016158146,77344100,MSFT
2012-03-02,25.177339553833008,25.45987574601321,25.11455173742328,25.3578500351792,47314200,MSFT
2012-03-05,24.957595825195312,25.153803344251703,24.816327668908148,25.12240942266929,45240000,MSFT
2012-03-06,24.76922607421875,25.098854623551908,24.71428823215388,24.753530617160163,51932900,MSFT
2012-03-07,24.98897933959961,25.051765659671208,24.74568253644016,24.855558222329467,34340400,MSFT
2012-03-08,25.12240219116211,25.27936876000208,25.03607192554985,25.14594912251549,36747400,MSFT
2012-03-09,25.10670280456543,25.240123918126017,25.05176496314823,25.19303305667364,34628400,MSFT
2012-03-12,25.14595031738281,25.271522979644,24.973286784065515,25.09101096781736,34073600,MSFT
2012-03-13,25.6403865814209,25.656083535740088,25.232277744673627,25.302912542166023,48951700,MSFT
2012-03-14,25.718881607055664,25.805213393287467,25.49913014674861,25.53052107401454,41986900,MSFT
2012-03-15,25.78166007995605,25.852294888143128,25.5697586492832,25.734572203756915,49068300,MSFT
2012-03-16,25.58545684814453,25.86014914496849,25.50697504555989,25.82875522637909,65626400,MSFT
2012-03-19,25.271528244018555,25.593308445211708,25.232287340241644,25.538370581146225,44789200,MSFT
2012-03-20,25.10670280456543,25.2322769381612,24.91049537267892,25.19303305667364,41566800,MSFT
2012-03-21,25.043926239013672,25.232286764287988,24.973291416271923,25.08316714189487,37928600,MSFT
2012-03-22,25.11455345153809,25.18518825287606,24.949739913045505,24.965435371275248,31749500,MSFT
2012-03-23,25.12240219116211,25.20088697252624,24.894802312982712,25.19303699744568,35912200,MSFT
2012-03-26,25.577606201171875,25.59330315821781,25.23228212782648,25.26367304802993,36758300,MSFT
2012-03-27,25.522668838500977,25.663938460738446,25.42849008830549,25.62469756431437,36274900,MSFT
2012-03-28,25.263675689697266,25.66394065150092,25.14595299037581,25.522671017204186,41344800,MSFT
2012-03-29,25.20873260498047,25.263670452051887,24.96543578354531,25.161644732569613,37038500,MSFT
2012-03-30,25.318613052368164,25.436338743273044,25.14595249796667,25.42849176102744,31749400,MSFT
2012-04-02,25.342159271240234,25.475578922868664,25.07531697409477,25.28722141540634,35853600,MSFT
2012-04-03,25.067466735839844,25.26367270850034,24.84771383098268,25.24012877019206,42752100,MSFT
2012-04-04,24.494537353515625,24.871256795409167,24.36896470519913,24.847711362495804,49455900,MSFT
2012-04-05,24.73783302307129,24.824163273963485,24.368962098276302,24.44744536931421,50368600,MSFT
2012-04-09,24.40821075439453,24.64365913106704,24.30618202674398,24.502389506285827,31056400,MSFT
2012-04-10,23.91376495361328,24.47884340278354,23.780343819441875,24.376814684152627,54131300,MSFT
2012-04-11,23.8195915222168,23.960861166014865,23.72541126070326,23.88237786424433,43014000,MSFT
2012-04-12,24.31402969360352,24.361120564920856,23.874525373251213,23.92161474762433,38304000,MSFT
2012-04-13,24.18060302734375,24.45529372615709,24.10996823345049,24.243389344477325,39749200,MSFT
2012-04-16,24.39251518249512,24.47884695742017,24.14921831318601,24.32188036609177,38124800,MSFT
2012-04-17,24.67505073547364,24.808471868944785,24.486691752386857,24.541629602002484,34361500,MSFT
2012-04-18,24.439603805541992,24.573024954962985,24.361122009248486,24.549481014852656,40552900,MSFT
2012-04-19,24.33757972717285,24.86341591400489,24.28264186386785,24.43175849371156,54781200,MSFT
2012-04-20,25.444175720214844,25.813046612371185,25.15378958909576,25.23227435013301,106045000,MSFT
2012-04-23,25.20873260498047,25.506968770431108,25.138097802476057,25.35785218464985,61398200,MSFT
2012-04-24,25.051767349243164,25.52266553001102,24.981132547280783,25.2793672134988,40871100,MSFT
2012-04-25,25.271528244018555,25.365707011860952,25.01253438703517,25.051775290812085,62495500,MSFT
2012-04-26,25.20088768005371,25.295066426446493,25.05176958516359,25.208734661466288,40308100,MSFT
2012-04-27,25.09886360168457,25.287224123205466,25.02038030054161,25.20873932511804,41419100,MSFT
2012-04-30,25.13025283813477,25.200887646306857,25.051769551616424,25.09885892474976,35697200,MSFT
2012-05-01,25.12240219116211,25.3813974788313,25.07531431623192,25.15379610370776,43832300,MSFT
2012-05-02,24.957595825195312,25.059624573393595,24.832023132754784,24.99683822717333,37385300,MSFT
2012-05-03,24.926204681396484,25.036080418691792,24.80848046330228,25.020383457093992,31501300,MSFT
2012-05-04,24.31402969360352,24.777079449614487,24.2669403192304,24.68290070086825,57927200,MSFT
2012-05-07,24.05504035949707,24.219855445848378,23.992254016350028,24.09428275955429,48641400,MSFT
2012-05-08,23.93730735778809,24.157060226529897,23.67831360035208,23.921610403532824,46328300,MSFT
2012-05-09,24.141366958618164,24.19630480995654,23.62337936465036,23.69401417264089,50309300,MSFT
2012-05-10,24.12567138671875,24.3454243016297,23.898071489975504,24.21985163509323,43839200,MSFT
2012-05-11,24.45529556274414,24.753531714234,24.08642610900037,24.08642610900037,43459300,MSFT
2012-05-14,24.07858085632324,24.36112009095335,24.04718694272248,24.188456560037533,40528900,MSFT
2012-05-15,23.865278244018555,24.33136623581729,23.817879899344543,24.20496964550911,61822800,MSFT
2012-05-16,23.62039566040039,23.952187235852893,23.49399901325343,23.944287257060346,60083700,MSFT
2012-05-17,23.478195190429688,23.865285046936133,23.47029521293772,23.691490062412825,48484000,MSFT
2012-05-18,23.122705459594727,23.54929370077385,23.04370719070477,23.533495252409185,56205300,MSFT
2012-05-21,23.501895904541016,23.53349581555984,22.956809493599845,22.988409404618668,38787900,MSFT
2012-05-22,23.50978660583496,23.604583287953297,23.3043917855571,23.454488290138247,39504900,MSFT
2012-05-23,22.996309280395508,23.225402607199293,22.62501786140429,23.185904225367608,65171000,MSFT
2012-05-24,22.96470832824707,23.14640328726105,22.719815057107933,23.03580661773369,52575000,MSFT
2012-05-25,22.956811904907227,23.19380674214148,22.91731351875161,23.06741009832329,29507200,MSFT
2012-05-29,23.351795196533203,23.47819180464373,23.083202027606724,23.209598635717253,37758800,MSFT
2012-05-30,23.17800521850586,23.288601897680483,23.00421022169335,23.18590519655644,41585500,MSFT
2012-05-31,23.059513092041016,23.24120810260376,22.86201812227272,23.14640985413748,39134000,MSFT
2012-06-01,22.47491836547852,22.87780660223108,22.46701838931936,22.719811599347,56634300,MSFT
2012-06-04,22.553916931152344,22.735613383923173,22.37222198514802,22.60921676872308,47926300,MSFT
2012-06-05,22.52231788635254,22.711912803728207,22.42751967428148,22.52231788635254,45715400,MSFT
2012-06-06,23.185911178588867,23.201711138766463,22.759321294396617,22.814619648251064,46860500,MSFT
2012-06-07,23.091102600097656,23.462393964428507,23.04370424752414,23.414994105088528,37792800,MSFT
2012-06-08,23.422897338867188,23.44659727183292,22.94890922691917,23.07530585586976,42551100,MSFT
2012-06-11,22.83041000366211,23.54929131487041,22.76721169630643,23.48609300751473,46361900,MSFT
2012-06-12,23.13850784301757,23.146406314645496,22.78301634908872,22.9884112670513,35337900,MSFT
2012-06-13,23.01210594177246,23.25700071176188,22.948907631690226,23.0832042289608,32984600,MSFT
2012-06-14,23.17800521850586,23.27280194157932,22.81461376201293,23.17010524045528,39458900,MSFT
2012-06-15,23.71518898010254,23.76258733625949,23.2964992315442,23.375497496316832,62314400,MSFT
2012-06-18,23.57298851013184,23.7230850377242,23.470290330865254,23.69148513432946,58679900,MSFT
2012-06-19,24.252376556396484,24.57626810168619,23.738888563690058,23.849486742477588,75725800,MSFT
2012-06-20,24.43407440185547,24.52887112997981,24.204979546482463,24.43407440185547,36257100,MSFT
2012-06-21,23.80998420715332,24.59996379206768,23.74678590063083,24.45776722570045,48456600,MSFT
2012-06-22,24.252376556396484,24.276074982248588,23.723090115377538,23.93638348187972,45098100,MSFT
2012-06-25,23.59669685363769,23.95218685301906,23.39920190728132,23.936386895686503,42217200,MSFT
2012-06-26,23.71518898010254,23.91268388865083,23.65199066963775,23.69938902579469,38421300,MSFT
2012-06-27,23.83369255065918,24.094385845437493,23.723095851894747,23.84949250955896,33781700,MSFT
2012-06-28,23.628293991088867,23.73889067293648,23.24120409785545,23.68359233201267,45328400,MSFT
2012-06-29,24.165477752685547,24.244476019492105,23.80998630543935,24.054881083216337,55227200,MSFT
2012-07-02,24.14178276062012,24.189182634463208,23.86528952360312,24.189182634463208,30589100,MSFT
2012-07-03,24.29977035522461,24.29977035522461,23.833682315213096,23.88108066479006,20938100,MSFT
2012-07-05,24.252376556396484,24.31557486994651,23.99958179542974,24.16547831022771,28801900,MSFT
2012-07-06,23.849485397338867,24.252375188534312,23.65989046738217,24.18127690145473,38294800,MSFT
2012-07-09,23.69938468933105,23.881079610325347,23.52558974404516,23.79418289106555,30680800,MSFT
2012-07-10,23.49399948120117,23.873189430194675,23.31230448565432,23.76259273842997,37534100,MSFT
2012-07-11,23.146408081054688,23.49399962311513,22.99631300040078,23.470299686122285,39184900,MSFT
2012-07-12,22.617116928100582,23.0516066437251,22.54602014516077,23.02790671156741,63523600,MSFT
2012-07-13,23.217504501342773,23.2886027997853,22.68821800558553,22.71981791901189,39085000,MSFT
2012-07-16,23.256994247436523,23.328092514862963,22.94100278485576,23.288592640311528,27900600,MSFT
2012-07-17,23.430797576904297,23.588794118231643,23.067407641324763,23.414997621418223,33771300,MSFT
2012-07-18,24.054887771606445,24.054887771606445,23.2728063702094,23.383404577196725,41090400,MSFT
2012-07-19,24.228679656982425,24.331376364320388,23.99958479995389,24.10228301405869,46663200,MSFT
2012-07-20,23.794189453125,24.52886931542361,23.738889607915382,24.48937093275488,64021700,MSFT
2012-07-23,23.13060760498047,23.3676009270949,22.9173127110174,23.35970094878885,55151900,MSFT
2012-07-24,23.02790641784668,23.19380292730123,22.83041150601821,23.09900470664626,47723300,MSFT
2012-07-25,22.775115966796875,23.17010583892777,22.73561758229049,23.099007541402862,45579500,MSFT
2012-07-26,23.035808563232425,23.30440178914012,22.980510223798497,23.091106902666347,45301400,MSFT
2012-07-27,23.50978660583496,23.58088487080676,23.05159862422008,23.288591836282013,44242600,MSFT
2012-07-30,23.414995193481445,23.55719176457814,23.27279862238475,23.501893432877544,28905000,MSFT
2012-07-31,23.28069877624512,23.47029370355948,23.170102112003374,23.28859875322903,37620900,MSFT
2012-08-01,23.23330307006836,23.422898018999515,23.07530652590904,23.3754996584584,31721800,MSFT
2012-08-02,23.059513092041016,23.328106371467264,22.88571655431401,23.07531154447953,39520500,MSFT
2012-08-03,23.501895904541016,23.651992468347043,23.28860102546404,23.32810091423756,35859400,MSFT
2012-08-06,23.659893035888672,23.78628966958136,23.54929485133253,23.699391418880115,27471800,MSFT
2012-08-07,23.904783248901367,23.97588153454937,23.596691682271057,23.75468670067042,28002900,MSFT
2012-08-08,23.96008682250977,24.07068351026159,23.78629181221877,23.865288585317582,26257600,MSFT
2012-08-09,24.094377517700195,24.21287415495853,23.936380996844743,24.00747928055305,24920800,MSFT
2012-08-10,24.03118133544922,24.189177870274072,23.89688473287808,24.09437964802584,27810300,MSFT
2012-08-13,24.00748443603516,24.06278277817965,23.82578945276988,23.97588602913837,23049100,MSFT
2012-08-14,23.95977783203125,24.16653348731841,23.864353078359706,24.0949641636902,34551400,MSFT
2012-08-15,24.015430450439453,24.07904742246817,23.87229188418777,23.94386116731361,24351000,MSFT
2012-08-16,24.476661682128903,24.60389566675964,24.06315047370467,24.142672093286063,35787200,MSFT
2012-08-17,24.572080612182617,24.58798523569448,24.325565014742228,24.58798523569448,32589900,MSFT
2012-08-20,24.44485282897949,24.532326763630213,24.317618842259595,24.508469822339443,23737700,MSFT
2012-08-21,24.492565155029297,24.619799141542533,24.341475744012804,24.46075741677537,28822700,MSFT
2012-08-22,24.28580665588379,24.460752976394144,24.230140469734213,24.32556670067072,33437400,MSFT
2012-08-23,24.06314277648925,24.17447209824241,23.92000421037906,24.16651978715315,28355600,MSFT
2012-08-24,24.30171012878418,24.357374799021407,23.999529840318445,24.05519451055567,22943300,MSFT
2012-08-27,24.405092239379883,24.619798639272755,24.325570620244243,24.59594321525617,34691100,MSFT
2012-08-28,24.35737419128418,24.492560465665225,24.26990179027184,24.413040376881,23947900,MSFT
2012-08-29,24.3732852935791,24.45280692024675,24.206291242651023,24.3732852935791,23346800,MSFT
2012-08-30,24.110864639282227,24.341477201614847,24.031343013762395,24.27786020454875,23982100,MSFT
2012-08-31,24.50847053527832,24.61979989770956,24.15857630324597,24.333524177636548,36590100,MSFT
2012-09-04,24.16652107238769,24.381228932971684,23.975670146340263,24.21423494146081,48556700,MSFT
2012-09-05,24.16652107238769,24.277851916809947,24.02338249866504,24.03133481017722,33650000,MSFT
2012-09-06,24.92992782592773,24.9378801379288,24.22218722531729,24.253996473321543,48371700,MSFT
2012-09-07,24.61184501647949,24.707269735086523,24.436897171119007,24.68341431380904,42649100,MSFT
2012-09-10,24.42894744873047,24.572086058567063,24.261953415086925,24.51642138068588,40524000,MSFT
2012-09-11,24.48460960388184,24.580034316863888,24.341471017660293,24.405087998564483,25191800,MSFT
2012-09-12,24.476661682128903,24.794746643705725,24.436900113963844,24.60389566675964,32775800,MSFT
2012-09-13,24.603891372680664,24.79474231631784,24.17447561193567,24.564129811455125,45047300,MSFT
2012-09-14,24.81859588623047,24.85040513283972,24.5005110038798,24.659554203429312,51422800,MSFT
2012-09-17,24.81859588623047,24.85835744449203,24.683411138386248,24.802692779674206,36488500,MSFT
2012-09-18,24.79473876953125,24.81859418610568,24.67545713641433,24.731121797419007,34542700,MSFT
2012-09-19,24.691368103027344,24.802698977230072,24.683417306136693,24.723177357584905,48871900,MSFT
2012-09-20,25.009445190429688,25.033300605641287,24.580029515642888,24.61183875825592,45543000,MSFT
2012-09-21,24.802696228027344,25.13668578011768,24.723174617196587,24.993547183972023,102348900,MSFT
2012-09-24,24.476661682128903,24.707272710491324,24.365330808015464,24.651608031808973,46825900,MSFT
2012-09-25,24.16652107238769,24.65160145739263,24.14266565459948,24.61184141658004,54266400,MSFT
2012-09-26,23.991579055786133,24.33352092816097,23.888202021154687,24.07905298130024,54672000,MSFT
2012-09-27,23.983625411987305,24.17447636154242,23.768917524957104,23.991577724479,47129900,MSFT
2012-09-28,23.665531158447266,24.06313752565892,23.64962653973929,23.99952056757497,54229300,MSFT
2012-10-01,23.45083236694336,23.840486574522792,23.395167696824657,23.70530029705658,54042700,MSFT
2012-10-02,23.58602333068848,23.76892200220371,23.45878934035189,23.60192795866775,43338900,MSFT
2012-10-03,23.74506378173828,23.848440817936503,23.593972867219065,23.657589854898426,46655900,MSFT
2012-10-04,23.8802490234375,23.8802490234375,23.5144502227533,23.83253514720789,43634900,MSFT
2012-10-05,23.73710823059082,24.055193125596126,23.649634315683706,24.03928850165876,41133900,MSFT
2012-10-08,23.68144989013672,23.79277925394348,23.4985496994914,23.57011900958113,29752000,MSFT
2012-10-09,23.28384017944336,23.649637478431696,23.204318565870224,23.601925116987264,45121100,MSFT
2012-10-10,23.045276641845703,23.307696919751866,23.021421218148863,23.180462937539705,47227100,MSFT
2012-10-11,23.021419525146484,23.25998284506308,22.95780253871882,23.23612590637197,41488500,MSFT
2012-10-12,23.2202205657959,23.315645277892504,22.902134147478005,23.037320420238576,46464700,MSFT
2012-10-15,23.46673583984375,23.633729842002577,23.259980277588703,23.3554065050712,42440200,MSFT
2012-10-16,23.45083236694336,23.64963562693788,23.31564608947715,23.41902463405346,47739400,MSFT
2012-10-17,23.530351638793945,23.57011168014708,23.13274515826921,23.29973915205039,44206100,MSFT
2012-10-18,23.458786010742188,23.6416846562978,23.26793505232564,23.578067670158955,59238500,MSFT
2012-10-19,22.7749080657959,23.12480233694191,22.66357869091948,23.10094539229026,90470800,MSFT
2012-10-22,22.26597023010254,22.925997144110625,22.13078392160696,22.846475518510488,83374000,MSFT
2012-10-23,22.305727005004883,22.425010184241778,22.07511599309405,22.08306830615976,64414800,MSFT
2012-10-24,22.18644523620605,22.425010076788084,22.16258981387189,22.3932008246777,53320400,MSFT
2012-10-25,22.17053985595703,22.42500931393776,22.15463674719145,22.41705700118068,54084300,MSFT
2012-10-26,22.432954788208008,22.536333312777085,22.13872686973832,22.15463149147944,57790000,MSFT
2012-10-31,22.69537925720215,22.96575027594623,22.663570009850847,22.703330052291577,69464100,MSFT
2012-11-01,23.47469139099121,23.506499126708707,22.91804160682292,22.933946233055988,72047900,MSFT
2012-11-02,23.458786010742188,23.673493907741523,23.32359972560356,23.530355309741964,57131600,MSFT
2012-11-05,23.56216049194336,23.64963440718893,23.32359719895344,23.55420969669233,38070800,MSFT
2012-11-06,23.74506378173828,24.015436358562724,23.546260505646696,23.713254529524285,43401500,MSFT
2012-11-07,23.12479591369629,23.721205713585377,23.100938975671244,23.48264240032917,57871800,MSFT
2012-11-08,22.91008186340332,23.355402153009088,22.90212955286592,23.15659893981842,49841800,MSFT
2012-11-09,22.92599296569824,23.2122701589833,22.910088340127167,22.96575301287736,43291200,MSFT
2012-11-12,22.44090843200684,23.069127377361703,22.43295612066393,23.013462714709664,61112300,MSFT
2012-11-13,21.71934127807617,21.887707529757773,21.44674698840988,21.663219194182307,131689200,MSFT
2012-11-14,21.51890563964844,21.87969267021521,21.48683500172597,21.839604372812133,76086100,MSFT
2012-11-15,21.374584197998047,21.623125447962195,21.350531227016337,21.55096806422878,50955600,MSFT
2012-11-16,21.26234436035156,21.406659157016485,21.11802956368664,21.382606181168324,64083300,MSFT
2012-11-19,21.430709838867188,21.486831917964743,21.22225530992485,21.486831917964743,57179300,MSFT
2012-11-20,21.4146728515625,21.48683024169064,21.214235996586982,21.45476114008471,47070400,MSFT
2012-11-21,21.607091903686523,21.78347577188052,21.38260209299366,21.41467119211451,66360300,MSFT
2012-11-23,22.20840835571289,22.26453044107801,21.807534569719607,21.83158601818344,57845700,MSFT
2012-11-26,21.959863662719727,22.11219611678053,21.783479762215425,22.08012701178521,85198700,MSFT
2012-11-27,21.711320877075195,21.951844500304507,21.67925177427684,21.935810713511284,45018600,MSFT
2012-11-28,21.93581771850586,21.95986917098225,21.462786449779863,21.655205715652954,53018400,MSFT
2012-11-29,21.607091903686523,21.935808198036813,21.53493451914996,21.735371358593383,69551400,MSFT
2012-11-30,21.34252166748047,21.75141159552506,21.238293623694844,21.687271849046283,83690200,MSFT
2012-12-03,21.190189361572266,21.502870436945905,21.16613638300037,21.47080132806224,53173800,MSFT
2012-12-04,21.142087936401367,21.35054099678176,21.11803495441329,21.246314466591564,49777500,MSFT
2012-12-05,21.382604598999023,21.59105911995612,21.05388826612373,21.150097103973525,68283800,MSFT
2012-12-06,21.430709838867188,21.63114670947959,21.334500997331933,21.49484957629468,39182300,MSFT
2012-12-07,21.21423721313477,21.502866790199,21.14208134808064,21.502866790199,46162100,MSFT
2012-12-10,21.599077224731445,21.623128670085418,21.262343226868392,21.294412330411,47031100,MSFT
2012-12-11,21.903743743896484,22.040040894305708,21.687271529267925,21.687271529267925,52282800,MSFT
2012-12-12,21.83960151672364,22.144266420295523,21.711322040233988,22.0721090236186,43966300,MSFT
2012-12-13,21.73537254333496,22.064088855602765,21.607093081435902,21.90373876362304,45080100,MSFT
2012-12-14,21.494853973388672,21.751412975581616,21.40666277214252,21.735379184853763,42077500,MSFT
2012-12-17,21.72735023498535,21.823559046209844,21.39061633727667,21.47880902190869,42046100,MSFT
2012-12-18,22.096162796020508,22.15228488174185,21.759428752480325,21.847621475306514,50486900,MSFT
2012-12-19,21.895721435546875,22.23245541040136,21.8476170189139,22.20038630904999,53519900,MSFT
2012-12-20,22.19237518310547,22.19237518310547,21.76744837834885,21.935816179936296,52607300,MSFT
2012-12-21,22.00796890258789,22.04003800654653,21.647181925478467,22.00796890258789,98776500,MSFT
2012-12-24,21.695289611816406,21.847622083883447,21.647185184031304,21.807535315597896,20842400,MSFT
2012-12-26,21.53493881225586,21.807533090579,21.4066593317758,21.67123595141743,31631100,MSFT
2012-12-27,21.615108489990234,21.719336505069947,21.30242750317462,21.558986418429665,39394000,MSFT
2012-12-28,21.286392211914062,21.56700409923512,21.286392211914062,21.41467166968168,28239900,MSFT
2012-12-31,21.4146728515625,21.462778797789152,21.142080135670696,21.31846401753289,42749500,MSFT
2013-01-02,22.144269943237305,22.232461141596826,21.76744758303965,21.84762265090377,52899300,MSFT
2013-01-03,21.847620010375977,22.168318713860188,21.77546261094053,22.15228339638297,48294400,MSFT
2013-01-04,21.43873405456543,21.919782997013844,21.43071639378317,21.863660900750475,52521100,MSFT
2013-01-07,21.39863586425781,21.55096675021889,21.35854758173257,21.462775587086583,37110400,MSFT
2013-01-08,21.286392211914062,21.47881292777724,21.21423482576831,21.44674229872945,44703100,MSFT
2013-01-09,21.40665435791016,21.44674111279145,21.29440869166152,21.422688142335662,49047900,MSFT
2013-01-10,21.21423721313477,21.63114626240268,21.0779416119788,21.366569659831104,71431300,MSFT
2013-01-11,21.51087951660156,21.59105455065025,21.06991912315114,21.23828531836297,55512100,MSFT
2013-01-14,21.55899238586425,21.71132485741631,21.454765871146865,21.5670100453367,48324400,MSFT
2013-01-15,21.8155517578125,21.879693034726003,21.51088833853441,21.51088833853441,48244500,MSFT
2013-01-16,21.67925071716309,21.831581624148203,21.65519774432825,21.767441892467147,41077400,MSFT
2013-01-17,21.847620010375977,22.024003914989283,21.695287552766462,21.79951558715636,51685900,MSFT
2013-01-18,21.847620010375977,21.87969064533042,21.679253764501283,21.727358187720903,52167700,MSFT
2013-01-22,21.7674503326416,22.00797556661639,21.64718848026041,21.887712185022785,58650600,MSFT
2013-01-23,22.136249542236328,22.160300989168537,21.807533180991825,21.807533180991825,50387700,MSFT
2013-01-24,22.15228843688965,22.50505785559706,22.02400892630739,22.20841206083023,101739300,MSFT
2013-01-25,22.352718353271484,22.633330268121888,21.959862284165684,22.11219472866366,81847700,MSFT
2013-01-28,22.376771926879883,22.63333087445783,22.256510111354217,22.45694698030098,56056500,MSFT
2013-01-29,22.456945419311523,22.55315425335977,22.128229099424964,22.30461298132132,49242600,MSFT
2013-01-30,22.328672409057617,22.601266733013745,22.256514998056744,22.456951911012,43580500,MSFT
2013-01-31,22.00796890258789,22.424876429321944,21.967880611124645,22.280563167690133,50530000,MSFT
2013-02-01,22.392810821533203,22.489019677642084,22.088145875693296,22.18435626101437,55565900,MSFT
2013-02-04,21.99994659423828,22.464959972439868,21.98391128104232,22.34469818189339,50540000,MSFT
2013-02-05,22.04805374145508,22.17633320452296,21.93580959357364,22.144264103361905,35410400,MSFT
2013-02-06,21.919776916503903,22.08012702924333,21.847619518692365,21.951846021524588,41889600,MSFT
2013-02-07,21.871665954589844,21.95985711393596,21.72735120211785,21.92778801850416,38028300,MSFT
2013-02-08,22.088138580322266,22.216418032240178,21.8957194024454,21.92779003003072,33318500,MSFT
2013-02-11,22.336679458618164,22.384783866697227,22.048049951720667,22.168311736524103,32247700,MSFT
2013-02-12,22.352718353271484,22.448928720641764,22.248491857064604,22.352718353271484,35990900,MSFT
2013-02-13,22.47298622131348,22.53712596940877,22.352722855574115,22.39281115389131,41715600,MSFT
2013-02-14,22.481006622314453,22.49704041438428,22.34470944984033,22.384796223833494,32663200,MSFT
2013-02-15,22.456945419311523,22.57720722647776,22.35271739834544,22.48099839242951,49650900,MSFT
2013-02-19,22.67521095275879,22.707547110425686,22.47311459295925,22.537785366420188,38781400,MSFT
2013-02-20,22.529705047607425,22.79647220666557,22.49736888681346,22.73988392527613,44110200,MSFT
2013-02-21,22.222517013549805,22.42461338676347,22.01233660038284,22.42461338676347,49078500,MSFT
2013-02-22,22.44078063964844,22.44078063964844,22.214432154916604,22.37610986427833,31425900,MSFT
2013-02-25,22.12550544738769,22.675206134052377,22.12550544738769,22.610535374334617,48011800,MSFT
2013-02-26,22.12550544738769,22.311433688842182,22.101253334291336,22.13358794321395,49923300,MSFT
2013-02-27,22.48119354248047,22.63478717287787,22.09316898956625,22.16592378597173,36394700,MSFT
2013-02-28,22.473114013671875,22.610539596468065,22.42461132029464,22.5377847854658,35840200,MSFT
2013-03-01,22.594371795654297,22.61862237004956,22.24676583850996,22.40844198801176,34849700,MSFT
2013-03-04,22.756046295166016,22.756046295166016,22.392273828758743,22.51353131756117,38157500,MSFT
2013-03-05,22.91772651672364,23.071320175241183,22.76413285820608,22.86922382419754,41432200,MSFT
2013-03-06,22.707550048828125,22.820723531561423,22.45695096197308,22.804555450635792,51448500,MSFT
2013-03-07,22.74796485900879,22.86113986445945,22.642875434525465,22.723714283597992,29196700,MSFT
2013-03-08,22.63479804992676,22.901565250983108,22.602461884041983,22.836894461086818,37667800,MSFT
2013-03-11,22.529705047607425,22.610542365846307,22.36802732738364,22.586291787123844,36627500,MSFT
2013-03-12,22.562036514282227,22.59437267055836,22.343772085036743,22.5054497826718,39255200,MSFT
2013-03-13,22.57012367248535,22.650962532474605,22.432698073065527,22.52970501342723,29093400,MSFT
2013-03-14,22.74796485900879,22.764132937197854,22.578204663642,22.63479139543093,55914800,MSFT
2013-03-15,22.66712951660156,22.76413491039881,22.61862527783001,22.659045476806305,92710300,MSFT
2013-03-18,22.71562767028809,22.86113727375441,22.48119518873176,22.53778191410808,44809400,MSFT
2013-03-19,22.78030014038086,22.8126347536442,22.65904264236605,22.73179744954948,51901600,MSFT
2013-03-20,22.89347648620605,23.03090207911664,22.78030301270544,22.90964456581269,35447800,MSFT
2013-03-21,22.72371864318848,22.925815033705987,22.67521439931565,22.72371864318848,34233200,MSFT
2013-03-22,22.836883544921875,22.90963834151213,22.71562606456228,22.78838086115254,28720900,MSFT
2013-03-25,22.764135360717773,22.917729036120218,22.60245764536016,22.87730883634433,44154000,MSFT
2013-03-26,22.764135360717773,22.90964499616504,22.72371670281485,22.82880613848623,27824300,MSFT
2013-03-27,22.933900833129883,22.998571621380105,22.69946826205208,22.74797096777144,36047400,MSFT
2013-03-28,23.127910614013672,23.168329273952,22.84497536882624,22.89347806912684,55453800,MSFT
2013-04-01,23.127910614013672,23.168329273952,22.92581423057593,23.152161193227453,29201100,MSFT
2013-04-02,23.28150177001953,23.321921970120343,23.055154816946875,23.11174155521504,28456500,MSFT
2013-04-03,23.08749008178711,23.402761483911657,23.07132354316697,23.24108376272609,35062800,MSFT
2013-04-04,23.11983108520508,23.127915127144856,22.85306386868581,22.95006928821645,45263200,MSFT
2013-04-05,23.200658798217773,23.265329560742085,22.723711346398748,22.8126326811993,50927300,MSFT
2013-04-08,23.111740112304688,23.22491358177538,23.01473317999204,23.22491358177538,34759500,MSFT
2013-04-09,23.936298370361328,24.106058608112992,23.184499507465247,23.22491817115664,77733800,MSFT
2013-04-10,24.47790908813477,24.510243700539377,23.863536033720145,23.903954684694085,71116700,MSFT
2013-04-11,23.394678115844727,23.60485854267569,23.22491634953496,23.52401967976024,130923200,MSFT
2013-04-12,23.273414611816406,23.45934286943265,23.16832365446972,23.32191730035268,62886300,MSFT
2013-04-15,23.19257926940918,23.42701025093707,23.04706963997047,23.160243110923734,56332900,MSFT
2013-04-16,23.41891860961914,23.55634415482865,23.200655778181304,23.36233189251035,52797300,MSFT
2013-04-17,23.30574607849121,23.47550777826818,23.11981784596557,23.321914153112346,52840700,MSFT
2013-04-18,23.273414611816406,23.427006715826693,23.03898212379123,23.40275614249489,56906600,MSFT
2013-04-19,24.065635681152344,24.44557629491311,23.93629413000515,23.944378169685965,99790700,MSFT
2013-04-22,24.92252349853516,25.205458715961747,24.469828075776345,24.494078652610725,137904000,MSFT
2013-04-23,24.73659324645996,24.979108246750908,24.558747473832018,24.817432093847867,59126900,MSFT
2013-04-24,25.6743221282959,25.80366367720436,24.736595127773104,24.752763206854883,90946600,MSFT
2013-04-25,25.81982612609864,26.547372565530537,25.49647232433696,25.63389634094719,110700200,MSFT
2013-04-26,25.698570251464844,25.852162353243543,25.423719117298283,25.78749158884392,47799300,MSFT
2013-04-29,26.3614444732666,26.41803119616499,25.68240071474082,25.70665128634153,59116400,MSFT
2013-04-30,26.7575626373291,26.76564822038141,26.09468667937387,26.32103674864262,75165200,MSFT
2013-05-01,26.450374603271484,26.74139387729217,26.35336612276728,26.6201348185349,54330900,MSFT
2013-05-02,26.806066513061523,26.81414901225547,26.183609227751504,26.377623129616147,46059500,MSFT
2013-05-03,27.07282829284668,27.09707886794956,26.74139040354319,26.86264636280316,46784600,MSFT
2013-05-06,27.28301048278809,27.41235203876406,26.87881773489493,27.01624178898055,40978300,MSFT
2013-05-07,26.92731666564941,27.315341257072223,26.87072993880101,27.202167803375403,43078300,MSFT
2013-05-08,26.66864585876465,26.87074228572673,26.39379459474635,26.73331511184421,51595700,MSFT
2013-05-09,26.401870727539062,26.67672192527048,26.345283988336654,26.555462864839026,46417800,MSFT
2013-05-10,26.42611694335937,26.45037060168916,26.12701521641968,26.40994886572135,36394900,MSFT
2013-05-13,26.70096206665039,26.73329821462495,26.312937542190067,26.361441764151905,36027600,MSFT
2013-05-14,27.29522705078125,27.295227050781246,26.700968059498194,26.749812412822426,56870100,MSFT
2013-05-15,27.55573081970215,27.59643601014567,27.21382957864086,27.23011103374425,46303900,MSFT
2013-05-16,27.742963790893555,27.799947326531523,27.311513028444928,27.384778017889428,59382900,MSFT
2013-05-17,28.386062622070312,28.386062622070312,27.75924065812937,27.78366439022085,60666700,MSFT
2013-05-20,28.557018280029297,28.57329662871173,28.23139540972341,28.27209749216919,54020800,MSFT
2013-05-21,28.36978340148925,28.711687729346945,28.26395860712105,28.573296921171018,48702400,MSFT
2013-05-22,28.17440795898437,28.361639996518864,27.970894469659576,28.320937919727783,66047500,MSFT
2013-05-23,27.79994773864746,28.12556750349584,27.596434221103543,27.865070449469204,51102700,MSFT
2013-05-24,27.89762687683105,27.90576604927932,27.5964278103394,27.612706155235927,33174400,MSFT
2013-05-28,28.508174896240234,28.6384234277586,28.01160139939836,28.01974057401891,48212100,MSFT
2013-05-29,28.39421272277832,28.50817981936682,28.141854790782013,28.28024562618982,38412200,MSFT
2013-05-30,28.51631164550781,28.695404525627183,28.33722187075812,28.369781671841,51131000,MSFT
2013-05-31,28.410476684570312,28.71981486899493,28.320930276574764,28.34535089498498,56165700,MSFT
2013-06-03,28.97218513488769,29.00474804371755,28.35350539397,28.42676728078231,51252600,MSFT
2013-06-04,28.48375701904297,29.09429765178118,28.304664106387943,28.99660891467649,65529500,MSFT
2013-06-05,28.31279182434082,28.402338244431213,28.0278742198432,28.166261883350906,46025100,MSFT
2013-06-06,28.459321975708008,28.58143129589192,28.076718776178485,28.36163638278228,37618500,MSFT
2013-06-07,29.03730201721192,29.12684844583037,28.54073173142013,28.695400859253382,40757300,MSFT
2013-06-10,28.87450218200684,29.02103217991184,28.60586281739094,28.907061988475576,35994500,MSFT
2013-06-11,28.36164093017578,28.638419408983754,28.231392416934945,28.5325915215476,39435900,MSFT
2013-06-12,28.491886138916016,28.711681061774808,28.36977681331586,28.605853186612617,37372700,MSFT
2013-06-13,28.26395797729492,28.508173574397027,28.15813007991508,28.48375294629776,45654900,MSFT
2013-06-14,28.00345993041992,28.239533239513342,27.881350583526675,28.125566171943483,53192600,MSFT
2013-06-17,28.491886138916016,28.62213463705058,28.19068706923655,28.239528315181296,49670100,MSFT
2013-06-18,28.47559928894043,28.63026838071904,28.41047660490627,28.46746011794937,28616500,MSFT
2013-06-19,28.158126831054688,28.565153814385702,28.158126831054688,28.4593259292162,30816200,MSFT
2013-06-20,27.26266860961914,27.946474063315424,27.16497989811294,27.88948742891876,54493700,MSFT
2013-06-21,27.083580017089844,27.45804415417092,26.90448712310763,27.40106061615292,85338500,MSFT
2013-06-24,27.44990539550781,27.84065099299565,26.51374193325135,26.81494108239136,56109000,MSFT
2013-06-25,27.4091911315918,27.98717171447409,27.23824057154457,27.7429561850682,44073400,MSFT
2013-06-26,27.96275329589844,28.068581184032062,27.588289206034247,27.775521250966342,48665900,MSFT
2013-06-27,28.18255424499512,28.312802786820743,28.08486861496845,28.101150070867924,28993100,MSFT
2013-06-28,28.117431640625,28.32094518213728,27.95462018634114,27.98718309827195,65545500,MSFT
2013-07-01,27.97089385986328,28.48374871128441,27.94647323539491,28.28837439942944,31055400,MSFT
2013-07-02,27.62898826599121,28.036015216255265,27.37663354426377,28.01159459295756,37630000,MSFT
2013-07-03,27.685964584350582,27.979024409120623,27.35220269622212,27.40104703547325,15994400,MSFT
2013-07-05,27.848796844482425,27.873220585122905,27.335944871592947,27.75111119803262,26085900,MSFT
2013-07-08,27.946468353271484,28.15812097421771,27.66154766098108,27.96274669649376,32396900,MSFT
2013-07-09,27.96275329589844,28.16626679326413,27.79180270339994,28.14998844620006,25318500,MSFT
2013-07-10,28.247682571411133,28.33722903410721,27.93834109265299,27.954622549995047,29658800,MSFT
2013-07-11,29.05360221862793,29.118728065242152,28.410501562854584,28.49190576575108,53638300,MSFT
2013-07-12,29.03730201721192,29.086146370649967,28.71982148328777,28.96404014510876,35501200,MSFT
2013-07-15,29.444334030151367,29.48503921768296,28.964045113124747,29.029167823509617,34142600,MSFT
2013-07-16,29.52574157714844,29.65599010451127,29.27338369678364,29.31408577932768,36378500,MSFT
2013-07-17,29.09428977966309,29.623422988311766,28.8907762904822,29.58272091154947,37285100,MSFT
2013-07-18,28.850074768066406,29.21639971613528,28.67098498652036,29.078012016514705,49547100,MSFT
2013-07-19,25.56129264831543,26.59513994145163,25.2519528434596,26.37534811688707,248428500,MSFT
2013-07-22,26.057859420776367,26.057859420776367,25.72409905697794,25.80550474329468,79040700,MSFT
2013-07-23,25.90320205688477,26.082294958433767,25.813655606110267,25.976467052484807,65810400,MSFT
2013-07-24,26.017168045043945,26.20440011363161,25.960184507011608,26.08229386300657,52803100,MSFT
2013-07-25,25.55315399169922,25.7648082132882,25.439186931106978,25.740387587552576,63213000,MSFT
2013-07-26,25.74039077758789,25.74039077758789,25.4066271752181,25.44733081096317,38633600,MSFT
2013-07-29,25.675264358520508,25.72410716463096,25.561295740683025,25.61827927325936,28870700,MSFT
2013-07-30,25.92762565612793,26.14741910225081,25.683408473224013,25.870642112589216,45799500,MSFT
2013-07-31,25.919479370117188,26.09042996407597,25.813651481079564,26.02530570647004,43898400,MSFT
2013-08-01,25.78108787536621,26.12299058608644,25.72410434902695,26.09856996204655,42557900,MSFT
2013-08-02,25.960182189941406,25.96832291646013,25.69968515208135,25.79737231762128,29199900,MSFT
2013-08-05,25.80551147460937,26.049727044578407,25.75666711846779,25.96832133702716,30984000,MSFT
2013-08-06,25.70782852172852,25.781093515244937,25.54501707998425,25.68340633966138,36331500,MSFT
2013-08-07,26.098573684692383,26.131133486266737,25.43918879323854,25.67526521052853,38078600,MSFT
2013-08-08,26.77423667907715,26.92076665361401,26.090431166361707,26.24510342024489,59034400,MSFT
2013-08-09,26.619569778442383,26.782381220050738,26.43233770747226,26.67655331719981,26800700,MSFT
2013-08-12,26.75795555114746,26.83936281875218,26.424193517392464,26.424193517392464,25493700,MSFT
2013-08-13,26.421838760375977,26.68417138402169,26.40544258049168,26.65137902425309,39464100,MSFT
2013-08-14,26.52021026611328,27.34820007401028,25.987348541658505,26.34805508408564,48519600,MSFT
2013-08-15,26.06113815307617,26.380855915911432,25.282336630097912,26.2332933904102,33338000,MSFT
2013-08-16,26.0693359375,26.22509656232668,25.95456577374677,26.06113940891152,32866300,MSFT
2013-08-19,25.73321533203125,26.208693612359333,25.725017241932825,26.0365384111698,27902500,MSFT
2013-08-20,25.92177391052246,26.151314228660283,25.716826304398747,25.774211383933203,22979600,MSFT
2013-08-21,25.913572311401367,26.24148656046677,25.856187239633623,25.913572311401367,37409100,MSFT
2013-08-22,26.5530014038086,26.63498229190415,26.31526151920816,26.3890427548686,31169900,MSFT
2013-08-23,28.48771476745605,28.8566210517656,27.872872002690816,28.83202521464362,225493800,MSFT
2013-08-26,27.995838165283203,28.42212634142708,27.897461084094665,28.200785726881904,72786800,MSFT
2013-08-27,27.266223907470703,27.954847882173155,27.176049601674887,27.47937113599269,58522300,MSFT
2013-08-28,27.06947898864746,27.544955787544747,27.05308280561622,27.37280055659497,44257400,MSFT
2013-08-29,27.50395774841309,27.54494662873613,26.88911516181405,26.995688752454864,45284700,MSFT
2013-08-30,27.380998611450195,27.446580212490066,27.12686248019726,27.35640277471477,42790200,MSFT
2013-09-03,26.13491439819336,26.29067499492881,25.65123955376649,26.028342345874947,154507000,MSFT
2013-09-04,25.57745361328125,25.79879576808969,25.503672373803223,25.733212617845403,142320600,MSFT
2013-09-05,25.6020450592041,25.774201797401133,25.372504826442142,25.495473031653987,71644900,MSFT
2013-09-06,25.53647422790528,25.73322376385764,25.520078042336,25.66764058520685,75434900,MSFT
2013-09-09,25.954565048217773,26.061138680403385,25.577462198640784,25.59385681898566,49628500,MSFT
2013-09-10,26.5530014038086,26.56120105624371,26.06112858423972,26.15130443389372,56881200,MSFT
2013-09-11,26.83993530273437,26.99569433104962,26.6677769661997,26.70056932813504,39087500,MSFT
2013-09-12,26.7989444732666,26.872725727262058,26.716966692050267,26.823540309433017,32860200,MSFT
2013-09-13,27.07766914367676,27.1104615020214,26.651377866950742,26.864525068939457,40899000,MSFT
2013-09-16,26.88912582397461,27.462979757796955,26.83174074331761,27.364605780563863,52839700,MSFT
2013-09-17,26.99569320678711,27.438380692722816,26.971100499985667,27.39738867838491,84716500,MSFT
2013-09-18,27.315410614013672,27.380995334456248,26.91371514668348,27.04488146031704,64099900,MSFT
2013-09-19,27.577747344970703,27.61053971007164,27.31541467866734,27.446581011819024,42026600,MSFT
2013-09-20,26.88092041015625,27.44657450133678,26.798939516850243,27.38918943964823,102904900,MSFT
2013-09-23,26.83993530273437,27.028486692984963,26.64318425837407,26.675976620309413,39826100,MSFT
2013-09-24,26.60219383239746,26.946504231067635,26.356257386597107,26.946504231067635,40685000,MSFT
2013-09-25,26.6513786315918,26.88911854553416,26.561204334434027,26.63498557920057,28907500,MSFT
2013-09-26,26.8645248413086,27.05307620931548,26.71696235725949,26.757951241217263,28504000,MSFT
2013-09-27,27.2744255065918,27.667924502016906,26.946508113444857,26.954707768262143,55348000,MSFT
2013-09-30,27.28262519836425,27.30722103841669,26.807148363133177,27.0530848728908,39839500,MSFT
2013-10-01,27.52856636047364,27.55315907463613,27.299022895030934,27.34001179438595,36718700,MSFT
2013-10-02,27.807287216186523,27.897464655193644,27.29082154646721,27.34820662088047,46946800,MSFT
2013-10-03,27.758100509643555,27.872870653149164,27.39739077033808,27.77449669118034,38703800,MSFT
2013-10-04,27.774490356445312,27.864667770704248,27.561343172333075,27.618728230997643,33008100,MSFT
2013-10-07,27.299015045166016,27.635128926831285,27.2170372700288,27.544951497829345,35069300,MSFT
2013-10-08,27.06127548217773,27.32361124609008,26.889120275728885,27.307215065392324,41017600,MSFT
2013-10-09,27.11046028137207,27.340000524946632,27.02028286361028,27.11046028137207,35878600,MSFT
2013-10-10,27.67611694335937,27.782690549484943,27.266221826070424,27.30721383960057,42875100,MSFT
2013-10-11,27.979442596435547,27.98763912308788,27.610536352046967,27.610536352046967,30033300,MSFT
2013-10-14,28.241777420043945,28.282766310986293,27.69251627421032,27.79089336517426,27757900,MSFT
2013-10-15,28.27457046508789,28.684465638893297,28.25817428286544,28.422129850586,47097800,MSFT
2013-10-16,28.397533416748047,28.61068063043527,28.33195182371077,28.364741056603613,35111600,MSFT
2013-10-17,28.6270694732666,28.684457658705465,28.176185532969665,28.24177024361343,31359200,MSFT
2013-10-18,28.659862518310547,28.68445834901944,28.143396982191824,28.54509239917305,41811700,MSFT
2013-10-21,28.684467315673828,28.856622548195137,28.61888258295018,28.676267660457285,27433500,MSFT
2013-10-22,28.34834861755371,28.77463679965455,28.29916007627208,28.70905520519737,40438500,MSFT
2013-10-23,27.67611694335937,28.274566566582624,27.6023356971573,28.159793306850403,58600500,MSFT
2013-10-24,27.64332771301269,27.95484575055737,27.52035792691504,27.725305485576754,53209700,MSFT
2013-10-25,29.291109085083008,29.75019281088808,29.077964968219387,29.41407888955373,113494000,MSFT
2013-10-28,29.159936904907227,29.291103210652537,28.9140004725412,29.192729263156405,38383600,MSFT
2013-10-29,29.118953704833984,29.28291240083373,28.905806461858703,29.209131143996448,31702200,MSFT
2013-10-30,29.13535499572754,29.340302619849563,29.04517754075344,29.127155339501225,36997700,MSFT
2013-10-31,29.028772354125977,29.258312621244507,28.971387287346342,29.23371991469655,41682300,MSFT
2013-11-01,29.12715148925781,29.258317826267263,29.012381335281063,29.24192164323457,40264600,MSFT
2013-11-04,29.46326446533203,29.496056830331224,29.143546724720025,29.17633908971922,28060700,MSFT
2013-11-05,30.037113189697266,30.09449825497304,29.323896573232982,29.340292752919133,51681900,MSFT
2013-11-06,31.29959487915039,31.332387242712297,30.38143059018044,30.5289930989571,88948800,MSFT
2013-11-07,30.742143630981445,31.160235408371665,30.68475854638382,31.11924650898087,60437400,MSFT
2013-11-08,30.9716854095459,30.9716854095459,30.61097869998056,30.881507950341383,36737800,MSFT
2013-11-11,30.815916061401367,30.97167508530876,30.619165022608964,30.89789383666806,26872500,MSFT
2013-11-12,30.62737464904785,30.824122624651576,30.49620828956114,30.64377083489028,31651600,MSFT
2013-11-13,31.28319931030273,31.28319931030273,30.25026485587969,30.31584645703653,44957600,MSFT
2013-11-14,31.16841697692871,31.2585943796082,30.92248059605331,31.04544722286564,46183700,MSFT
2013-11-15,31.02086067199707,31.16842315522272,30.922486725597093,31.111038092551787,50601300,MSFT
2013-11-18,30.49620056152344,30.807721759081595,30.389626944180826,30.619167233301624,53277500,MSFT
2013-11-19,30.347511291503903,30.752253126675736,30.28968787836854,30.438369452789853,44275000,MSFT
2013-11-20,30.62836456298828,30.900945443542422,30.44664187530615,30.496200316696505,32229900,MSFT
2013-11-21,30.89268684387207,31.000065567844207,30.777043128028968,30.785304968930863,23064700,MSFT
2013-11-22,31.033109664916992,31.12397101791078,30.83486957744817,31.00006860001573,27982000,MSFT
2013-11-25,31.09092330932617,31.34698678113981,31.03310303358901,31.330466252219384,30646800,MSFT
2013-11-26,30.851381301879883,31.099186092231367,30.851381301879883,31.03310397454596,34465300,MSFT
2013-11-27,31.057886123657227,31.19004722052929,30.967027929720075,31.03310690267156,26002100,MSFT
2013-11-29,31.49566650390625,31.62782757638473,31.239603047430467,31.239603047430467,22090400,MSFT
2013-12-02,31.759994506835938,32.032575390550264,31.437852030187603,31.46263125117006,42950400,MSFT
2013-12-03,31.64434814453125,31.793029745129555,31.454366799537524,31.503925232424614,52109800,MSFT
2013-12-04,32.16472625732422,32.19776730877143,31.4874004574969,31.56174124776908,51983600,MSFT
2013-12-05,31.38827896118164,32.115166303606344,30.710953193570425,32.09038394071563,116305000,MSFT
2013-12-06,31.68564224243164,31.842582503554308,31.380020407206256,31.73520066648724,36457300,MSFT
2013-12-09,31.974756240844727,32.106917342383646,31.69391350620337,31.850856980572168,30286000,MSFT
2013-12-10,31.479156494140625,32.131703386088056,31.404815669096365,31.892160377504386,37828600,MSFT
2013-12-11,31.06614112854004,31.636085142578164,30.88441847871553,31.43784511637725,39853400,MSFT
2013-12-12,30.744007110595703,31.090928826581827,30.710966046891524,31.090928826581827,36012800,MSFT
2013-12-13,30.30622100830078,30.933988617172105,30.248400722084902,30.90920624381582,40066100,MSFT
2013-12-16,30.471410751342773,30.562272064337574,30.1823094381484,30.33924970088706,31734200,MSFT
2013-12-17,30.165807723999023,30.6531524922632,30.00886736339428,30.51272951616846,45687700,MSFT
2013-12-18,30.21535301208496,30.231870387674466,29.348042698128257,30.03363037091792,63192100,MSFT
2013-12-19,29.94276237487793,30.19056391606272,29.80234265689465,30.1575228703134,34160100,MSFT
2013-12-20,30.397077560424805,30.50445942543466,29.89321244495792,29.90147428509571,62649100,MSFT
2013-12-23,30.24839210510254,30.47141449596017,30.19057183535816,30.40533553809589,25128700,MSFT
2013-12-24,30.62836456298828,30.702702225073818,30.264919187624013,30.331001310769903,14243000,MSFT
2013-12-26,30.925710678100582,30.96701356187209,30.70268833979854,30.72747070025497,17612800,MSFT
2013-12-27,30.801830291748047,31.07441121550508,30.70270709131862,31.041373299664823,14563000,MSFT
2013-12-30,30.801830291748047,30.87617111658534,30.47968776777631,30.74401000031566,16290500,MSFT
2013-12-31,30.90094375610352,31.041366684635783,30.744003448655818,30.8926850666458,17503500,MSFT
2014-01-02,30.69443893432617,30.892682123079787,30.64487734939562,30.85137922682004,30632200,MSFT
2014-01-03,30.487939834594727,30.744003320279106,30.231876348910347,30.72748279046377,31134800,MSFT
2014-01-06,29.843656539916992,30.47142095199077,29.8271360092086,30.43837989057398,43603700,MSFT
2014-01-07,30.074939727783203,30.141021855142867,29.909737560353307,30.0088607513928,35802800,MSFT
2014-01-08,29.53803062438965,29.851914397156204,29.38935215409913,29.736273836391938,59971700,MSFT
2014-01-09,29.34805488586425,29.66193871887557,29.24067614509872,29.637159494232687,36516300,MSFT
2014-01-10,29.769311904907227,29.860173236652503,29.5297689668458,29.65367135576547,40548800,MSFT
2014-01-13,28.893739700317383,29.75278818901321,28.769840475639217,29.72800897427124,45901900,MSFT
2014-01-14,29.55454635620117,29.63714899402794,28.6046396534567,28.68723914031502,41623300,MSFT
2014-01-15,30.3640365600586,30.38881892955073,29.61236980548524,29.65367270431587,44812600,MSFT
2014-01-16,30.471410751342773,30.562272064337574,29.99232812505381,30.306208650531133,38018700,MSFT
2014-01-17,30.05016326904297,30.421867392201342,29.86018186186637,30.421867392201342,46267500,MSFT
2014-01-21,29.876693725585938,30.413599932192305,29.785835535347463,30.413599932192305,31567300,MSFT
2014-01-22,29.67845726013184,30.000599762743818,29.52977562031564,29.9510381658153,21904300,MSFT
2014-01-23,29.78582572937012,29.843645990926944,29.33978101081636,29.810604941189347,43954000,MSFT
2014-01-24,30.40534210205078,31.01658598586724,30.174057822174856,30.93398648296309,76395500,MSFT
2014-01-27,29.761043548583984,30.47141036744684,29.71974381164339,30.45488984247701,44420800,MSFT
2014-01-28,29.95929908752441,30.05841912736852,29.52977471357429,29.835396674492348,36205500,MSFT
2014-01-29,30.281429290771484,30.463151915876058,29.65366509190618,29.719744041328227,52745900,MSFT
2014-01-30,30.44664001464844,30.463160544425307,29.926254355068124,30.388819735913835,35036300,MSFT
2014-01-31,31.25612449645996,31.297424242019968,30.198835885474484,30.520978312198583,93162300,MSFT
2014-02-03,30.13275146484375,31.38002448165768,30.091451722445647,31.1735226186988,64063100,MSFT
2014-02-04,30.025367736816406,30.7192140790216,29.942768257183857,30.53749459363636,54697900,MSFT
2014-02-05,29.587587356567383,30.124493473058028,29.57106682903261,29.97581187621349,55814400,MSFT
2014-02-06,29.88494873046875,29.942768997835387,29.48020370793405,29.571065028358262,35351800,MSFT
2014-02-07,30.19883346557617,30.22361268073284,29.74452684791486,30.000590291417748,33260500,MSFT
2014-02-10,30.397077560424805,30.397077560424805,29.97581509149195,30.25665778777012,26767000,MSFT
2014-02-11,30.70269775390625,30.77703855613475,30.446637441428088,30.463157969808712,32141400,MSFT
2014-02-12,30.95051002502441,31.05788875905326,30.81008707526223,30.85138683073251,27051800,MSFT
2014-02-13,31.06614112854004,31.27264299389756,30.834860047649503,30.834860047649503,37635500,MSFT
2014-02-14,31.07440948486328,31.206570593772447,30.83486964125687,30.88442808774194,31407500,MSFT
2014-02-18,31.1409912109375,31.44058438013744,31.1326705893922,31.31575600936951,32834000,MSFT
2014-02-19,31.21587371826172,31.41560345493008,30.966213928373623,30.97453772030789,29750400,MSFT
2014-02-20,31.41561317443848,31.5154764863706,31.124343858554187,31.265816619241573,27526100,MSFT
2014-02-21,31.607009887695312,31.914923527491787,31.507146605117416,31.573721068637177,38021300,MSFT
2014-02-24,31.36567115783692,31.60701033754854,31.24084284648703,31.36567115783692,32085100,MSFT
2014-02-25,31.240835189819336,31.49881554147319,31.08271492309391,31.299089022424774,30736500,MSFT
2014-02-26,31.182598114013672,31.40729294963573,30.949579483777377,31.274140807185344,41041800,MSFT
2014-02-27,31.50715446472168,31.532119497944667,30.982866544857803,31.165951920752526,33903400,MSFT
2014-02-28,31.881635665893555,32.006463966785894,31.473855597280817,31.607007689657085,41215000,MSFT
2014-03-03,31.44056510925293,31.731837478377816,31.199229137184577,31.55707278706443,29717500,MSFT
2014-03-04,31.96484375,32.023097572350764,31.68189525232693,31.79008228294772,26802400,MSFT
2014-03-05,31.715206146240234,31.848358286433687,31.565409591697925,31.831713872084823,20520100,MSFT
2014-03-06,31.74848937988281,31.823387643954604,31.53211520607681,31.74016558687657,23582200,MSFT
2014-03-07,31.54043769836425,31.92324962134552,31.36567297300608,31.856671978428736,26591600,MSFT
2014-03-10,31.473857879638672,31.631975008740167,31.39063900634241,31.61533377375813,19006600,MSFT
2014-03-11,31.64029693603516,31.81505846441524,31.390637156264127,31.51546545885148,25216400,MSFT
2014-03-12,31.84834098815918,31.98149305603172,31.44888478454156,31.45720539989797,30494100,MSFT
2014-03-13,31.532127380371094,31.99816155614939,31.32407691924476,31.973193342087523,32169700,MSFT
2014-03-14,31.373998641967773,31.74016617611821,31.21587831788252,31.332389199954736,27195600,MSFT
2014-03-17,31.66525650024414,31.96484945413633,31.448885574986328,31.54042821918625,20479600,MSFT
2014-03-18,32.913578033447266,33.20485054589054,31.806751375036345,31.84003703179178,64063900,MSFT
2014-03-19,32.68053436279297,32.9135496319981,32.380941488332105,32.84697520133733,35597200,MSFT
2014-03-20,33.56269454956055,33.82899882741128,32.655594611069795,32.663915230866266,59269800,MSFT
2014-03-21,33.42120361328125,34.070319602326045,33.296372150189875,33.8872374776136,80721800,MSFT
2014-03-24,33.70416641235352,33.82067413399151,33.17155787080992,33.57101427696762,46098400,MSFT
2014-03-25,33.571006774902344,34.1119389897372,33.25476933355597,33.83731098616352,43193100,MSFT
2014-03-26,33.11330032348633,33.87892422306899,32.95517999778346,33.687518248173326,41977500,MSFT
2014-03-27,32.75546646118164,33.26311011524236,32.73882204265198,33.07170406404865,35369200,MSFT
2014-03-28,33.5377082824707,33.82065682215708,33.02174441878227,33.11328706023899,43472700,MSFT
2014-03-31,34.1119384765625,34.53635981481363,33.62093949919936,33.64590452656809,46886300,MSFT
2014-04-01,34.46977996826172,34.611255855016374,34.178510752290904,34.24508838713929,32605000,MSFT
2014-04-02,34.41153335571289,34.6695169830641,34.26173682042471,34.48643162335698,28666700,MSFT
2014-04-03,34.12858200073242,34.361600578656365,33.87892218651092,34.361600578656365,30139600,MSFT
2014-04-04,33.179866790771484,34.444813218201105,32.98846086205859,34.32830553764509,51409600,MSFT
2014-04-07,33.121604919433594,33.512740473257544,33.07167488249977,33.25475697558286,37559600,MSFT
2014-04-08,33.13825225830078,33.22979490024789,32.62228839184839,33.079998426988205,35918600,MSFT
2014-04-09,33.67919158935547,33.745766050398274,33.188192637603734,33.22980207258004,27398700,MSFT
2014-04-10,32.75546646118164,33.862293309318844,32.53077157292862,33.65424283959548,45960800,MSFT
2014-04-11,32.630611419677734,33.113289685777005,32.45584991281943,32.45584991281943,34330200,MSFT
2014-04-14,32.605655670166016,32.7970616380078,32.37264026141895,32.54740181797925,32006600,MSFT
2014-04-15,33.08000946044922,33.25477101267667,32.49746777842761,32.73880697413034,33968700,MSFT
2014-04-16,33.620948791503906,33.637590031284724,33.213168575730144,33.338000096268374,30615800,MSFT
2014-04-17,33.29639434814453,33.45451473008836,32.88029342656283,33.29639434814453,36688400,MSFT
2014-04-21,33.23812484741211,33.41288956501179,33.113296534379884,33.396245155021504,22221200,MSFT
2014-04-22,33.279747009277344,33.404575358128945,33.1465948657438,33.25477879982901,27056700,MSFT
2014-04-23,33.030067443847656,33.279730365887985,32.84698532217293,33.279730365887985,24602800,MSFT
2014-04-24,33.17155075073242,33.26309341939813,32.70551678961456,33.0716874642774,42381600,MSFT
2014-04-25,33.213157653808594,33.85395311096187,33.08000555716612,33.52939507380812,56876800,MSFT
2014-04-28,34.01206970214844,34.36159593449555,33.36295363798483,33.40456307229854,50610200,MSFT
2014-04-29,33.712486267089844,34.27838362329067,33.61262296146536,34.203485350422994,29636200,MSFT
2014-04-30,33.620948791503906,33.70416768879777,33.42953961345264,33.620948791503906,35458700,MSFT
2014-05-01,33.28805923461914,33.58765227566619,33.24644979549521,33.48778898684941,28787400,MSFT
2014-05-02,33.030067443847656,33.57099954214046,33.00510242148199,33.5460345197748,43416600,MSFT
2014-05-05,32.81371307373047,32.98847466770204,32.70552596453961,32.888611353232214,22460900,MSFT
2014-05-06,32.505794525146484,32.74713056818402,32.41425184434736,32.69720050563691,27112400,MSFT
2014-05-07,32.805389404296875,32.88028768408467,32.04808598626367,32.63895160441071,41744500,MSFT
2014-05-08,32.988460540771484,33.20483466649347,32.43088716794208,32.73880077421211,32120400,MSFT
2014-05-09,32.905242919921875,33.163223312787885,32.76376703628246,32.905242919921875,29647600,MSFT
2014-05-12,33.26309585571289,33.3047052969004,32.99679162259659,33.071689886572855,22782600,MSFT
2014-05-13,33.8748893737793,33.941936709243045,33.397188298075314,33.45585311810963,27004800,MSFT
2014-05-14,33.72403717041016,33.90003161959274,33.56480135706072,33.774319471895055,18818700,MSFT
2014-05-15,33.18766784667969,33.858128366404685,33.11224119806026,33.59832475516161,37793200,MSFT
2014-05-16,33.38042449951172,33.38880381665252,32.91110281481652,33.24632984931959,29867100,MSFT
2014-05-19,33.31339645385742,33.37206129877134,33.07035455521732,33.19606676402959,24537400,MSFT
2014-05-20,33.25471878051758,33.472616235141984,33.07034179791714,33.25471878051758,21320900,MSFT
2014-05-21,33.81623077392578,33.81623077392578,33.30500913344838,33.355291447302235,22398700,MSFT
2014-05-22,33.60669708251953,33.816215152103794,33.39717901293526,33.76593286147847,20201800,MSFT
2014-05-23,33.62346649169922,33.832984608516625,33.522898690784835,33.832984608516625,18020000,MSFT
2014-05-27,33.68212890625,33.74079371901515,33.36366369323705,33.74079371901515,26160600,MSFT
2014-05-28,33.531280517578125,33.68213382873286,33.37204788780056,33.640230841632764,25711500,MSFT
2014-05-29,33.80783462524414,33.81621394105093,33.44746330270574,33.64860204897979,19888200,MSFT
2014-05-30,34.31067657470703,34.335820916022755,33.73240787631585,33.90002296478909,34567600,MSFT
2014-06-02,34.18497467041016,34.43639575621242,34.09278619298439,34.3190661293042,18504300,MSFT
2014-06-03,33.76593399047852,34.09278167843975,33.732410330946045,34.02573435937481,18068900,MSFT
2014-06-04,33.79108428955078,33.83298727682047,33.405571691480816,33.69889579936166,23209000,MSFT
2014-06-05,34.53696823120117,34.57049189971558,33.85813152724591,34.01736415719985,31865200,MSFT
2014-06-06,34.76323318481445,34.91408643098655,34.5620976545794,34.76323318481445,24060500,MSFT
2014-06-09,34.58724594116211,34.76324036572016,34.377727855642824,34.68781372705353,15019200,MSFT
2014-06-10,34.453163146972656,34.49506613520169,34.243645008834406,34.38611580821174,15117700,MSFT
2014-06-11,34.24363708496094,34.41963151299415,34.16821044480494,34.302301894305344,18040000,MSFT
2014-06-12,34.00897216796875,34.260393194169794,33.76593045727796,34.20172839462261,29818900,MSFT
2014-06-13,34.55372619628906,34.83867095276871,34.2436402897353,34.4447758843135,26310000,MSFT
2014-06-16,34.78000259399414,34.87219106419578,34.39449007950754,34.39449007950754,24205300,MSFT
2014-06-17,34.93085479736328,35.12361104867068,33.807837752838935,34.604007101798885,22518600,MSFT
2014-06-18,34.90571594238281,34.981142584541566,34.51182090033238,34.872192279869495,27097000,MSFT
2014-06-19,34.788387298583984,35.00628793407866,34.63753719315519,34.838672798388785,19828200,MSFT
2014-06-20,34.93085479736328,35.0565669250383,34.679433739005454,34.73809854605587,47764900,MSFT
2014-06-23,35.19066619873047,35.19904551717672,34.939241887442016,34.97276555521287,18743900,MSFT
2014-06-24,34.98952102661133,35.148753624078665,34.83028842914399,35.05656834996116,26509100,MSFT
2014-06-25,35.22418594360352,35.24094777714351,34.74648487718865,34.94762368267573,20049100,MSFT
2014-06-26,34.964378356933594,35.14875209413559,34.72133661585801,35.14037277757776,23604400,MSFT
2014-06-27,35.4085578918457,35.44208155416941,34.78838292682666,34.872192082635934,74640000,MSFT
2014-06-30,34.94761657714844,35.37503205604147,34.94761657714844,35.34150839577749,30793100,MSFT
2014-07-01,35.090087890625,35.32475031917776,34.93923461405261,35.081708573923095,26917000,MSFT
2014-07-02,35.115238189697266,35.115238189697266,34.805149070272165,34.97276420566548,20208100,MSFT
2014-07-03,35.031429290771484,35.19066510925676,34.83029368435921,35.123617775790784,15969300,MSFT
2014-07-07,35.19066619873047,35.29961332349635,34.95600372132744,34.98952738909829,21952400,MSFT
2014-07-08,35.01466751098633,35.19904448130707,34.87219672264236,35.09009416275455,31218200,MSFT
2014-07-09,34.92247009277344,35.19065616145378,34.80514048603379,35.18227364840552,18445900,MSFT
2014-07-10,34.939231872558594,35.19903542782394,34.40286612993904,34.67104900124882,21854700,MSFT
2014-07-11,35.274471282958984,35.274471282958984,34.7632465518013,34.947623522905474,24083000,MSFT
2014-07-14,35.31637191772461,35.576175523626894,35.23256595297813,35.383419247115896,21881100,MSFT
2014-07-15,35.57617950439453,35.592941338617905,35.22418737968967,35.47561169604728,28748700,MSFT
2014-07-16,36.942230224609375,37.13498647887212,35.60131256448832,35.6264537116119,63318000,MSFT
2014-07-17,37.3193588256836,38.30828440418024,37.08469960264783,38.09038701093162,82180300,MSFT
2014-07-18,37.453460693359375,37.57917285326291,37.08470992636499,37.41994022144573,43407500,MSFT
2014-07-21,37.57916641235352,37.84734932365548,37.059562421330014,37.344507164212416,37604400,MSFT
2014-07-22,37.57078552246094,37.83896842253759,37.36964674890728,37.713256289442505,43095800,MSFT
2014-07-23,37.60431289672852,38.09039649055177,37.39479476773428,38.09039649055177,52362900,MSFT
2014-07-24,37.210426330566406,37.71326863354971,37.14337898510549,37.65460380476811,30725300,MSFT
2014-07-25,37.294227600097656,37.428319077072224,37.12661245463121,37.12661245463121,26737700,MSFT
2014-07-28,36.85004806518555,37.30260477585673,36.81652439861944,37.17689582172304,29684200,MSFT
2014-07-29,36.782989501953125,36.9506045866168,36.57347144537149,36.799751330118674,27763100,MSFT
2014-07-30,36.52318954467773,36.95898429363015,36.28014782919098,36.93384314961148,31921400,MSFT
2014-07-31,36.17120361328125,36.615380949437736,36.10415948565027,36.35558055900314,31537500,MSFT
2014-08-01,35.91978073120117,36.24662842980085,35.70188013413989,36.21310476917723,31170300,MSFT
2014-08-04,36.34720993041992,36.43101911360464,35.87789129255928,36.011982788661385,34277400,MSFT
2014-08-05,36.10416030883789,36.42262551708286,35.894642210101345,36.296916576036416,26266400,MSFT
2014-08-06,35.819217681884766,36.17958589175913,35.37503711237851,35.819217681884766,24634000,MSFT
2014-08-07,36.22988510131836,36.41426213191343,35.74380456201389,35.90303723580445,30314900,MSFT
2014-08-08,36.20473861694336,36.30530643838949,35.96169678453791,36.22987977305654,28942700,MSFT
2014-08-11,36.20473861694336,36.41425677653563,36.05388528627745,36.25502092916973,20351600,MSFT
2014-08-12,36.472923278808594,36.53158811042645,36.03712510322341,36.07064877757463,21431100,MSFT
2014-08-13,36.942230224609375,37.026036179682826,36.47290856401817,36.60700001033105,22889500,MSFT
2014-08-14,37.10148239135742,37.227191390286826,36.883581678022814,36.942249713915935,19313200,MSFT
2014-08-15,37.53727340698242,37.62946190667656,37.210425596789264,37.36127892410816,41611300,MSFT
2014-08-18,37.805442810058594,37.805442810058594,37.44507145723932,37.66296885343618,26891100,MSFT
2014-08-19,38.22710418701172,38.23553584074007,37.80545072746097,37.92351318142149,28139500,MSFT
2014-08-20,37.90665054321289,38.286139339106064,37.86448583632719,38.23553976066666,24770500,MSFT
2014-08-21,38.13434219360352,38.15964037326331,37.80545299018304,37.81388464441604,22285500,MSFT
2014-08-22,38.0753173828125,38.34517540121925,38.00785126973015,38.24397623159572,18294500,MSFT
2014-08-25,38.09215927124024,38.31985244939742,37.98253172457751,38.2861226287871,16910000,MSFT
2014-08-26,37.95724105834961,38.28613344210685,37.89820983440969,38.210235694618326,14873100,MSFT
2014-08-27,37.83917236328125,37.94880313976712,37.74640810755935,37.86447375290716,21287900,MSFT
2014-08-28,37.84760665893555,37.93193604451833,37.6199134575102,37.73797588411004,17657600,MSFT
2014-08-29,38.31143569946289,38.31986735365503,37.830750986491765,38.024711202518645,21607600,MSFT
2014-09-02,38.02470397949219,38.336726596703,37.82230893075858,38.31142842197136,22976800,MSFT
2014-09-03,37.91508483886719,38.04158218529668,37.5524625438612,37.5524625438612,33684500,MSFT
2014-09-04,38.16806411743164,38.17649898687736,37.7126808931264,37.72954741505772,26475500,MSFT
2014-09-05,38.71622085571289,38.73308738027328,38.04157595810059,38.04157595810059,36939400,MSFT
2014-09-08,39.18848037719727,39.46677003609177,38.78369337164816,38.80899155419461,45736700,MSFT
2014-09-09,39.43302917480469,39.61012606845337,39.14630470051696,39.18847261902793,40302400,MSFT
2014-09-10,39.50050735473633,39.58483678363503,39.02825418880371,39.48364082556429,27302400,MSFT
2014-09-11,39.63542175292969,39.63542175292969,39.18847015407928,39.4161633884824,29216400,MSFT
2014-09-12,39.382442474365234,39.65230049079658,39.29810983362962,39.55953619446806,38244700,MSFT
2014-09-15,38.9945182800293,39.39087039453617,38.87645259419556,39.24750974432244,37667600,MSFT
2014-09-16,39.43302917480469,39.508926924379686,39.03667711987793,39.12100652297881,27910600,MSFT
2014-09-17,39.23063659667969,39.373997222697945,38.98607682845512,39.01137500552647,38311900,MSFT
2014-09-18,39.36557769775391,39.492075056005056,39.18004909684194,39.289679926195504,35556600,MSFT
2014-09-19,40.07394409179688,40.11610879321302,39.29810007450559,39.47519696759024,202522400,MSFT
2014-09-22,39.68602752685547,39.95588550235028,39.61856142450136,39.88841939999617,38686100,MSFT
2014-09-23,39.26436996459961,39.61855731433159,39.18847221580555,39.50892651786005,33430300,MSFT
2014-09-24,39.70289611816406,39.72819429938269,39.07884750676289,39.32340731507963,26582700,MSFT
2014-09-25,38.82586288452149,39.71133476975805,38.81742801132179,39.53424103610305,33077400,MSFT
2014-09-26,39.13787078857422,39.31496445504334,38.5897200491675,38.73308388651893,27078800,MSFT
2014-09-29,39.163185119628906,39.26438429960806,38.58973596759368,38.775264580593806,26091000,MSFT
2014-09-30,39.09571075439453,39.196906687743066,38.80055139143363,39.10414240843995,33033100,MSFT
2014-10-01,38.70779037475586,39.23907143818296,38.665622453596896,39.01981304617569,38088400,MSFT
2014-10-02,38.589725494384766,38.87644999258566,38.488529558831736,38.64875994183155,25119400,MSFT
2014-10-03,38.86801528930664,39.0451089668723,38.46322836188776,38.77525101525971,32453200,MSFT
2014-10-06,38.86801528930664,39.0451089668723,38.72465144297215,38.89331346697016,20604000,MSFT
2014-10-07,38.39575958251953,38.73308360694431,38.3029953149547,38.67405238521402,25723700,MSFT
2014-10-08,39.44991302490234,39.54267733923097,38.23555171532512,38.35361421830266,33031000,MSFT
2014-10-09,38.66561126708984,39.46675328291757,38.57285023147509,39.21376191396139,34422800,MSFT
2014-10-10,37.13078689575195,38.893297739025456,37.06332404361017,38.45477794074659,51978100,MSFT
2014-10-13,36.81034469604492,37.57775378849887,36.67541573089787,36.95370531409355,37100200,MSFT
2014-10-14,36.877811431884766,37.425962219735744,36.734450798823794,36.99587388663159,38115700,MSFT
2014-10-15,36.447715759277344,36.59107635081634,35.503209960941604,36.262187260147165,60218700,MSFT
2014-10-16,36.042945861816406,36.32967039647895,35.60442579604068,35.86584893087689,49040400,MSFT
2014-10-17,36.79347610473633,37.05489915047128,36.08509827329952,36.43085392811033,40683300,MSFT
2014-10-20,37.17295837402344,37.2235547137581,36.101958551192666,36.3127852119792,34527900,MSFT
2014-10-21,37.84760665893555,37.93193604451833,37.26572296075083,37.40908677659339,36433800,MSFT
2014-10-22,37.42595672607422,38.00783726061107,37.29945941915048,37.9488060419027,33570900,MSFT
2014-10-23,37.96567916870117,38.3283014135424,37.55245734889581,37.62835510286166,45451900,MSFT
2014-10-24,38.90174865722656,39.55109536393141,38.10060644937198,39.49206413759102,61076700,MSFT
2014-10-27,38.71622085571289,38.87644801359561,38.54755882706966,38.54755882706966,30371300,MSFT
2014-10-28,39.20533752441406,39.21376917759183,38.59815555288209,38.67405329932358,29049800,MSFT
2014-10-29,39.314971923828125,39.38243802880091,39.078846990345255,39.16317640460029,30276100,MSFT
2014-10-30,38.83428192138672,39.06197516936531,38.59815701990989,39.06197516936531,30073900,MSFT
2014-10-31,39.59325408935547,39.61012061104391,39.19689887207728,39.58481922003121,35849700,MSFT
2014-11-03,40.006473541259766,40.02334006334025,39.407726483723344,39.54265544340705,23130400,MSFT
2014-11-04,40.11610794067383,40.25103691251433,39.84624999699283,39.8884146975129,21530800,MSFT
2014-11-05,40.36065673828125,40.39438977631357,39.85467081867508,40.31005718123276,22449600,MSFT
2014-11-06,41.06904602050781,41.20397499368439,40.30163688238592,40.36066810709064,33037800,MSFT
2014-11-07,41.05216979980469,41.25456160328234,40.72328070643372,41.25456160328234,28000600,MSFT
2014-11-10,41.22927474975586,41.44853635016486,40.94255026865527,41.0268828907205,36370100,MSFT
2014-11-11,41.2124137878418,41.27987989459998,41.02688842817886,41.19554726115225,23445200,MSFT
2014-11-12,41.136497497558594,41.254559914246826,40.91723918327468,40.95097222145976,22722100,MSFT
2014-11-13,41.83647537231445,41.870208436147166,41.07749752088864,41.16183018047041,26210400,MSFT
2014-11-14,41.8111572265625,42.20750927805192,41.65092685831569,41.94608620053005,29081700,MSFT
2014-11-17,41.70995330810547,41.92078000685282,41.44009539106567,41.66778861174802,30318600,MSFT
2014-11-18,41.36203002929688,41.86271946688898,41.32808421451919,41.69299363025163,23995500,MSFT
2014-11-19,40.92072677612305,41.3704973005994,40.67462457934366,41.29412086840062,26177500,MSFT
2014-11-20,41.32808303833008,41.32808303833008,40.6237219693689,40.7340442456311,21510600,MSFT
2014-11-21,40.71707534790039,41.6251049146376,40.3691388151997,41.59964717039772,42884800,MSFT
2014-11-24,40.38610458374024,40.73404105492772,40.21637876522789,40.72555622076492,35434200,MSFT
2014-11-25,40.28426742553711,40.708580321994,40.267294521208775,40.44550516078055,28008000,MSFT
2014-11-26,40.521881103515625,40.72555271565125,40.12302594992737,40.30123982451495,27163600,MSFT
2014-11-28,40.57279586791992,40.9037593728417,40.40307008053051,40.691602947917474,21534400,MSFT
2014-12-01,41.26018524169922,41.3959652393935,40.48793589782853,40.632203966332106,31191600,MSFT
2014-12-02,41.12439727783203,41.62508652932606,40.903756038288,41.44687592385781,25773500,MSFT
2014-12-03,40.80193710327149,41.15835844728498,40.572807709012345,41.10743972503259,23534800,MSFT
2014-12-04,41.44689178466797,41.63359053074679,40.903771691258086,41.06500945734817,30320400,MSFT
2014-12-05,41.0904541015625,41.55720081797333,41.05651153448269,41.42990567036127,27313400,MSFT
2014-12-08,40.47945022583008,41.03105503874076,40.26729378149895,40.95467858929154,26663100,MSFT
2014-12-09,40.38610458374024,40.66614943262248,39.92784584493212,39.978764561661045,24330500,MSFT
2014-12-10,39.80055618286133,40.44551044535473,39.63083035465225,40.37762205642164,30431800,MSFT
2014-12-11,40.0296745300293,40.51339417923084,39.61384973103625,39.953301321326734,29060400,MSFT
2014-12-12,39.84298706054688,40.50491423340646,39.60536960478244,39.69871897269872,34248400,MSFT
2014-12-15,39.60536193847656,40.45398768290247,39.50352775557554,40.0551357843525,29247800,MSFT
2014-12-16,38.32392883300781,39.3253072181115,38.29847110300925,38.95191315005145,47801400,MSFT
2014-12-17,38.81615829467773,38.99436899440461,38.10331225851865,38.23060422807288,34970900,MSFT
2014-12-18,40.326698303222656,40.326698303222656,39.32531960275676,39.528991218635625,40105600,MSFT
2014-12-19,40.44550704956055,40.81890125046971,40.02967896722367,40.42004931050443,64551200,MSFT
2014-12-22,40.71707534790039,40.83588247068825,40.487945937987554,40.54734949938148,26566000,MSFT
2014-12-23,41.11591339111328,41.41293107372171,40.84435344208559,41.04802178523138,23648100,MSFT
2014-12-24,40.85284805297852,41.27716097955661,40.80193257362961,41.27716097955661,11437800,MSFT
2014-12-26,40.6322021484375,41.08197276369249,40.58128343761132,41.08197276369249,13197800,MSFT
2014-12-29,40.26729965209961,40.54734451607444,40.106058659060224,40.4794561273612,14439500,MSFT
2014-12-30,39.902381896972656,40.411556036039,39.74962900780271,40.25880314686905,16384700,MSFT
2014-12-31,39.41866683959961,40.25880452146984,39.41866683959961,39.65628101431033,21552500,MSFT
2015-01-02,39.681732177734375,40.24182495195273,39.4950367444948,39.59687091146637,27913900,MSFT
2015-01-05,39.316837310791016,39.65628570953198,39.24894568869239,39.350779884589606,39673900,MSFT
2015-01-06,38.739776611328125,39.673263878269296,38.64642723718378,39.35927317753471,36447900,MSFT
2015-01-07,39.23196792602539,39.427151459518015,38.60398668561439,39.01981148910945,29114100,MSFT
2015-01-08,40.38610458374024,40.52188459109996,39.647800996049874,39.67325873578897,29645200,MSFT
2015-01-09,40.046653747558594,40.58128895352623,39.80055470490753,40.40307829728728,23944200,MSFT
2015-01-12,39.54594802856445,40.34365809104909,39.34227971615309,40.24182069759395,23651900,MSFT
2015-01-13,39.34229278564453,40.65766213420199,39.08770569193188,39.85995504396889,35270600,MSFT
2015-01-14,39.00283050537109,39.24044786681937,38.71429768145148,39.00283050537109,29719600,MSFT
2015-01-15,38.59550476074219,39.359269350152,38.53610120792708,39.2234893383959,32750800,MSFT
2015-01-16,39.240455627441406,39.2743981967186,38.3324231077078,38.45123343055399,35695300,MSFT
2015-01-20,39.36775588989258,39.58840044183573,38.67188289484292,39.29137942764318,36161900,MSFT
2015-01-21,38.96887969970703,39.15557833745146,38.59548566146741,38.98585259743373,39081100,MSFT
2015-01-22,39.995731353759766,40.00421618662562,39.10467498933424,39.35926205956292,35898000,MSFT
2015-01-23,40.03816604614258,40.21637668962008,39.71568733133765,40.19091895119488,26211600,MSFT
2015-01-26,39.893890380859375,39.99572778967614,39.24045147915981,39.88540554874962,42525500,MSFT
2015-01-27,36.202369689941406,36.66062831269697,35.73562623517181,36.44847190259716,169164000,MSFT
2015-01-28,34.954891204833984,36.31269425891968,34.92943346990898,36.27026362162797,84507100,MSFT
2015-01-29,35.6507682800293,35.74411763558724,34.615447009819725,34.73425410334783,63585300,MSFT
2015-01-30,34.28448486328125,35.285863602723914,34.24205098193571,35.260402626466465,78004900,MSFT
2015-02-02,35.0312614440918,35.10763787259344,34.140205269739084,34.44571098374563,50352500,MSFT
2015-02-03,35.30283737182617,35.5828854824379,34.83609375805763,35.32829835104152,52082400,MSFT
2015-02-04,35.50650405883789,35.82049470245216,35.099164058061135,35.59136534503075,41614800,MSFT
2015-02-05,36.024169921875,36.18540767665645,35.523480513894725,35.82898635432348,36548200,MSFT
2015-02-06,35.99021911621094,36.31269781828752,35.769577838316714,36.21934846474558,34616600,MSFT
2015-02-09,35.94777297973633,36.27025154281089,35.82047787300323,35.84593883669927,31381100,MSFT
2015-02-10,36.151466369628906,36.29573447325709,35.79504500287332,36.27027672913206,29670700,MSFT
2015-02-11,35.96476745605469,36.193896843307215,35.8204993660434,36.193896843307215,38262500,MSFT
2015-02-12,36.56727600097656,36.56727600097656,36.07507161568661,36.20236674629599,33268800,MSFT
2015-02-13,37.22921371459961,37.22921371459961,36.61820532721012,36.81338887680335,40264900,MSFT
2015-02-17,37.24629211425781,37.605249751493226,36.91297011645548,37.5796108517728,33695700,MSFT
2015-02-18,37.203575134277344,37.348869913711866,37.08392252785421,37.2890436105003,27111700,MSFT
2015-02-19,37.17794418334961,37.20358310156266,36.79334410870529,36.90445152144469,27603400,MSFT
2015-02-20,37.48560333251953,37.502697021889446,36.998444596484426,37.186468658977766,29721100,MSFT
2015-02-23,37.73345947265625,37.767643593404486,37.30612699056631,37.34885958671769,32518800,MSFT
2015-02-24,37.68218612670898,37.861665023514405,37.536891357660245,37.73346720877715,25271700,MSFT
2015-02-25,37.59672164916992,37.68218686065939,37.43433318293555,37.5625342604586,29759800,MSFT
2015-02-26,37.65654754638672,37.80183905642213,37.511252776062506,37.59672124692639,28957300,MSFT
2015-02-27,37.4770622253418,37.776196957690736,37.31467703483593,37.71637066327865,33807700,MSFT
2015-03-02,37.50271224975586,37.76765639184969,37.22067115106206,37.32323006863744,31924000,MSFT
2015-03-03,36.98991012573242,37.45997861064957,36.8275249056723,37.22921860722364,31748600,MSFT
2015-03-04,36.8018913269043,36.93008917386524,36.64805130231949,36.75915545096106,25748700,MSFT
2015-03-05,36.84461212158203,36.95571949486624,36.59675846590514,36.81042473591173,23193500,MSFT
2015-03-06,36.20359420776367,36.844592679543375,36.02411541813419,36.75057904870313,36248800,MSFT
2015-03-09,36.62239837646485,36.8617068224124,36.05831953863408,36.05831953863408,32108000,MSFT
2015-03-10,35.92157745361328,36.5027500527161,35.92157745361328,36.19507005786296,39159700,MSFT
2015-03-11,35.87883758544922,36.21215642566365,35.75918500283772,36.160878610423495,32215300,MSFT
2015-03-12,35.05836486816406,35.59680482591244,34.92161857448228,35.32331223854888,59992500,MSFT
2015-03-13,35.36604690551758,35.44296690396532,34.707954309973324,34.78487430842107,58007700,MSFT
2015-03-16,35.5198860168457,35.588257535822976,35.280577549702954,35.4429660203157,35273500,MSFT
2015-03-17,35.63953399658203,35.75064136833063,35.16946886112203,35.35749295913293,31673400,MSFT
2015-03-18,36.3232650756836,36.60530611062149,35.323308519715006,35.408773721660054,44194800,MSFT
2015-03-19,36.143802642822266,36.40020162562136,36.08397632217881,36.11816046233939,33879100,MSFT
2015-03-20,36.64803314208984,36.733498331046505,36.31471434075571,36.37454062508296,71904500,MSFT
2015-03-23,36.63095474243164,36.86171476128214,36.56257995449549,36.64804843941568,26246100,MSFT
2015-03-24,36.66513442993164,36.89589113999116,36.536933359642,36.562572269584464,25513300,MSFT
2015-03-25,35.43440628051758,36.69076473776509,35.41731259113398,36.68221626292935,43469900,MSFT
2015-03-26,35.220741271972656,35.562608550894375,34.97288765776881,35.2292897471041,37495600,MSFT
2015-03-27,35.015628814697266,35.40877396278322,34.89597622704402,35.14382661848782,34401400,MSFT
2015-03-30,35.00708770751953,35.50279511533415,34.96435509726049,35.126740320360526,35049700,MSFT
2015-03-31,34.75068664550781,35.0669118542966,34.6481277351445,34.853245555871126,34887200,MSFT
2015-04-01,34.801963806152344,34.836147932225785,34.45155124666279,34.699401647066175,36865300,MSFT
2015-04-02,34.4344596862793,34.81905965595221,34.28916491538561,34.75068487899311,37487500,MSFT
2015-04-06,35.51133346557617,35.70790604298308,34.340443217418255,34.477189499974735,39223700,MSFT
2015-04-07,35.494239807128906,35.819013451123595,35.306215706111814,35.562614578617705,28809400,MSFT
2015-04-08,35.400230407714844,35.6309903989644,35.075459984731566,35.4344177975938,24753400,MSFT
2015-04-09,35.451507568359375,35.57116015940228,35.25493498874766,35.25493498874766,25723900,MSFT
2015-04-10,35.65663146972656,35.85320406502306,35.391684096784935,35.57971147502021,28022000,MSFT
2015-04-13,35.69081115722656,35.94721328120267,35.374586000688055,35.383134476974426,30276700,MSFT
2015-04-14,35.59680938720703,35.92157983863611,35.37459459381952,35.72500722004823,24244400,MSFT
2015-04-15,36.118141174316406,36.28907482499612,35.62243717366228,35.69080867776123,27343600,MSFT
2015-04-16,36.03269958496094,36.186539645327976,35.742113166522124,35.85322060129617,22509700,MSFT
2015-04-17,35.5711555480957,35.673717693084086,35.17801043983807,35.61388814503012,42387600,MSFT
2015-04-20,36.67368316650391,36.8958946813405,35.62244537421012,35.665177981645364,46057700,MSFT
2015-04-21,36.44291305541992,36.87879400698573,36.34889938899247,36.75059295998683,26013800,MSFT
2015-04-22,36.74205780029297,36.861710404750646,36.36600303166717,36.46856194116105,25064300,MSFT
2015-04-23,37.04119110107422,37.27195110380127,36.579671095620114,36.65659109652913,46309500,MSFT
2015-04-24,40.91281127929688,41.14357121287296,39.01545725926264,39.02400247445221,130933700,MSFT
2015-04-27,41.04955673217773,41.13502518382313,40.35728020543437,40.36582542045488,59248200,MSFT
2015-04-28,42.01534271240234,42.058075321982855,40.767532255032265,40.83590377830326,60730800,MSFT
2015-04-29,41.92986679077149,42.14353304442552,41.45125320888266,41.639280555390464,47804600,MSFT
2015-04-30,41.57090759277344,42.34010744341384,41.53672020823643,41.62218866957894,64725500,MSFT
2015-05-01,41.588008880615234,41.77603626962137,41.3657973611172,41.51963735934239,38937300,MSFT
2015-05-04,41.22905349731445,41.76749026266649,41.17777240810936,41.34015763349167,34039500,MSFT
2015-05-05,40.68205261230469,41.16066618502516,40.43420224063295,40.87007995521063,50369200,MSFT
2015-05-06,39.553897857666016,40.82735022915119,39.33168637701902,40.65641656542125,52433000,MSFT
2015-05-07,39.912872314453125,40.24619127778183,39.45135224509512,39.54536595481133,32971700,MSFT
2015-05-08,40.81025695800781,41.00682953222538,40.61368438379025,40.63932329251343,35364900,MSFT
2015-05-11,40.48548889160156,40.94700887386868,40.48548889160156,40.6393288856906,24609400,MSFT
2015-05-12,40.46839141845703,40.75043246805131,39.673552609967786,40.04105886594834,29928300,MSFT
2015-05-13,40.70770263671875,41.29742042563176,40.656421553221975,41.18631304153319,34184600,MSFT
2015-05-14,41.6392822265625,41.7247474273389,41.0495612562247,41.0495612562247,32980900,MSFT
2015-05-15,41.28032302856445,41.80166925300937,41.06665675692562,41.76748186707791,28642700,MSFT
2015-05-18,41.03246688842773,41.21194902356455,40.69060283066238,41.00682798067464,24136500,MSFT
2015-05-19,40.92925262451172,41.12710275072942,40.58516345105981,40.91204783769137,28574800,MSFT
2015-05-20,40.92925262451172,41.23032819017397,40.66258335101261,40.76580879045717,25047900,MSFT
2015-05-21,40.791595458984375,40.94643518725819,40.43890569602203,40.67116528843275,22410700,MSFT
2015-05-22,40.34429931640625,40.7313954993634,40.2754801754058,40.688385176976745,25720600,MSFT
2015-05-26,40.0776252746582,40.32708970873735,39.73353617375753,40.284079391493975,29581900,MSFT
2015-05-27,40.955055236816406,41.09269024006445,40.10343639820347,40.275480972632856,27335600,MSFT
2015-05-28,40.81742858886719,41.30775359339986,40.76581422152975,40.86043892090939,19283700,MSFT
2015-05-29,40.30990219116211,40.92065748945772,40.07764244079373,40.80022723700261,36519600,MSFT
2015-06-01,40.6281623840332,41.092681653485066,40.10342801833498,40.48192665928538,28837300,MSFT
2015-06-02,40.36149978637695,40.731394456086925,40.10343457718975,40.37010381952026,21498300,MSFT
2015-06-03,40.3012809753418,41.066879062332205,40.27547544123856,40.74859549483354,28002200,MSFT
2015-06-04,39.87978363037109,40.56795869634193,39.74214861717693,40.24967834360746,27745500,MSFT
2015-06-05,39.690528869628906,40.01741321215236,39.43246366510076,39.83676789713036,25438100,MSFT
2015-06-08,39.337833404541016,39.93998765057662,39.28621905837454,39.828158207954246,22121600,MSFT
2015-06-09,39.269020080566406,39.51848123270561,39.1055762812774,39.36364146573543,24406100,MSFT
2015-06-10,40.09482955932617,40.28407889061617,39.30342594968539,39.3894498645794,28417400,MSFT
2015-06-11,39.9485969543457,40.36150196765553,39.68193097908078,40.13784631600005,27347800,MSFT
2015-06-12,39.54429244995117,39.97440221066336,39.48407734596963,39.759347330307264,23931000,MSFT
2015-06-15,39.12278747558594,39.26902651567872,38.72708724247413,39.09698193735437,33254500,MSFT
2015-06-16,39.423858642578125,39.77654848290235,38.9679401064443,39.010950422293256,27070300,MSFT
2015-06-17,39.54429244995117,39.63031308950279,39.01955801684597,39.33783832095941,28704100,MSFT
2015-06-18,40.18946838378906,40.2582842584714,39.716344888881856,39.75935850222104,32658300,MSFT
2015-06-19,39.65611267089844,40.284075714952415,39.56149129418943,40.24966615170737,63837000,MSFT
2015-06-22,39.7679328918457,40.18944174019333,39.70771781086401,39.85395678001655,20318100,MSFT
2015-06-23,39.49267578125,39.81095606669761,39.243211347112506,39.68192511493732,25896500,MSFT
2015-06-24,39.26042175292969,39.7851562304104,39.183001858195205,39.28622729068207,34890900,MSFT
2015-06-25,39.269020080566406,39.62170993167031,39.139985847598965,39.59590111619071,20616000,MSFT
2015-06-26,38.93354415893555,39.81096869135279,38.73569401164704,39.269032615445184,49835300,MSFT
2015-06-29,38.16793823242188,38.907727526222274,38.15933748128612,38.74428700282704,34081700,MSFT
2015-06-30,37.97869491577149,38.46901980283005,37.79804631411001,38.4604157695962,35945400,MSFT
2015-07-01,38.23675155639648,38.907721613232425,37.935672808769645,38.24535230622515,28343900,MSFT
2015-07-02,38.19374847412109,38.49482399726304,37.90127370243588,38.26256433020622,21752000,MSFT
2015-07-06,38.18514633178711,38.262566224639215,37.80665090088638,37.81525165276895,23034000,MSFT
2015-07-07,38.107723236083984,38.27116704141101,37.26470851892371,38.14213280367672,36435800,MSFT
2015-07-08,38.05612182617188,38.62386670965807,37.87547319119341,38.22816314485184,39785900,MSFT
2015-07-09,38.296974182128906,38.89912851434181,38.27976939761116,38.4948242818674,32424700,MSFT
2015-07-10,38.37439727783203,38.83031262047349,38.33998770592167,38.71848315250351,25465800,MSFT
2015-07-13,39.17439270019531,39.24320854659451,38.66686311727928,38.6926686494944,28178300,MSFT
2015-07-14,39.24321746826172,39.5356922652728,38.97655149080984,39.09698171049487,22880300,MSFT
2015-07-15,39.36364364624024,39.475473102241565,39.07977291205476,39.29482779126199,26629600,MSFT
2015-07-16,40.13784790039063,40.16365343927946,39.54429753560511,39.57870382696439,26271700,MSFT
2015-07-17,40.10342025756836,40.24105520542175,39.79374080452926,40.04320517297476,29467100,MSFT
2015-07-20,40.36149978637695,40.542148386137455,39.94859479538198,40.12924339514248,30631900,MSFT
2015-07-21,40.67118835449219,40.71420196677747,39.983013217140304,40.24107848346252,42781900,MSFT
2015-07-22,39.17439270019531,40.37009715448647,38.8819179696763,39.08836879035052,59152400,MSFT
2015-07-23,39.66470718383789,39.76793256732475,38.795883968519206,38.94212293647838,33934000,MSFT
2015-07-24,39.51848983764648,39.84537422592498,39.39805961077482,39.49268429802472,32333200,MSFT
2015-07-27,39.01094055175781,39.57868510915301,38.92491994182481,39.51847002590473,39701400,MSFT
2015-07-28,39.00236129760742,39.26042655110245,38.52924111928692,39.20881546929008,34328900,MSFT
2015-07-29,39.81957244873047,40.24107828260807,38.9335438874268,39.05397740715543,40945900,MSFT
2015-07-30,40.327091217041016,40.7744057523515,39.50988203294451,39.793752762549495,39777900,MSFT
2015-07-31,40.17224884033203,40.74859429484426,40.000204294597545,40.67977844543653,31201500,MSFT
2015-08-03,40.26688003540039,40.430320575544165,39.95720045914709,40.41311579003261,24125900,MSFT
2015-08-04,40.89482879638672,41.0410645111708,40.155039628363625,40.21525472050723,33403900,MSFT
2015-08-05,40.92925262451172,41.64323322942973,40.89484305087102,41.27333851648607,26959700,MSFT
2015-08-06,40.10342025756836,41.09267370127929,39.853959170598856,41.041059365280766,27368000,MSFT
2015-08-07,40.206661224365234,40.24106751074268,39.79375297306583,39.90558242785429,19163000,MSFT
2015-08-10,40.71418762207031,40.85182260104817,40.29267865311995,40.38730331644412,23079900,MSFT
2015-08-11,39.92280578613281,40.3787212871525,39.484095077045,40.27549581703982,29237400,MSFT
2015-08-12,40.206661224365234,40.344296214306034,39.32063290023663,39.73353787005904,30181400,MSFT
2015-08-13,40.19805908203125,40.51633939595997,39.99160822814992,40.48193310796452,22627200,MSFT
2015-08-14,40.43031311035156,40.51633374054887,40.01740817874646,40.026008929175504,21473400,MSFT
2015-08-17,40.7055892944336,40.81741875598609,40.060424624786215,40.26687876292335,21099700,MSFT
2015-08-18,40.93071365356445,41.06925623608232,40.43715549689984,40.5583798437135,23574100,MSFT
2015-08-19,40.359222412109375,40.76619266638797,40.09079473116374,40.50642245116261,31485500,MSFT
2015-08-20,39.53662109375,40.23799466992707,39.53662109375,39.89163661433254,36238200,MSFT
2015-08-21,37.29397201538086,39.380771818104336,37.29397201538086,39.22491097780829,70053100,MSFT
2015-08-24,36.09038162231445,36.96493115674677,34.39323396348344,35.025334776115926,88753700,MSFT
2015-08-25,35.042659759521484,37.44118164356517,34.97338679532019,36.86103212928791,70616600,MSFT
2015-08-26,36.98224639892578,37.09481328340762,35.55352658575287,36.37612134040583,63408000,MSFT
2015-08-27,38.01266098022461,38.055954920579765,37.172744664247816,37.43251160949464,50943200,MSFT
2015-08-28,38.03863525390625,38.22913254804704,37.57105278816928,37.57971355778429,28246700,MSFT
2015-08-31,37.68363571166992,38.03865144533731,37.31995920470099,37.718272198641664,34441700,MSFT
2015-09-01,36.211612701416016,36.87835011317888,36.07307007709624,36.51467365989154,49688900,MSFT
2015-09-02,37.54507446289063,37.56239269779512,36.26355480799834,36.67918253635944,37671500,MSFT
2015-09-03,37.66630935668945,38.081937201492735,37.47581202248593,37.58837892934406,28285200,MSFT
2015-09-04,36.89566802978516,37.268001948706,36.54065235164163,37.06884713444176,37138800,MSFT
2015-09-08,38.00400161743164,38.09925027160923,37.40653729093045,37.49312517484678,32469800,MSFT
2015-09-09,37.29397201538086,38.445610079444265,37.15542941324173,38.28108846851168,33469500,MSFT
2015-09-10,37.48447799682617,37.91742414147942,37.0168953678526,37.337274590023256,31366600,MSFT
2015-09-11,37.64899063110352,37.74423929697617,37.18140807306491,37.35458716527733,27132500,MSFT
2015-09-14,37.26800537109375,37.61436030909666,37.11214449290149,37.605702839471306,23656000,MSFT
2015-09-15,38.08192825317383,38.35035595164882,37.30262746595292,37.397872807557874,28882200,MSFT
2015-09-16,38.35901641845703,38.42828936662372,37.96070687584647,38.07327376505936,23372200,MSFT
2015-09-17,38.31571960449219,38.96513858083951,38.16851955534901,38.35035607597848,32768200,MSFT
2015-09-18,37.64899063110352,38.09059748140101,37.51910878928153,37.6663088706364,63143700,MSFT
2015-09-21,38.19450378417969,38.506225490915575,37.752896931931694,37.77021517154108,26177200,MSFT
2015-09-22,38.01266098022461,38.14254280129006,37.50178455655562,37.56239673367602,28085900,MSFT
2015-09-23,37.98666763305664,38.2464344802381,37.67494609519303,38.0386223237388,17145200,MSFT
2015-09-24,38.02132415771485,38.21182148762862,37.4671537104563,37.62301456163732,27905600,MSFT
2015-09-25,38.04729843139648,38.73135399656609,37.89143758608908,38.51488096731872,29384600,MSFT
2015-09-28,37.48447799682617,38.177191167647976,37.41520502818552,37.95206062579975,27613800,MSFT
2015-09-29,37.61434555053711,37.7269124302013,37.27664821466024,37.55373337759078,32763600,MSFT
2015-09-30,38.32438659667969,38.3590230767752,37.80485260771324,37.99534994512199,34958900,MSFT
2015-10-01,38.6274528503418,38.74867723385967,37.882785005170064,38.74867723385967,28657900,MSFT
2015-10-02,39.45869827270508,39.45869827270508,38.02997514794821,38.33303933056238,41839000,MSFT
2015-10-05,40.37654113769531,40.601671583430935,39.57126138818068,39.61455532353958,34369300,MSFT
2015-10-06,40.48045349121094,40.85278733837404,40.02153175996547,40.11678041432571,27017200,MSFT
2015-10-07,40.52375411987305,40.99999416714017,39.7877470743799,40.78352111809906,27711500,MSFT
2015-10-08,41.08658218383789,41.147194368621776,40.263984000621285,40.31593871748591,33772700,MSFT
2015-10-09,40.79216766357422,41.16450144232319,40.62764608968511,41.08657103972188,28600600,MSFT
2015-10-12,40.69692993164063,40.75754211622568,40.26398386853806,40.67961169274256,19769100,MSFT
2015-10-13,40.601680755615234,40.80949631664661,40.31593807520291,40.31593807520291,19987800,MSFT
2015-10-14,40.41985702514648,40.78353024341145,40.289971845413376,40.3938813104468,24697800,MSFT
2015-10-15,40.70558547973633,40.72290371781761,40.289957675134055,40.70558547973633,27189400,MSFT
2015-10-16,41.13853073120117,41.16450973938153,40.61033934390355,40.71424546727664,26450300,MSFT
2015-10-19,41.23378372192383,41.45891753320132,40.71424974732669,41.06060462935263,29387600,MSFT
2015-10-20,41.3636589050293,41.39829537582492,40.714239941631945,41.07791297563895,30802200,MSFT
2015-10-21,40.8701057434082,41.5541612610586,40.792175326168085,41.493545778213125,25144300,MSFT
2015-10-22,41.58879470825195,42.38541712343695,40.77485735855771,41.155848676966826,56637100,MSFT
2015-10-23,45.77971649169922,46.818787719749885,45.24286429006765,45.28615823642052,135227100,MSFT
2015-10-26,46.974639892578125,47.03525206689993,45.45932892830141,45.48530463069197,64633300,MSFT
2015-10-27,46.48974609375,47.07855299149442,46.39450073647874,46.74951636866732,50999900,MSFT
2015-10-28,46.74085998535156,46.74085998535156,45.77106165813949,46.35986861115453,47000800,MSFT
2015-10-29,46.20400619506836,46.61097656734463,46.082781821143456,46.35986704814793,30202100,MSFT
2015-10-30,45.580562591552734,46.7495189847461,45.563244352048045,46.16936952224648,46619800,MSFT
2015-11-02,46.10009765625,46.20400378517807,45.56324216670303,45.76239695678028,30285000,MSFT
2015-11-03,46.8880500793457,47.095862296118845,45.805685149565015,45.83166085088275,36596900,MSFT
2015-11-04,47.1045150756836,47.52014274184894,46.81011173259376,46.914017823356325,37087800,MSFT
2015-11-05,47.087215423583984,47.364300643696346,46.75817548603192,47.18246408733193,31468500,MSFT
2015-11-06,47.55479431152344,47.6067490285736,46.72353865741887,46.83610555946939,32851200,MSFT
2015-11-09,46.89671325683594,47.51149581907631,46.37717934851485,47.23441062755625,32513100,MSFT
2015-11-10,46.333892822265625,46.8707483952564,46.126080532109086,46.81879367115887,55283700,MSFT
2015-11-11,46.455108642578125,46.93134859755106,46.29058704319616,46.498402583372766,36516300,MSFT
2015-11-12,46.16938018798828,46.74086901119887,46.05681325676154,46.30792283291456,35361100,MSFT
2015-11-13,45.75373458862305,46.143386659265616,45.48530687259907,45.95288935737016,36848200,MSFT
2015-11-16,46.55901336669922,46.66291948211763,45.76239100684912,45.961549074148536,32165200,MSFT
2015-11-17,46.17545700073242,46.66362280385599,46.0708471925944,46.34980003020219,31551300,MSFT
2015-11-18,46.94258499145508,47.055910643486655,46.18418202098699,46.20161699248268,29710000,MSFT
2015-11-19,47.02103042602539,47.64867596120146,46.88155400991739,47.06461950793045,28149200,MSFT
2015-11-20,47.23896408081055,47.33485474353338,46.43697549327442,47.29126898558123,37147600,MSFT
2015-11-23,47.23896408081055,47.474331164208365,46.855404755299375,47.29126898558123,28235900,MSFT
2015-11-24,47.29126739501953,47.45689459981918,46.70721094226808,47.00359541652638,24600000,MSFT
2015-11-25,46.8031005859375,47.27383476012971,46.8031005859375,47.151793305794,21005100,MSFT
2015-11-27,47.01232147216797,47.14308208622378,46.89028000591884,46.898995828344965,9009100,MSFT
2015-11-30,47.378448486328125,47.9102034689512,47.07334480386279,47.5440790499928,56241400,MSFT
2015-12-01,48.13685607910156,48.14557190224602,47.3348640091976,47.43075469069077,39952800,MSFT
2015-12-02,48.12812423706055,48.7819205380271,47.9973669720952,48.224014893263096,47274900,MSFT
2015-12-03,47.2476921081543,48.61630578244916,47.01232498051762,48.372222831735925,38627800,MSFT
2015-12-04,48.73835372924805,49.01730666006828,47.160523512423865,47.17795848627279,43963700,MSFT
2015-12-07,48.65116500854492,48.790641424711325,48.197865824659104,48.63373004085162,30709800,MSFT
2015-12-08,48.63372421264648,48.90395786605813,47.93634221538787,48.35477141374304,32878000,MSFT
2015-12-09,47.92762756347656,48.7034653160037,47.51791414681976,48.26760111117902,36373200,MSFT
2015-12-10,48.18043899536133,48.520412609357294,47.9537877024436,48.28504549381071,31775800,MSFT
2015-12-11,47.12565612792969,48.03225147574217,47.08206703132175,47.69227780463984,39549500,MSFT
2015-12-14,48.06711196899414,48.12813270178622,46.79438907735859,47.36101396800564,46768900,MSFT
2015-12-15,48.119407653808594,48.7296181901185,48.02351699912533,48.52040191395685,39843000,MSFT
2015-12-16,48.93012237548828,49.0347288659625,47.73585191816786,48.4158024197012,37503300,MSFT
2015-12-17,48.55527114868164,49.50545521037062,48.407075595746,49.1306117431203,41280900,MSFT
2015-12-18,47.18666076660156,48.81679199681744,47.09948592852207,48.616294857304695,84684200,MSFT
2015-12-21,47.79688262939453,48.25017859303332,47.27384345342689,47.840468396046624,37246300,MSFT
2015-12-22,48.25017929077149,48.36350494601038,47.50921127082835,47.93635977110981,28322200,MSFT
2015-12-23,48.65987777709961,48.712182676898266,48.32862006246782,48.55527130288215,27279800,MSFT
2015-12-24,48.52911758422852,48.78191961390437,48.31990463409531,48.694748105578846,9558500,MSFT
2015-12-28,48.77322006225586,48.77322006225586,47.92764218284772,48.250180861695576,22458300,MSFT
2015-12-29,49.29624557495117,49.55776345756757,48.86910047593313,49.06959763011837,27731400,MSFT
2015-12-30,49.0870246887207,49.49673475282288,49.06958972263852,49.226501091998415,21704500,MSFT
2015-12-31,48.36349105834961,48.982417422023936,48.311186157401664,48.85166015772397,27334100,MSFT
2016-01-04,47.77072525024414,47.77072525024414,46.54158809237248,47.35229593324321,53778000,MSFT
2016-01-05,47.9886589050293,48.28504676290984,47.54407878089883,47.88405240383049,34079700,MSFT
2016-01-06,47.11691284179688,47.4220197348489,46.75950438021783,47.3522798763069,39518900,MSFT
2016-01-07,45.47807693481445,46.62876168212536,45.39090540981812,45.940095328360506,56564900,MSFT
2016-01-08,45.6175537109375,46.44569312036414,45.46064231590543,45.65242032342661,48754000,MSFT
2016-01-11,45.59138870239258,46.07083859471835,44.85913680898211,45.77445084440031,36943800,MSFT
2016-01-12,46.00982666015625,46.28877949893389,45.38218443559664,45.99239169206013,36095500,MSFT
2016-01-13,45.01605987548828,47.13436042793127,44.719672048077896,46.89899333039534,66883600,MSFT
2016-01-14,46.2974967956543,46.56773047689544,44.95503423431825,45.32987771995597,52381900,MSFT
2016-01-15,44.4494514465332,45.30374524210792,43.88282641586708,44.72840438690938,71820700,MSFT
2016-01-19,44.0745964050293,45.05093144371784,43.63873213279935,44.876585069749765,43564500,MSFT
2016-01-20,44.275089263916016,44.78940918812706,42.801866038857504,43.56898801445944,63273000,MSFT
2016-01-21,44.004844665527344,44.96374780122718,43.84793330378336,44.45814378552333,40191200,MSFT
2016-01-22,45.582706451416016,45.61757640663396,44.68482339415468,44.81558406353099,37555800,MSFT
2016-01-25,45.14681625366211,45.89650323661674,45.024774805344855,45.27757352312485,34707700,MSFT
2016-01-26,45.47807693481445,45.7134440427612,44.93760616400001,45.14682247952395,28900800,MSFT
2016-01-27,44.649932861328125,45.50422635453675,44.475586503955306,45.33859581861149,36775200,MSFT
2016-01-28,45.3821907043457,45.512947995058205,44.67608936312803,45.207844324681766,62513800,MSFT
2016-01-29,48.02351760864258,48.02351760864258,47.07333352121762,47.709694853107,83611700,MSFT
2016-02-01,47.6922607421875,48.02351847068571,47.50919857329902,47.840456301797225,44208500,MSFT
2016-02-02,46.20159912109375,47.299975297409375,45.89649555138927,47.22151961871686,56313800,MSFT
2016-02-03,45.4693603515625,46.54158605290087,44.68480333820249,46.41954458979608,57559800,MSFT
2016-02-04,45.32987976074219,46.0359810079983,44.780689901765214,45.41705127628386,46987100,MSFT
2016-02-05,43.72590255737305,45.32988317185386,43.202866774003816,45.27757826336477,62009000,MSFT
2016-02-08,43.07210922241211,43.211585662901605,42.00859928531679,43.19415069216784,59290500,MSFT
2016-02-09,42.95878601074219,43.795648026503,42.4270310120484,42.73213802911543,46740500,MSFT
2016-02-10,43.3336181640625,43.92639374480351,43.16799096444191,43.490529542810414,38237000,MSFT
2016-02-11,43.31619644165039,43.68232421247238,42.28755634439091,42.43575194757963,48878600,MSFT
2016-02-12,44.02229690551758,44.179208328835045,43.368500416821774,43.80436474261898,34243300,MSFT
2016-02-16,44.85639190673828,44.85639190673828,44.01352451518213,44.689575448802366,37291200,MSFT
2016-02-17,46.02410507202149,46.33140271945954,45.17245943880874,45.20757974410281,40789000,MSFT
2016-02-18,45.82216262817383,46.489434948550745,45.743143625741205,45.94508368137944,27176000,MSFT
2016-02-19,45.4973030090332,45.90117637555931,45.2426858804275,45.62900244776191,33559100,MSFT
2016-02-22,46.226051330566406,46.533345669815176,45.901193487066735,45.901193487066735,25008300,MSFT
2016-02-23,44.93539810180664,45.98020196489618,44.75979994139709,45.95386341307447,28895300,MSFT
2016-02-24,45.09343719482422,45.21635490528767,44.07497185908314,44.5051838457052,33014500,MSFT
2016-02-25,45.74314880371094,45.74314880371094,44.43494926444463,45.41829435660715,26939500,MSFT
2016-02-26,45.04075241088867,46.25237594617397,44.86515426313984,46.182135347372,35975900,MSFT
2016-02-29,44.67200469970703,45.34805547301472,44.4788463789744,45.08465654501333,31654000,MSFT
2016-03-01,46.16457748413086,46.173355884150965,44.70711523584831,44.75101728371688,33024500,MSFT
2016-03-02,46.48943710327149,46.4982155042792,45.79582619968787,46.01532306670119,29289900,MSFT
2016-03-03,45.96264266967773,46.506997312007975,45.46219008020952,46.506997312007975,24427800,MSFT
2016-03-04,45.68167495727539,46.05043133913803,45.40071930883505,46.00653264705464,33034200,MSFT
2016-03-07,44.80370330810547,45.47975411904034,44.40861159262662,45.269038984019176,38407800,MSFT
2016-03-08,45.34806060791016,45.76949425147348,44.42617095402996,44.6017691428289,33835100,MSFT
2016-03-09,46.392852783203125,46.40163118323396,45.53242556217198,45.55876411152052,28251600,MSFT
2016-03-10,45.6992416381836,46.480649856465,44.9178334199022,46.47187145649536,38387800,MSFT
2016-03-11,46.59477615356445,46.59477615356445,45.98896624697598,46.533317323153526,32275700,MSFT
2016-03-14,46.682594299316406,47.05135079513186,46.20848358934875,46.27872084853573,24083600,MSFT
2016-03-15,47.05134582519531,47.05134582519531,46.30505786022264,46.31383626072256,21104800,MSFT
2016-03-16,47.71861267089844,47.93810951547342,46.88452734091835,46.928426039982135,31691700,MSFT
2016-03-17,47.99078369140625,48.28929949498181,47.41131223143669,47.59568875295982,28223900,MSFT
2016-03-18,46.96354675292969,48.262967682357534,46.928426453666646,48.219065633650686,67625500,MSFT
2016-03-21,47.28839492797852,47.34985376897692,46.47186649842182,46.752822157059,23925700,MSFT
2016-03-22,47.47278594970703,47.630823974614025,46.9372130152174,47.06891248572545,23124100,MSFT
2016-03-23,47.38497924804688,47.62203623894401,47.18304255563584,47.507896943492206,20129000,MSFT
2016-03-24,47.595699310302734,47.701060216762606,47.17426573223232,47.27084488852569,19950000,MSFT
2016-03-28,47.0074462890625,47.66593684031261,46.823069738533945,47.59569624053631,17025100,MSFT
2016-03-29,48.03469467163086,48.16639413455256,46.92843191026313,47.11280847894834,23924300,MSFT
2016-03-30,48.33321762084961,48.85123044858035,48.20152148792232,48.22786004465638,23008300,MSFT
2016-03-31,48.491241455078125,48.80731744032566,48.16638706990971,48.24540606622159,26360500,MSFT
2016-04-01,48.78976058959961,48.824880890169375,47.91177317089275,48.3332067299613,24399200,MSFT
2016-04-04,48.66683197021485,48.86876862930948,48.28929719691669,48.66683197021485,18928800,MSFT
2016-04-05,47.90298843383789,48.55269716215493,47.81518769402764,48.45611802299153,19272300,MSFT
2016-04-06,48.39466857910156,48.464909184592095,47.59570011255708,47.72739957322361,21188700,MSFT
2016-04-07,47.81520462036133,48.210299716229656,47.61326787119684,48.175179407873145,19225100,MSFT
2016-04-08,47.78007888793945,48.53514868560296,47.69228147627203,47.999575766364586,22167200,MSFT
2016-04-11,47.683502197265625,48.42101182917158,47.67472044670655,47.8415402147638,21414200,MSFT
2016-04-12,47.98200607299805,48.09614200765159,47.20059458235644,47.736167357712375,24944300,MSFT
2016-04-13,48.59661102294922,48.67563003880999,48.19273754155279,48.394674282251,20818000,MSFT
2016-04-14,48.60538482666016,48.79854313368176,48.35076766726918,48.48246712192142,20877100,MSFT
2016-04-15,48.860008239746094,49.09706192965109,48.38589416142272,48.5527105893113,28793800,MSFT
2016-04-18,49.57117462158203,49.68531393708026,48.4736902205591,48.71952900388272,23786000,MSFT
2016-04-19,49.50970077514648,49.84333686984867,48.88633062789796,49.72041919002565,29596800,MSFT
2016-04-20,48.80731964111328,49.60628804017956,48.71952224092161,49.42191149022337,36195700,MSFT
2016-04-21,48.97414016723633,49.369235199897744,48.6580641411072,48.991700318605325,38909100,MSFT
2016-04-22,45.462188720703125,46.032881898279385,44.57542287706439,45.57632802606963,126834100,MSFT
2016-04-25,45.75192642211914,45.76948657297875,45.33049284925741,45.46218895682002,33226900,MSFT
2016-04-26,45.16366958618164,45.96263796738717,44.85637534312415,45.883618969278665,33532600,MSFT
2016-04-27,44.72467803955078,45.21635220125786,44.38226348109215,45.19879205091944,43369300,MSFT
2016-04-28,43.81157684326172,44.57542501745581,43.51306096437743,44.44372555499704,43134800,MSFT
2016-04-29,43.78523254394531,44.118868707786,43.32867867480971,43.32867867480971,48411700,MSFT
2016-05-02,44.43494415283203,44.55786185655533,43.70621298182075,43.89937128724662,33114500,MSFT
2016-05-03,43.70623397827149,44.259367260007465,43.54819589777549,44.197908378621,26460200,MSFT
2016-05-04,43.78523254394531,43.9520523004938,43.42525782875751,43.7588939925982,24257600,MSFT
2016-05-05,43.84668731689453,44.16276330067588,43.6623107761074,43.78522846996549,25390700,MSFT
2016-05-06,44.24178695678711,44.24178695678711,43.60085652183246,43.8291317845775,24787300,MSFT
2016-05-09,43.96083831787109,44.4173922661095,43.89937945457524,44.32959484690309,17951600,MSFT
2016-05-10,44.79492568969727,44.86516295284704,44.06619440763493,44.18911547934634,22891000,MSFT
2016-05-11,44.82125473022461,45.46218511072437,44.77735603141756,44.89149532772071,24039100,MSFT
2016-05-12,45.22512435913086,45.48852322859256,44.70711171804834,44.95295043959554,24102800,MSFT
2016-05-13,44.84761047363281,45.56756007394032,44.81249016404292,45.16368321217066,22592300,MSFT
2016-05-16,45.5060920715332,45.62022803090221,44.55786399850327,44.60176270204953,20032000,MSFT
2016-05-17,44.65733337402344,45.735971327698216,44.52471610979512,45.72713152582282,27803500,MSFT
2016-05-18,44.92255783081055,45.21431840103682,44.47165053225862,44.63079388790264,24907500,MSFT
2016-05-19,44.48934555053711,44.75458342421415,44.04728130351454,44.6219661737169,23842400,MSFT
2016-05-20,44.75457382202149,45.285052828242655,44.56006788848736,44.63079639904109,23905800,MSFT
2016-05-23,44.23293685913086,44.80762159137271,44.18873111957727,44.73688970994158,26118700,MSFT
2016-05-24,45.612186431884766,45.71828090051369,44.56007480066558,44.82531265857907,34757900,MSFT
2016-05-25,46.08078002929688,46.40791002785587,45.78901935559188,45.9039536411239,24040200,MSFT
2016-05-26,45.87742614746094,45.95699784532522,45.4088391337504,45.91279209599673,24335200,MSFT
2016-05-27,46.25760269165039,46.25760269165039,45.77133269285346,45.90394994378941,17721400,MSFT
2016-05-31,46.85880279541016,46.85880279541016,46.04540632803757,46.204546329003584,37653100,MSFT
2016-06-01,46.7261848449707,46.81459970906072,46.36369233390717,46.36369233390717,25324800,MSFT
2016-06-02,46.3990592956543,46.62893457464025,45.83321764381546,46.540519708614006,22840800,MSFT
2016-06-03,45.78901290893555,46.34601140013852,45.62102634611485,46.3106488256289,23368300,MSFT
2016-06-06,46.089622497558594,46.284128486154366,45.87743016046538,45.96584503953871,18243300,MSFT
2016-06-07,46.06309509277344,46.62009701137341,46.06309509277344,46.18687592010441,20866800,MSFT
2016-06-08,46.01005172729492,46.36370113272327,45.85974811615867,45.99236875112108,21149400,MSFT
2016-06-09,45.638702392578125,45.97467209454301,45.5237681406727,45.97467209454301,20305700,MSFT
2016-06-10,45.51493835449219,46.01889136930755,45.12592299806644,45.13476279978125,25833200,MSFT
2016-06-13,44.330196380615234,44.84299245929007,43.375339485150576,43.83508664692323,83217800,MSFT
2016-06-14,44.05611038208008,44.29482203113949,43.82623515847117,44.11799908704829,42577100,MSFT
2016-06-15,43.932350158691406,44.31252573722669,43.932350158691406,44.01192186984258,33757600,MSFT
2016-06-16,44.55122756958008,44.62195945734495,43.77319366757671,43.78203683988834,31188600,MSFT
2016-06-17,44.32135391235352,44.58659173553109,44.04727291721694,44.568908764295,45710500,MSFT
2016-06-20,44.26831817626953,44.94025779253385,44.23295222326974,44.77227120212632,35607900,MSFT
2016-06-21,45.25852584838867,45.47071812148787,44.34787479101017,44.38324073197367,34097800,MSFT
2016-06-22,45.08170700073242,45.49724504056756,45.04634105654328,45.16127868881695,28816800,MSFT
2016-06-23,45.89510726928711,46.02772788460218,45.22317113764053,45.33810540671909,29028800,MSFT
2016-06-24,44.05611038208008,45.037489863439525,43.78202942244837,44.03842741313466,133503000,MSFT
2016-06-27,42.81834030151367,43.45491385285178,42.473530752099634,43.410704733033725,50216300,MSFT
2016-06-28,43.71129608154297,43.73782222041272,43.03051697702963,43.251549022416505,38140700,MSFT
2016-06-29,44.6838493347168,44.84299271364393,44.029592846607216,44.12684750847181,31304000,MSFT
2016-06-30,45.2408447265625,45.35578235304962,44.648480368286414,44.84298967885201,28527800,MSFT
2016-07-01,45.23200988769531,45.72712301766737,45.15243819489056,45.20548711432115,21400400,MSFT
2016-07-05,45.2408447265625,45.3380993818453,44.86067265005632,44.9402443341348,24806400,MSFT
2016-07-06,45.42652893066406,45.56798937337079,44.55124012269659,44.89604974100157,28167500,MSFT
2016-07-07,45.42652893066406,45.629878106262304,45.15244784737096,45.4618915118285,19585200,MSFT
2016-07-08,46.23990631103516,46.29295521963904,45.57681013055373,45.7359534836838,28391000,MSFT
2016-07-11,46.49630737304688,46.708499648758256,46.39021292153209,46.41673569124033,22269200,MSFT
2016-07-12,47.04447937011719,47.21246595325578,46.67314699773606,46.80576425672242,27317600,MSFT
2016-07-13,47.30971908569336,47.61916611396365,47.01795840652281,47.3539282130769,25356800,MSFT
2016-07-14,47.51305389404297,47.73408595772953,47.37159350819084,47.60146537044494,24545500,MSFT
2016-07-15,47.47769165039063,47.74292947292606,47.044467287859966,47.6987237312838,32024400,MSFT
2016-07-18,47.70756530761719,48.04353502744041,47.34507281635703,47.47769341890573,31433900,MSFT
2016-07-19,46.93838882446289,47.65453422470036,46.79692837940546,47.48654762747507,53336500,MSFT
2016-07-20,49.43162536621094,50.25386515875923,49.09565558461378,49.64381769476773,89893300,MSFT
2016-07-21,49.33436584472656,49.714541340406434,49.29899989799301,49.49350923234522,32776700,MSFT
2016-07-22,50.01514053344727,50.0681894486592,49.31667832689245,49.581919530270135,32157200,MSFT
2016-07-25,50.15659332275391,50.1654364936215,49.74105198169583,49.92672147041887,25610600,MSFT
2016-07-26,50.18312454223633,50.651714869379205,49.96209245085941,49.970935623216434,28079000,MSFT
2016-07-27,49.67917251586914,50.21849136792613,49.6084439991815,50.05050818969614,32327500,MSFT
2016-07-28,49.69685745239258,49.83831786404095,49.26363641726792,49.51119129448201,37550400,MSFT
2016-07-29,50.112396240234375,50.18312475598157,49.55539442324112,49.741060571344846,30558700,MSFT
2016-08-01,50.02399444580078,50.17429467881437,49.63497572942166,50.0416740486519,26003400,MSFT
2016-08-02,50.02399444580078,50.30691530897683,49.78527933511798,50.26270618380086,35122000,MSFT
2016-08-03,50.368797302246094,50.492574741750126,49.94441606422557,50.11239925031215,22075600,MSFT
2016-08-04,50.74013900756836,50.855076668092,50.103565346431765,50.2185030069554,26587700,MSFT
2016-08-05,51.24407958984375,51.46511168266331,50.79317560447196,50.97000195326402,29335200,MSFT
2016-08-08,51.33250045776367,51.359023232747575,51.08494219141145,51.33250045776367,19473500,MSFT
2016-08-09,51.45626449584961,51.72150229461903,51.29712114205165,51.42973835509555,16920700,MSFT
2016-08-10,51.297122955322266,51.56236076346742,51.12029662566493,51.42090037427789,15756900,MSFT
2016-08-11,51.54469680786133,51.67731744719797,51.30598168066514,51.30598168066514,18162300,MSFT
2016-08-12,51.22639465332031,51.44742673766397,50.943473855174986,51.3059663385913,21655200,MSFT
2016-08-15,51.385536193847656,51.72150589443593,51.24407579981288,51.28828154057091,19283900,MSFT
2016-08-16,51.100852966308594,51.26098822655565,50.949615994799046,51.25209333152094,20523500,MSFT
2016-08-17,51.20762252807617,51.314378258811416,50.914040026424885,51.18982934066972,18856400,MSFT
2016-08-18,51.24319839477539,51.332164319455984,50.949619327586994,51.08306312405335,14214300,MSFT
2016-08-19,51.2609977722168,51.35885860433586,50.88735102452956,51.091967585458775,17271000,MSFT
2016-08-22,51.30546569824219,51.37663842807216,50.94071394212,51.243191256492246,15221900,MSFT
2016-08-23,51.501197814941406,51.759193922638005,51.46561144276879,51.51009610483618,18732400,MSFT
2016-08-24,51.55457305908203,51.63464069291869,51.34995652676679,51.421125871453285,18151500,MSFT
2016-08-25,51.75029373168945,51.85705284428549,51.403335100010125,51.49230102717349,18552600,MSFT
2016-08-26,51.625736236572266,52.22179597141845,51.323258921956864,51.84814592691587,20971200,MSFT
2016-08-29,51.68801498413086,52.13283440187279,51.68801498413086,51.75918771994692,16417200,MSFT
2016-08-30,51.501197814941406,51.76808881882954,51.25209999713958,51.581265455478174,16930200,MSFT
2016-08-31,51.11865997314453,51.42113739165974,50.97631785817877,51.28769356783768,20860300,MSFT
2016-09-01,51.23429489135742,51.43891139319092,50.71830279601016,50.71830279601016,26075400,MSFT
2016-09-02,51.30546569824219,51.76807826102931,51.08305600807738,51.30546569824219,18900500,MSFT
2016-09-06,51.25210571289063,51.42113590900632,50.89624873888498,51.40334272093567,16278400,MSFT
2016-09-07,51.296573638916016,51.45670889618121,51.07416393645909,51.12754348678174,17493400,MSFT
2016-09-08,51.09195709228516,51.41222760664246,50.86954738994845,51.269885532895074,20146100,MSFT
2016-09-09,50.00660705566406,51.17203535994312,50.00660705566406,50.52259930134139,35113900,MSFT
2016-09-12,50.75389099121094,50.89623305821817,49.47281238814579,49.819770964369525,29303000,MSFT
2016-09-13,50.291290283203125,50.39804940390823,49.86426398149281,50.26460219987854,30130200,MSFT
2016-09-14,50.051082611083984,50.38025144485583,49.846466073003214,50.16673661737418,24062500,MSFT
2016-09-15,50.87845993041992,51.02080205353423,49.80199741226145,49.95323782702886,26847000,MSFT
2016-09-16,50.93183135986328,51.26989512087312,50.48701187200421,51.26989512087312,44607000,MSFT
2016-09-19,50.64714431762695,51.37664796529155,50.57597157458496,50.94962168814909,20937100,MSFT
2016-09-20,50.54038238525391,51.02078476693228,50.48700283453286,51.02078476693228,17384000,MSFT
2016-09-21,51.38553237915039,51.465600001888,50.78058115521371,51.163122693068416,33707300,MSFT
2016-09-22,51.438926696777344,51.59906198823712,51.26989650854912,51.52788923927568,19822200,MSFT
2016-09-23,51.09195709228516,51.51898331352732,51.04747583055836,51.48339694666478,19955300,MSFT
2016-09-26,50.62044906616211,50.83396047764086,50.55817462167225,50.78058432162252,21688700,MSFT
2016-09-27,51.55457305908203,51.652433877516046,50.42473128992165,50.647141006834254,28065100,MSFT
2016-09-28,51.625736236572266,51.65242770713123,51.30546573948507,51.492292458587634,20536400,MSFT
2016-09-29,51.06526947021485,51.750288373073566,50.89623592295902,51.43002124955768,25463500,MSFT
2016-09-30,51.24319839477539,51.394438769880885,51.011893778011896,51.21651031422272,29910800,MSFT
2016-10-03,51.08306884765625,51.19872286584796,50.762801664030846,51.07417395104307,19189500,MSFT
2016-10-04,50.92293548583984,51.24320266023983,50.68273255976238,50.949623568614015,20085900,MSFT
2016-10-05,51.27878952026367,51.563473718237255,50.940725762531294,50.96741723926236,16726400,MSFT
2016-10-06,51.36775970458984,51.47451543923962,50.9585231666424,51.36775970458984,16212600,MSFT
2016-10-07,51.4211311340332,51.5812664180952,51.08306737949084,51.46561240322747,20089000,MSFT
2016-10-10,51.63463973999024,51.946011980440254,51.4833993705553,51.51898573909328,18196500,MSFT
2016-10-11,50.87845993041992,51.61686202724685,50.61156887379358,51.501207991684005,26497400,MSFT
2016-10-12,50.807273864746094,50.94961594107083,50.17563111316148,50.807273864746094,22177500,MSFT
2016-10-13,50.63824462890625,50.97630836160965,50.10446264565083,50.44252637835424,25313700,MSFT
2016-10-14,51.08306884765625,51.36775644482895,50.81617783111671,50.81617783111671,27402500,MSFT
2016-10-17,50.9051399230957,51.11865136272866,50.59376426588485,51.02968882849879,23830000,MSFT
2016-10-18,51.296573638916016,51.5545697082547,51.07416393645909,51.18091964340165,19149500,MSFT
2016-10-19,51.180912017822266,51.45670122951127,51.06526143324172,51.12753586915501,22878400,MSFT
2016-10-20,50.93183135986328,51.17203429055158,50.406944228441446,51.15424110379281,49455600,MSFT
2016-10-21,53.07584762573242,53.77866305187992,52.924610667390624,53.62742269983561,80032200,MSFT
2016-10-24,54.26796340942383,54.26796340942383,53.31605022439407,53.32494511860914,54067000,MSFT
2016-10-25,54.25908660888672,54.59714700103168,54.09005301911061,54.13453429242404,35137200,MSFT
2016-10-26,53.938812255859375,54.44590620247633,53.79647015494415,54.09894754360193,29911600,MSFT
2016-10-27,53.46729278564453,54.11673212359192,53.45839789049722,53.92101049332268,28479900,MSFT
2016-10-28,53.262672424316406,53.840938984627904,53.00467975919064,53.387221309625936,33574700,MSFT
2016-10-31,53.30716323852539,53.75198270504327,53.30716323852539,53.520678075683385,26434700,MSFT
2016-11-01,53.20040130615234,53.39612293455658,52.71110062884456,53.3516416718382,24533000,MSFT
2016-11-02,52.87123489379883,53.31605430001036,52.755580897947056,53.21819348765138,22147000,MSFT
2016-11-03,52.67551040649414,53.05805534654334,52.5865478875675,52.96019453950249,21600400,MSFT
2016-11-04,52.230690002441406,52.73778381654647,52.061659862307216,52.17731384961087,28697000,MSFT
2016-11-07,53.7519760131836,53.84094193163327,53.1826077099168,53.1826077099168,31664800,MSFT
2016-11-08,53.79647064208984,54.07225655615228,53.51178643768147,53.86763999634023,22935400,MSFT
2016-11-09,53.529563903808594,53.90321395711249,52.66661659266644,53.37832693978979,49632500,MSFT
2016-11-10,52.2218017578125,53.81425613161191,51.26988844916211,53.805357842538776,57822400,MSFT
2016-11-11,52.506492614746094,52.5954551546004,51.60795535118213,51.80367701130564,38767800,MSFT
2016-11-14,51.705810546875,52.55986644744556,50.95851375494013,52.50648689312772,41328400,MSFT
2016-11-15,52.72685241699219,53.28215722267064,52.23424618074096,52.24320458350038,35904100,MSFT
2016-11-16,53.42544937133789,53.43440435553247,52.67310428372661,52.78953616140027,27332500,MSFT
2016-11-17,54.31216049194336,54.589812940960016,53.712077239184,54.10616161040073,32132700,MSFT
2016-11-18,54.05241012573242,54.75997358166356,54.007628363745646,54.43753942875168,27686300,MSFT
2016-11-21,54.50919723510742,54.6077191691446,54.11510949895872,54.18676305703292,19652600,MSFT
2016-11-22,54.74206161499024,54.8674519184609,54.464412633485054,54.61667131151957,23206700,MSFT
2016-11-23,54.09719467163086,54.724146165371806,53.96284597061244,54.64353762808663,21848900,MSFT
2016-11-25,54.2136344909668,54.2136344909668,53.85537693027704,54.00763562482846,8409600,MSFT
2016-11-28,54.28528594970703,54.65250189974781,53.92702498626881,54.04346031188069,20732600,MSFT
2016-11-29,54.7151985168457,55.00180592859729,54.20467885112383,54.321114179844734,22366700,MSFT
2016-11-30,53.971797943115234,54.79579665787588,53.93597458592241,54.50918930055806,34655400,MSFT
2016-12-01,53.02241516113281,53.87328229300458,52.78954453558674,53.83745551728528,34542100,MSFT
2016-12-02,53.067176818847656,53.264220594027655,52.66413428626497,52.91491820466536,25515700,MSFT
2016-12-05,53.93598175048828,54.267370910789,53.344853570419325,53.4702438788234,23552700,MSFT
2016-12-06,53.694149017333984,54.150928425615874,53.5598003237415,54.12406005354906,19907000,MSFT
2016-12-07,54.96597671508789,54.9749351181629,53.55980809572414,53.74789356074305,30809000,MSFT
2016-12-08,54.6435432434082,55.15406630976335,54.49128455546156,54.90328226986632,21220800,MSFT
2016-12-09,55.50338363647461,55.52129703099285,54.751038149861856,54.795819927842125,27349400,MSFT
2016-12-12,55.682498931884766,55.79893426322898,55.27945959896159,55.36902313591564,20198100,MSFT
2016-12-13,56.407958984375,56.80204321220891,55.74518080953485,55.978047985839225,35718900,MSFT
2016-12-14,56.13927459716797,56.82892467578755,56.00492589247253,56.42588197833072,30352700,MSFT
2016-12-15,56.049713134765625,56.56023276479139,55.79892910454571,56.1571900525001,27669900,MSFT
2016-12-16,55.79892349243164,56.38109662014663,55.63770642372993,56.38109662014663,42453100,MSFT
2016-12-19,56.98118591308594,57.11553462381924,55.90640647710848,56.03180020155338,34338200,MSFT
2016-12-20,56.90954208374024,57.14240933598763,56.45275914989686,57.0438873927418,26028400,MSFT
2016-12-21,56.90954208374024,57.05284579665325,56.53336770194981,56.811020140494406,17096300,MSFT
2016-12-22,56.91849136352539,57.41109761372846,56.79310105437875,57.17823038483181,22176600,MSFT
2016-12-23,56.64083480834961,56.90952878017098,56.24674712749099,56.82892024696165,12403800,MSFT
2016-12-27,56.67665863037109,57.38422204805043,56.6139634836531,56.6139634836531,11763200,MSFT
2016-12-28,56.41692352294922,56.7841394210205,56.27361984118065,56.7841394210205,14653300,MSFT
2016-12-29,56.336307525634766,56.60500146627872,56.18404546207161,56.30048075578122,10250600,MSFT
2016-12-30,55.65562438964844,56.416928035954825,55.55710245993341,56.390056244541015,25579900,MSFT
2017-01-03,56.049713134765625,56.28258035929525,55.64667042247434,56.23779859495836,20694100,MSFT
2017-01-04,55.79892349243164,56.20196616418592,55.63770642372993,55.96014056113335,21340000,MSFT
2017-01-05,55.79892349243164,56.12135762983507,55.55709788937907,55.70040157082179,24876000,MSFT
2017-01-06,56.2825813293457,56.56023373962727,55.56606283771708,55.798930066260255,19922900,MSFT
2017-01-09,56.10343933105469,56.49752698299408,56.01387581922972,56.21091622857045,20382700,MSFT
2017-01-10,56.08553695678711,56.48857967238786,55.78101617351428,56.18405888911503,18593000,MSFT
2017-01-11,56.5960578918457,56.63188467108471,55.91536616945313,56.07658325939895,21517300,MSFT
2017-01-12,56.07658386230469,56.78414738504872,55.48545566502442,56.47962659150254,20968200,MSFT
2017-01-13,56.157188415527344,56.3094470931604,55.84370924104771,56.08553486137331,19422300,MSFT
2017-01-17,56.00492858886719,56.15719068929475,55.5571041071609,56.13927730003094,20664000,MSFT
2017-01-18,55.97805404663086,56.157184502905935,55.63770652137114,56.13031271365564,19670100,MSFT
2017-01-19,55.79892349243164,56.407964992720494,55.70935997276592,55.74518674728392,18451700,MSFT
2017-01-20,56.19301223754883,56.26466237130544,55.86161969195783,56.13031367264646,30213500,MSFT
2017-01-23,56.39004898071289,56.53335265548535,56.04074648699435,56.157181790443566,23097600,MSFT
2017-01-24,56.89161682128906,57.08866066666467,56.372138834982216,56.605009455267805,24672900,MSFT
2017-01-25,57.034915924072266,57.411086780530525,56.82891710982669,57.27674151035073,23672700,MSFT
2017-01-26,57.56333923339844,57.80516821024517,56.91847448944557,57.42899739432506,43554600,MSFT
2017-01-27,58.91579818725586,59.03223694647259,58.11867101485751,58.56649557612672,44818000,MSFT
2017-01-30,58.33360290527344,58.92473438331898,58.038043999508616,58.83517087147333,31651400,MSFT
2017-01-31,57.90371322631836,58.35153775732893,57.55441063879093,58.09179870935159,25270500,MSFT
2017-02-01,56.94536590576172,57.87684169958759,56.84684396763766,57.6439710428162,39671500,MSFT
2017-02-02,56.57813262939453,56.79308984309043,56.20196177621296,56.649786172836166,45827000,MSFT
2017-02-03,57.034915924072266,57.05282931008871,56.488569608772295,56.87369886655329,30301800,MSFT
2017-02-06,56.99909973144531,57.00805813443079,56.55127524780211,56.87370942268596,19796400,MSFT
2017-02-07,56.81101989746094,57.124495700420255,56.63188940292847,57.088672334817765,20277200,MSFT
2017-02-08,56.73041534423828,57.15137152356501,56.6229384065956,56.93641423164937,18096400,MSFT
2017-02-09,57.375267028808594,57.71561798813661,56.71248874824918,56.89161921370261,22644400,MSFT
2017-02-10,57.32152938842773,57.59022679073951,57.30361600049832,57.54544161260128,18170700,MSFT
2017-02-13,57.966400146484375,58.09179045068031,57.43796372172231,57.53648565119899,22920100,MSFT
2017-02-14,58.18265151977539,58.31781470002776,57.68705548374501,58.03848250227514,23108400,MSFT
2017-02-15,58.14662551879883,58.18266950298567,57.81323069577292,58.11959424933046,17005200,MSFT
2017-02-16,58.13760757446289,58.78638548209272,58.06552648726013,58.33584603231494,20546300,MSFT
2017-02-17,58.22771835327149,58.290793598424656,57.93937339333038,58.0925551494615,21248800,MSFT
2017-02-21,58.11056137084961,58.52505673314207,58.07451739916966,58.218693285889465,20655900,MSFT
2017-02-22,57.993431091308594,58.02046235488034,57.714098868153066,57.96639982773684,19292700,MSFT
2017-02-23,58.22771835327149,58.32683757775306,57.8402541688488,58.04749845662946,20273100,MSFT
2017-02-24,58.22771835327149,58.38991282290624,57.79519747601676,58.146617681111046,21796800,MSFT
2017-02-27,57.87630081176758,58.155633071060514,57.71410633466829,58.155633071060514,15871500,MSFT
2017-02-28,57.65102005004883,57.849255044661945,57.45278161809294,57.74112999063912,23239800,MSFT
2017-03-01,58.51607131958008,58.56112114388986,57.68707343097273,57.78619266901614,26937500,MSFT
2017-03-02,57.67805862426758,58.34485504270065,57.56091741230496,58.29079251205867,24539600,MSFT
2017-03-03,57.894317626953125,57.921348893210464,57.32663697414716,57.66003863225557,18135900,MSFT
2017-03-06,57.91231536865234,58.173628973046775,57.49782349806354,57.64199592853256,18750300,MSFT
2017-03-07,58.02947616577149,58.37188363530261,57.84025044250279,57.84025044250279,18521000,MSFT
2017-03-08,58.56110382080078,58.64220448006712,57.89430749595374,57.90332020802445,21510900,MSFT
2017-03-09,58.32683563232422,58.75033690726376,58.10156592504992,58.74133106874663,19846800,MSFT
2017-03-10,58.50705337524414,58.804411062795324,58.34485889791499,58.66924785257329,19538200,MSFT
2017-03-13,58.308815002441406,58.74133590084932,58.18266450596544,58.57914142328216,20100000,MSFT
2017-03-14,58.03849792480469,58.16464842664614,57.80421547509053,58.14662299799065,14280200,MSFT
2017-03-15,58.344844818115234,58.49802654454732,57.894305475890405,58.164631831099214,24833800,MSFT
2017-03-16,58.245731353759766,58.35386328143812,57.93936787069929,58.344850568793554,20674300,MSFT
2017-03-17,58.45298385620117,58.78637861026528,58.2817766853992,58.48902783293241,49219700,MSFT
2017-03-20,58.50705337524414,58.73232310071872,58.31782763080787,58.48903482206821,14598100,MSFT
2017-03-21,57.85826110839844,59.02065342836193,57.78617316421045,58.74132123798942,26640500,MSFT
2017-03-22,58.597164154052734,58.69628339044842,57.77718586850024,57.77718586850024,20680000,MSFT
2017-03-23,58.45298385620117,58.78637861026528,58.36287047703027,58.51605909680943,19269200,MSFT
2017-03-24,58.55208969116211,58.97559085291814,58.35385130179151,58.89449707982147,22617100,MSFT
2017-03-27,58.66021728515625,58.76834919536076,57.984408314417855,58.23670923021069,18614700,MSFT
2017-03-28,58.8314323425293,58.99362679232391,58.25474249318963,58.5340747054583,20080400,MSFT
2017-03-29,58.99363327026367,59.02066453575013,58.52506841954499,58.67825704844496,13618400,MSFT
2017-03-30,59.20988464355469,59.45317975919039,58.89450845169857,58.94857097753522,15122800,MSFT
2017-03-31,59.34504699707031,59.64240463435496,58.97560140989509,59.15582128462152,21040300,MSFT
2017-04-03,59.06571578979492,59.41713595813541,58.7413268844521,59.29999131889832,20400900,MSFT
2017-04-04,59.2278938293457,59.29997488580272,58.822404372692944,58.92152355934027,12997400,MSFT
2017-04-05,59.07472229003906,59.78657534726264,58.96659723683605,59.7415255333232,21448600,MSFT
2017-04-06,59.2278938293457,59.5252445146042,59.00262420054423,59.1107492225715,18103500,MSFT
2017-04-07,59.18285369873047,59.43515465357142,58.96659671953614,59.33603543921456,14108500,MSFT
2017-04-10,59.04768753051758,59.30900118476158,58.89450579775957,59.11977547817491,17952700,MSFT
2017-04-11,59.00265502929688,59.11979282259181,58.43497086830602,59.11078010781925,18791500,MSFT
2017-04-12,58.777374267578125,59.02967523643049,58.6692423346332,58.94857456805035,17108500,MSFT
2017-04-13,58.52506637573242,59.34505139851158,58.52506637573242,58.83143674814727,17896500,MSFT
2017-04-17,59.00265502929688,59.01166086938235,58.57914680591865,58.606178075549245,16689300,MSFT
2017-04-18,58.92154312133789,59.20988806694719,58.714298843858025,58.86748059237545,15155600,MSFT
2017-04-19,58.60615158081055,59.24591654669491,58.470988419075205,59.155810063766005,26992800,MSFT
2017-04-20,59.02067565917969,59.24594541360404,58.69628666283364,58.98463167350931,22299500,MSFT
2017-04-21,59.83161926269531,60.101938712678994,58.97559048437029,59.173828872502064,32522600,MSFT
2017-04-24,60.849857330322266,60.96700198772468,60.46239312634004,60.8048075099022,29770000,MSFT
2017-04-25,61.201271057128906,61.30940298909537,60.91292611323741,61.1832525058107,30242700,MSFT
2017-04-26,61.12016677856445,61.55268068285797,60.93094108610047,61.34543644216699,26190800,MSFT
2017-04-27,61.51662063598633,61.61573981204405,60.894881201703896,61.40849562551082,34971000,MSFT
2017-04-28,61.68784332275391,62.30057707744399,60.99401578971644,62.093332838544335,39548800,MSFT
2017-05-01,62.54387283325195,62.67002329515842,61.72388795617533,61.88608238929573,31954400,MSFT
2017-05-02,62.444766998291016,62.814205751619504,62.29157836916843,62.814205751619504,23906100,MSFT
2017-05-03,62.24650955200195,62.516828999435695,61.91310800468133,62.516828999435695,28928000,MSFT
2017-05-04,62.00323867797852,62.24653383774383,61.85005691053316,62.20147714158385,21749400,MSFT
2017-05-05,62.17443084716797,62.20146210845628,61.71487878121189,62.08432435131196,19128800,MSFT
2017-05-08,62.12036895751953,62.21948816637653,61.65180417479828,62.14740021908325,18566100,MSFT
2017-05-09,62.21048355102539,62.42674054636616,61.88609462067128,62.04828908584833,22858400,MSFT
2017-05-10,62.45375442504883,62.67902407093308,62.10233432744413,62.16540955330436,17977800,MSFT
2017-05-11,61.68784332275391,61.931138407165065,61.38147988275112,61.59773683302865,28789400,MSFT
2017-05-12,61.61575698852539,61.82300810751629,61.309393540530216,61.82300810751629,18714100,MSFT
2017-05-15,61.66082000732422,61.705876695333934,60.88589172141764,61.39950634117568,31530300,MSFT
2017-05-16,62.90237808227539,62.92956428682488,61.76957346544223,61.83301024742126,34956000,MSFT
2017-05-17,61.15331268310547,62.62142268633789,61.10799774375847,62.43111238644069,30548800,MSFT
2017-05-18,61.36177444458008,61.74239522819296,60.84521569136479,61.08084104440282,25201300,MSFT
2017-05-19,61.343631744384766,61.71518802655936,61.10800647148746,61.1714432471802,26961100,MSFT
2017-05-22,62.03237533569336,62.07769028401857,61.17144663023728,61.52488110208476,16237600,MSFT
2017-05-23,62.24082565307617,62.30426244372794,61.96894974223053,62.2770762354617,15425800,MSFT
2017-05-24,62.32239532470703,62.42208271541422,62.032397528311456,62.41302525378109,14593900,MSFT
2017-05-25,63.09268951416016,63.32830790037161,62.44925731041508,62.50362972044991,21854100,MSFT
2017-05-26,63.40083312988281,63.63645851965243,63.002083533979366,63.25583767670464,19827900,MSFT
2017-05-30,63.8086166381836,63.8086166381836,63.22861436010054,63.24674310440101,17072800,MSFT
2017-05-31,63.29206466674805,64.10768548236936,63.264878458575936,63.917375111072985,30436400,MSFT
2017-06-01,63.52769088745117,63.98987717514916,62.938631017105365,63.65456447009898,21603600,MSFT
2017-06-02,65.03204345703125,65.12266643530728,63.65454929651135,63.83580216715347,34770300,MSFT
2017-06-05,65.50328063964844,66.05608974099087,65.07734507821188,65.22234736044108,33316800,MSFT
2017-06-06,65.72077941894531,65.81140930551366,65.49421853070363,65.52141164512791,31511100,MSFT
2017-06-07,65.6030044555664,65.94737469619729,65.20425487181987,65.8295654619509,22301800,MSFT
2017-06-08,65.20421600341797,65.72077451348902,64.79640920065786,65.71171705677993,24588300,MSFT
2017-06-09,63.72705459594727,65.32204539104532,62.15925000469392,65.28579481455553,49187400,MSFT
2017-06-12,63.237701416015625,63.38270376607218,61.74239752299725,62.75739323111533,47761700,MSFT
2017-06-13,64.026123046875,64.18018282674137,63.40081263976994,63.45518505287779,25258600,MSFT
2017-06-14,63.68173599243164,64.43391985472694,62.92049467210153,64.26173826889423,25510700,MSFT
2017-06-15,63.346439361572266,63.62737271091453,62.34957262169192,62.77550137537206,26068700,MSFT
2017-06-16,63.43706893920898,63.46425514821396,62.73019984871249,63.19238614407244,48345100,MSFT
2017-06-19,64.22550201416016,64.28893880499815,63.75425135585645,63.89018931167836,23798300,MSFT
2017-06-20,63.355499267578125,64.2254923745324,63.31924869052704,64.18017742469588,21512200,MSFT
2017-06-21,63.68173599243164,63.99892678999262,63.38268085321059,63.62736358786238,19891100,MSFT
2017-06-22,63.67268371582031,63.971738879377256,63.17424691974096,63.92643084324592,22965700,MSFT
2017-06-23,64.53362274169922,64.56987332483575,63.36456736339012,63.51862715615157,27617300,MSFT
2017-06-26,63.917362213134766,64.98672997469596,63.835803605076215,64.70579666148512,19607000,MSFT
2017-06-27,62.721153259277344,63.600211141522806,62.69396704256357,63.53677433115941,25215100,MSFT
2017-06-28,63.25582504272461,63.2920687132102,62.34051679589261,62.72113756281965,25806200,MSFT
2017-06-29,62.06862258911133,62.974866194383,61.70612376418466,62.87517884467591,28918700,MSFT
2017-06-30,62.46738815307617,62.875195115343566,62.29519961100728,62.33145019428977,24161100,MSFT
2017-07-03,61.778621673583984,63.07455023775415,61.64268375710103,62.82986751935655,16165500,MSFT
2017-07-05,62.60332489013672,62.9295732192205,61.82395465000231,61.86020523257735,21176300,MSFT
2017-07-06,62.14112854003906,62.33143888216512,61.73332165178187,61.86925267180724,21117600,MSFT
2017-07-07,62.947696685791016,63.29206685804653,62.25894942718814,62.25894942718814,16878300,MSFT
2017-07-10,63.4189453125,63.6636281007224,62.71206932788634,62.947694656090896,15014500,MSFT
2017-07-11,63.42797088623047,64.05328101768853,63.210474415583896,63.43703525578312,17460000,MSFT
2017-07-12,64.479248046875,64.59705725233933,63.93550314721355,64.06237672666484,17750900,MSFT
2017-07-13,65.04109954833984,65.28578919004272,64.62422832575743,64.79641682072686,20269800,MSFT
2017-07-14,65.95642852783203,66.4004860934073,65.21330882225844,65.46705600258716,25868100,MSFT
2017-07-17,66.47293853759766,66.56356147641681,65.90200780035867,65.97450891704881,21803900,MSFT
2017-07-18,66.42768096923828,66.50923960188358,65.8476854234529,66.23736366488131,26435300,MSFT
2017-07-19,66.93515014648438,67.09827426446151,66.5635869667238,66.60890191053011,22416200,MSFT
2017-07-20,67.26142883300781,67.33393001028473,66.40955728523608,67.22517824436936,42361000,MSFT
2017-07-21,66.87171936035156,67.32484118262192,66.30984581166379,66.56359292588076,46717100,MSFT
2017-07-24,66.69952392578125,66.83546184115745,66.27358835084428,66.63608715381763,21394800,MSFT
2017-07-25,67.23422241210938,67.34296723124756,66.60891204570191,66.88078792172882,22018700,MSFT
2017-07-26,67.1073226928711,67.4063777430391,66.88981931118231,67.3701271794243,16252200,MSFT
2017-07-27,66.30078887939453,67.44265090243039,65.5395406166136,66.84453368761498,36844200,MSFT
2017-07-28,66.19200897216797,66.43669161176672,65.73888733921015,65.85669647470772,18306700,MSFT
2017-07-31,65.88390350341797,66.55452871043593,65.62109895758263,66.42765516620867,23600100,MSFT
2017-08-01,65.77516174316406,66.53640304372271,65.69359622433853,66.24640537006847,22132300,MSFT
2017-08-02,65.48517608642578,65.7570450661906,64.74205647918934,65.74798760672894,26499200,MSFT
2017-08-03,65.38549041748047,65.64830194460805,65.11361451656465,65.421740998542,18214400,MSFT
2017-08-04,65.86578369140625,66.19203193343469,65.46703430357375,65.61203659518186,22579000,MSFT
2017-08-07,65.6120376586914,66.06515945617672,65.48516410852271,65.97453647949764,18705700,MSFT
2017-08-08,65.96546936035156,66.27358885104621,65.02297523114319,65.33109472183784,22044600,MSFT
2017-08-09,65.67547607421875,65.71172664861383,65.29485541420551,65.47610137209084,22213400,MSFT
2017-08-10,64.71487426757812,65.42174333833053,64.66049493699528,65.15893180180358,24734500,MSFT
2017-08-11,65.70266723632812,65.88391320789555,64.59704883313128,64.89611090889908,21443700,MSFT
2017-08-14,66.69047546386719,66.80829157854099,66.11048000638321,66.21016737383432,20096600,MSFT
2017-08-15,66.70872497558594,67.04581732881293,66.54473165882405,67.04581732881293,19181400,MSFT
2017-08-16,67.10047149658203,67.51045122195195,66.66315376538186,66.81803437710565,18150400,MSFT
2017-08-17,65.96160888671875,67.30088573118621,65.96160888671875,67.03667403831813,22977500,MSFT
2017-08-18,66.04362487792969,66.36249877245154,65.53342664669472,65.84318787253608,18761500,MSFT
2017-08-21,65.73385620117188,66.03451167518308,65.32386956817602,66.0253990075355,17734800,MSFT
2017-08-22,66.6540298461914,66.7269103223817,65.91605681074577,65.91605681074577,14343700,MSFT
2017-08-23,66.25314331054688,66.6449044679199,66.08003744189271,66.47179859926572,13766500,MSFT
2017-08-24,66.22581481933594,66.38069536518917,65.66094777155011,66.27136424115517,17098300,MSFT
2017-08-25,66.3442611694336,66.82712820569441,66.03450003331442,66.38070488267013,12794300,MSFT
2017-08-28,66.35337829589844,66.59025202146773,66.09827923702194,66.56292097243497,14569700,MSFT
2017-08-29,66.55379486083984,66.65401331053269,65.64272310066914,65.82493467233293,11478400,MSFT
2017-08-30,67.42843627929688,67.61064788707091,66.3533711112046,66.51736433857214,16897800,MSFT
2017-08-31,68.12086486816406,68.29397080927362,67.23713067900859,67.44667339105037,27652800,MSFT
2017-09-01,67.36465454101562,68.09350784751372,67.09133020674973,68.06617680427244,21736200,MSFT
2017-09-05,67.06402587890625,67.31912498534733,66.49005288941383,66.81803248988855,21556000,MSFT
2017-09-06,66.8726806640625,67.45576613980415,66.82712428745603,67.18244178201962,16535800,MSFT
2017-09-07,67.72909545898438,67.96597614733219,67.05490406237887,67.12779149739795,17471200,MSFT
2017-09-08,67.40111541748047,67.8202077394271,67.27355893165222,67.71998925473027,14703800,MSFT
2017-09-11,68.11174774169922,68.27574098714109,67.70176115263051,67.70176115263051,17910400,MSFT
2017-09-12,68.03884887695312,68.54904690995959,67.75641881595696,68.11173629621888,14394900,MSFT
2017-09-13,68.52172088623047,68.53994621784577,67.92041701054617,68.26662185103547,13380800,MSFT
2017-09-14,68.12086486816406,68.77683795981163,67.89309681972695,68.33041453113506,15733900,MSFT
2017-09-15,68.61285400390625,68.68574145752659,67.4831262765115,68.17554318404447,38578400,MSFT
2017-09-18,68.47618103027344,69.21414719251176,68.36684987808214,68.53995579798628,23307000,MSFT
2017-09-19,68.73127746582031,68.97726386015866,68.33951620748289,68.52172783655365,16093300,MSFT
2017-09-20,68.2757568359375,68.83151146611249,67.70177686818941,68.6492928450299,21587900,MSFT
2017-09-21,67.61065673828125,68.54905984792985,67.51955092246716,68.43062298246437,19186100,MSFT
2017-09-22,67.79288482666016,67.88399065524897,67.2826796748903,67.41022922510048,14111400,MSFT
2017-09-25,66.7451400756836,67.64709945549703,66.43537196537784,67.50132459160535,24149200,MSFT
2017-09-26,66.7451400756836,67.24622553072301,66.49914673059843,67.11867600028185,18019600,MSFT
2017-09-27,67.28269958496094,67.57424249327504,66.66317003592708,67.00938201831529,19565100,MSFT
2017-09-28,67.30089569091797,67.39200150688988,66.7906906098045,67.00024024237528,10883800,MSFT
2017-09-29,67.86575317382812,67.91130955543441,67.30999868268538,67.36466773079852,17079100,MSFT
2017-10-02,67.97506713867188,68.33949724663005,67.69263710669422,68.06617292792987,15304800,MSFT
2017-10-03,67.65619659423828,68.2210566848555,67.59242184365483,68.02973243310517,12190400,MSFT
2017-10-04,68.04798126220703,68.07531231462043,67.15512749477233,67.50133241022351,13317700,MSFT
2017-10-05,69.21414947509766,69.35081168211163,68.29396469552741,68.53084539095639,21195300,MSFT
2017-10-06,69.24147033691406,69.26880138410917,68.82237806109143,68.94081491591274,13959800,MSFT
2017-10-09,69.50567626953125,69.74255691041932,69.1139150734547,69.21413353879478,11386500,MSFT
2017-10-10,69.50567626953125,69.8154373799082,69.36901409398325,69.54211997973918,13944500,MSFT
2017-10-11,69.6241226196289,69.66056633481215,69.19591765488569,69.56946052231801,15388900,MSFT
2017-10-12,70.26187133789062,70.41675190128171,69.57856737488923,69.68789156037595,16876500,MSFT
2017-10-13,70.59896850585938,70.9451803202011,70.4167568832053,70.6900743171864,15335700,MSFT
2017-10-16,70.7447509765625,70.8905189001842,70.47142656224499,70.5352013321286,12380100,MSFT
2017-10-17,70.69007110595703,70.71740910394833,70.38030997133102,70.58074691770199,16824000,MSFT
2017-10-18,70.70829772949219,70.92695306092372,70.48964239806065,70.76295982461815,13300700,MSFT
2017-10-19,70.98163604736328,70.9998544323407,70.47143090591811,70.67186789531489,15092800,MSFT
2017-10-20,71.8016128540039,71.94738777289614,71.26408348018295,71.35518932902522,22866400,MSFT
2017-10-23,71.81983184814453,72.28447372146242,71.75605706449717,71.9655998032256,20627200,MSFT
2017-10-24,71.84713745117188,72.1568985903078,71.48270726618495,71.88358116476333,17517200,MSFT
2017-10-25,71.6375961303711,72.06580112599124,71.07273588161979,71.59204669630353,20410800,MSFT
2017-10-26,71.75601959228516,72.35732338824495,71.74690692768571,72.1568864726162,32120700,MSFT
2017-10-27,76.35694122314453,78.53440272218766,76.17472960559783,76.86714626394509,71066700,MSFT
2017-10-30,76.42984771728516,76.83072171700607,75.71921250027401,76.25674177178215,31756700,MSFT
2017-10-31,75.78299713134766,76.85806276508222,75.71922234591129,76.85806276508222,27086600,MSFT
2017-11-01,75.78299713134766,76.31142075406623,75.50967265037451,76.23853329901603,22307400,MSFT
2017-11-02,76.57559967041016,76.94913555295254,75.72830248448804,75.9378451390801,23992900,MSFT
2017-11-03,76.65764617919922,77.02207660069192,75.98345441754363,76.60298404880157,17633500,MSFT
2017-11-06,76.95824432373047,77.16778696771739,76.60292683964224,76.71225101879125,19860900,MSFT
2017-11-07,76.77604675292969,77.35002665401191,76.46628555946151,77.23158282633267,17939700,MSFT
2017-11-08,77.04023742675781,77.08579380200268,76.37515883411525,76.65758889803796,18034200,MSFT
2017-11-09,76.61204528808594,76.7760385349947,75.5278742760657,76.63027062159142,21178400,MSFT
2017-11-10,76.4115982055664,76.62114083757052,75.82851278035915,76.33871078968386,19397800,MSFT
2017-11-13,76.46627044677734,76.47538311270448,76.03806551025974,76.22028407416482,14196900,MSFT
2017-11-14,76.57559967041016,76.6211490970519,75.60075296840749,76.07450732085992,18801300,MSFT
2017-11-15,75.98043823242188,76.63054716711069,75.71489959952027,76.42910358450695,19383100,MSFT
2017-11-16,76.18186950683594,76.38331307536608,75.94380618569674,76.09030615364117,20962800,MSFT
2017-11-17,75.4493637084961,76.10863109885325,75.30285673915593,76.10863109885325,22079000,MSFT
2017-11-20,75.5683822631836,75.62331887423086,75.3120020971822,75.44935061063597,16315000,MSFT
2017-11-21,76.65799713134766,76.76787034222932,75.76065965608316,75.76065965608316,21237500,MSFT
2017-11-22,76.0994644165039,76.822826781065,76.03536937082563,76.75873173538673,20553100,MSFT
2017-11-24,76.23683166503906,76.39249010194425,75.7973176825469,76.00791973341221,7425600,MSFT
2017-11-27,76.79534912109375,76.8960708928696,76.2734303881803,76.28258183227979,18265200,MSFT
2017-11-28,77.72017669677734,77.88499356737606,76.93271909123214,76.97850427200203,21926000,MSFT
2017-11-29,76.31006622314453,77.75679108105835,76.16356624248208,77.56450592690575,27381100,MSFT
2017-11-30,77.07003021240234,77.39050536461352,76.31004129013414,76.46570663763761,33054600,MSFT
2017-12-01,77.15247344970703,77.6560754689989,76.20019904917751,76.54814264355211,29532100,MSFT
2017-12-04,74.24072265625,77.30814127982515,73.89277203370699,77.29898284611664,39094900,MSFT
2017-12-05,74.70767974853516,75.70573920395341,74.14914117376347,74.47876786257568,26152300,MSFT
2017-12-06,75.79727935791016,76.12691293165044,74.56115694930122,74.67103713582607,26162100,MSFT
2017-12-07,75.53175354003906,75.81560898993172,75.08308826134058,75.57753870526429,23184500,MSFT
2017-12-08,77.06089782714844,77.4454681049092,76.30090871692876,76.5755987785424,24489100,MSFT
2017-12-11,78.0406494140625,78.16883952148255,77.02428000106289,77.17993841923911,22857900,MSFT
2017-12-12,78.36111450195312,78.79146994345314,77.90329075326562,78.11388576559371,23924100,MSFT
2017-12-13,78.1505126953125,78.74568496723204,77.98569586594763,78.50761466129701,22062700,MSFT
2017-12-14,77.54621124267578,78.62667588187439,77.39970424747148,78.2237886309006,19306000,MSFT
2017-12-15,79.52399444580078,79.74374791869347,77.72016751562418,78.06811808236097,53936700,MSFT
2017-12-18,79.09363555908203,80.11916336505594,78.95629401055412,79.77121979905746,22283800,MSFT
2017-12-19,78.59004974365234,79.06618351008942,78.07728224229155,79.06618351008942,23524800,MSFT
2017-12-20,78.30619049072266,79.02040158544358,77.56451806778057,78.92883122413014,23674900,MSFT
2017-12-21,78.28787231445312,78.837259494931,78.19630894867964,78.79148130496277,17990700,MSFT
2017-12-22,78.29701232910156,78.40688554784964,77.75677672219388,78.19629055469225,14145800,MSFT
2017-12-26,78.19629669189453,78.31532835015888,77.8575046072155,78.11388478553005,9891200,MSFT
2017-12-27,78.48015594482422,78.72738471200246,78.0314905712152,78.425219323601,14678000,MSFT
2017-12-28,78.48931121826172,78.68159637064157,78.33365280716896,78.6541280611354,10594300,MSFT
2017-12-29,78.32450103759766,78.79148329643358,78.28787429319512,78.40690597312549,18717400,MSFT
2018-01-02,78.69991302490234,79.02954673903314,78.28787437515744,78.86472988196773,22483800,MSFT
2018-01-03,79.06617736816406,79.21268435312581,78.7182337576362,78.80063869729904,26061400,MSFT
2018-01-04,79.7620620727539,80.2656710412665,79.26761153616974,79.28592141418987,21912000,MSFT
2018-01-05,80.75096130371094,80.95240488652034,80.0550671955975,80.2656692101264,23407100,MSFT
2018-01-08,80.83338165283203,81.10807877013015,80.21074090801582,80.76012815677416,22113000,MSFT
2018-01-09,80.7784194946289,81.24540165211627,80.4487858523832,81.17214817920929,19484300,MSFT
2018-01-10,80.41216278076172,80.75095486902036,80.0367509402163,80.4487895188845,18652200,MSFT
2018-01-11,80.65023803710938,80.69601622319637,79.88109046098184,80.69601622319637,17808900,MSFT
2018-01-12,82.04202270507812,82.20683955078843,80.9890265789199,81.19047016654768,24271500,MSFT
2018-01-16,80.89744567871094,83.13162755045599,80.58612891866001,82.49982861456591,36599700,MSFT
2018-01-17,82.53644561767578,82.66463567856403,81.26369645183215,81.56586173214062,25621200,MSFT
2018-01-18,82.49987030029297,83.02178929796877,82.09698999464908,82.22518013542286,24159700,MSFT
2018-01-19,82.40826416015625,82.96680962055301,82.09694740430763,82.53645423442747,36875000,MSFT
2018-01-22,83.88247680664062,83.89163523863255,82.17021328766411,82.40828361859657,23601600,MSFT
2018-01-23,84.14800262451172,84.51426300417002,83.81836898140281,84.14800262451172,23412800,MSFT
2018-01-24,84.07476043701172,85.54895359829072,83.85500697405287,84.74318624355053,33277500,MSFT
2018-01-25,84.54174041748047,85.37497605977458,84.17547999836634,84.66993051629495,26383200,MSFT
2018-01-26,86.12578582763672,86.12578582763672,84.77063168810527,85.2650820857726,29172200,MSFT
2018-01-29,85.99761962890625,87.39855931821482,85.81449290598047,87.11471080192887,31569900,MSFT
2018-01-30,84.91715240478516,85.75955346571327,84.33113852769213,85.4299197866189,38635100,MSFT
2018-01-31,86.99566650390625,87.35276845186678,85.62219532380091,85.84194875658378,48756300,MSFT
2018-02-01,86.3089370727539,87.96625684621124,85.68629648057518,86.79422913995393,47227900,MSFT
2018-02-02,84.03813934326172,86.04340991180412,83.78175912160712,85.74124451378103,47867800,MSFT
2018-02-05,80.57698059082031,85.37497156996687,80.57698059082031,82.92103597254027,51031500,MSFT
2018-02-06,83.62609100341797,83.76343953076176,78.05895231699519,79.56061371472502,67998600,MSFT
2018-02-07,82.0511703491211,84.02896525177215,81.67575153320365,82.8569376078551,41107600,MSFT
2018-02-08,77.83922576904297,82.29842633244745,77.61031380629444,82.14276787437974,55628700,MSFT
2018-02-09,80.74179077148438,81.42852634495952,76.75872584249565,79.0203761155408,63499100,MSFT
2018-02-12,81.61166381835938,82.20683612449804,80.51288954997754,81.25456183184346,35720300,MSFT
2018-02-13,82.25262451171875,82.40828292508755,80.39386102569787,81.42854028530053,26407700,MSFT
2018-02-14,83.54054260253906,83.70613365602746,81.33267124756276,81.42466471757812,34960900,MSFT
2018-02-15,85.24246978759766,85.29766447649932,83.36577315975562,83.90853965036392,27823900,MSFT
2018-02-16,84.6352767944336,86.01519978564718,84.45128986973229,85.04925088433716,30596900,MSFT
2018-02-20,85.29765319824219,85.61043241886618,83.72454160466629,84.15691866030133,30911700,MSFT
2018-02-21,84.16612243652344,85.88642939685167,84.16612243652344,85.53685134347427,26922500,MSFT
2018-02-22,84.38688659667969,85.3068351795694,84.04650309429624,84.68126986245836,24392800,MSFT
2018-02-23,86.5303955078125,86.53959696248408,84.96648510900735,86.10721983541409,26329200,MSFT
2018-02-26,87.7815170288086,87.80911437115007,86.70517856557466,86.84317229593475,30199800,MSFT
2018-02-27,86.6591796875,88.16789525437017,86.6591796875,88.07590177222497,25869100,MSFT
2018-02-28,86.26356506347656,88.04826734372269,86.13477283898972,87.2479096469974,31167300,MSFT
2018-03-01,85.41722106933594,86.99953369101331,84.48807107290438,86.4659618500011,37135600,MSFT
2018-03-02,85.60123443603516,85.69322790777878,83.58654441718551,84.24890864358277,32830400,MSFT
2018-03-05,86.1440200805664,86.72358539883722,84.87449304207408,84.948083624721,23901600,MSFT
2018-03-06,85.8496322631836,86.9259708067008,85.50005420302891,86.78797706604786,22175800,MSFT
2018-03-07,86.34639739990234,86.41999499048457,85.03087029751842,85.70243602893925,26716100,MSFT
2018-03-08,86.87075805664062,87.4871220156022,86.26358853146529,86.72356289223991,25887800,MSFT
2018-03-09,88.81183624267578,88.81183624267578,87.39511459541725,87.66190052431503,36937300,MSFT
2018-03-12,89.0234375,89.42821719619918,88.35187884256258,88.77505442556539,26073700,MSFT
2018-03-13,86.85237884521484,89.45582889286054,86.4475990840509,89.23504312252253,35387800,MSFT
2018-03-14,86.33718872070312,87.77231354233815,86.01520806216871,87.5055275627948,32132000,MSFT
2018-03-15,86.64078521728516,87.00876617054446,85.39885564135628,86.04281704557039,27611000,MSFT
2018-03-16,87.02715301513672,87.74471193915784,86.40158756520638,87.10075060187022,49081300,MSFT
2018-03-19,85.45404052734375,86.3831907485651,84.73648161104192,86.23599557668159,33344100,MSFT
2018-03-20,85.6748275756836,86.26359423491014,85.55523676068991,85.60123700726943,23075200,MSFT
2018-03-21,85.07685089111328,86.52116993401089,84.82846083494661,85.49082495985651,24457100,MSFT
2018-03-22,82.60218811035156,84.40528657812015,82.48259731548386,83.96370814868757,38604700,MSFT
2018-03-23,80.20111846923828,83.21854872567897,80.10912501383963,82.33539892028053,44068900,MSFT
2018-03-26,86.27281951904297,86.47520943005543,83.16339430242243,83.35658275784682,56396800,MSFT
2018-03-27,82.30780029296875,87.52390703918236,81.42465050143925,87.33992013127437,56569000,MSFT
2018-03-28,82.23421478271484,83.92692406205171,81.75584454080649,82.62979300951763,52501100,MSFT
2018-03-29,83.96370697021484,84.90205848759472,81.32345893812744,82.96096634920696,45867500,MSFT
2018-04-02,81.433837890625,83.60491690568728,80.50469496180473,83.22774167150233,48515400,MSFT
2018-04-03,82.52861022949219,82.84139648719949,80.85430360854896,82.40901940608649,37213800,MSFT
2018-04-04,84.9388656616211,85.33444388572438,80.70710302013464,80.81749237285543,35560000,MSFT
2018-04-05,84.98486328125,85.61963016683214,84.08331743369332,85.04006497911713,29771900,MSFT
2018-04-06,83.00698852539062,85.0584705477869,82.31702688205816,84.16611903275914,38026000,MSFT
2018-04-09,83.50373840332031,85.7116166339721,83.36575171655885,83.75212847679377,31533900,MSFT
2018-04-10,85.4448471069336,85.81282805258338,84.30411249220671,84.99407413330529,26812000,MSFT
2018-04-11,84.50650024414062,85.82202735425955,84.15692221479844,84.64449397263053,24872100,MSFT
2018-04-12,86.08880615234375,86.62237811456508,85.03086368067098,85.03086368067098,26758900,MSFT
2018-04-13,85.62883758544922,86.64077988059141,85.04007090396094,86.5211890610759,23346100,MSFT
2018-04-16,86.63158416748047,87.08236417118624,85.94162250889526,86.5395906833997,20288100,MSFT
2018-04-17,88.37948608398438,88.81186316815777,87.2847447022392,87.39514109138541,26771000,MSFT
2018-04-18,88.71986389160156,88.97744843079862,87.87350566740112,88.51747403404606,21043300,MSFT
2018-04-19,88.41624450683594,89.29939416077457,87.7078802825839,88.71982917437252,23552500,MSFT
2018-04-20,87.3951187133789,88.41626224089046,86.5211703337055,88.23227532474374,31154400,MSFT
2018-04-23,87.71712493896484,88.58187913839089,87.05476061758769,88.07590444326863,22331800,MSFT
2018-04-24,85.66564178466797,88.74746911283324,85.01247892551943,88.53587778333161,34524800,MSFT
2018-04-25,84.92047882080078,85.83123326493724,83.05298371839751,85.83123326493724,33729300,MSFT
2018-04-26,86.71437072753906,87.53312454965037,85.64722681366479,86.06120796038577,42529000,MSFT
2018-04-27,88.14948272705078,90.06297767656801,86.39238438817834,89.78699026357268,48272800,MSFT
2018-04-30,86.03359985351562,88.68305661739622,85.69322332440437,88.61866048875476,41523600,MSFT
2018-05-01,87.3951187133789,87.66190465484735,85.36203310975843,85.74840984485714,31408900,MSFT
2018-05-02,86.02442932128906,87.5515409470792,85.73004593447087,87.38594985332813,27471000,MSFT
2018-05-03,86.53955841064453,87.33071471227258,85.04923925716255,85.51841497525601,31142500,MSFT
2018-05-04,87.5423355102539,87.73552392557835,85.48164504282109,85.84962598476643,22531300,MSFT
2018-05-07,88.5174789428711,88.96825191146401,87.48713371029172,87.55152984866214,24242000,MSFT
2018-05-08,88.14028930664062,88.46227699069303,87.45032772993197,88.17708809963668,23484600,MSFT
2018-05-09,89.17984008789062,89.20743742926828,87.44113739457332,88.3242874119208,27327400,MSFT
2018-05-10,90.07218933105467,90.1089811062134,89.28103281074924,89.65820816467034,22388100,MSFT
2018-05-11,89.87899017333984,90.03538679519943,89.27182764732414,89.9709906633697,16778300,MSFT
2018-05-14,90.18256378173828,90.78973325124286,89.52019963997006,90.0813688701542,19454100,MSFT
2018-05-15,89.5294189453125,90.01699069727478,88.62786601286436,89.45582135518357,24594000,MSFT
2018-05-16,89.7603988647461,89.99138290348755,89.27071383046595,89.9544246114001,17384700,MSFT
2018-05-17,88.86418914794922,90.12074301669676,88.54081286902321,89.4000738667833,17246700,MSFT
2018-05-18,89.03047943115234,89.55712270413255,88.70710321951059,88.70710321951059,17865800,MSFT
2018-05-21,90.17616271972656,90.55497990751437,89.43701806286269,89.62180246481039,19422500,MSFT
2018-05-22,90.0837631225586,90.70279857223878,89.80657949332172,90.25007189028622,15441200,MSFT
2018-05-23,91.1555633544922,91.22023861680208,88.99354863756444,89.35388324887325,21251200,MSFT
2018-05-24,90.83218383789062,91.41426827238864,89.44627925910524,91.2202424772477,26649300,MSFT
2018-05-25,90.87835693359376,91.45119986317953,90.41638887559422,90.82292302233722,18363900,MSFT
2018-05-29,90.5549774169922,91.35879729733767,89.83430840051433,90.39790292567623,28671000,MSFT
2018-05-30,91.4234619140625,91.70064552621388,90.46257470316772,90.83214345394012,22158500,MSFT
2018-05-31,91.32184600830078,92.3843739944068,91.10934464052364,91.7376215067284,34140900,MSFT
2018-06-01,93.12355041503906,93.18822568094627,91.6267709123752,91.7284044800973,28655600,MSFT
2018-06-04,93.93660736083984,94.1121575236944,93.17897983299515,93.55779712145498,27281600,MSFT
2018-06-05,94.41703033447266,94.54638082183392,93.80722913770713,94.24148022345112,23514400,MSFT
2018-06-06,94.6942138671875,94.79584740742816,94.14909492323616,94.68497958103718,21122900,MSFT
2018-06-07,93.20667266845705,94.87900182862973,92.74470461132914,94.84204353817071,28232200,MSFT
2018-06-08,93.89962005615234,94.1952793159588,92.89253312555532,93.40069373352776,22165100,MSFT
2018-06-11,93.36375427246094,93.86267360895476,93.01265401090954,93.32679597918847,23490900,MSFT
2018-06-12,93.60396575927734,93.73331625173384,93.0865637894513,93.4099400205926,18325200,MSFT
2018-06-13,93.17897033691406,94.25073978121542,92.91102797583872,93.98279742014007,29492900,MSFT
2018-06-14,93.70560455322266,94.26920618014844,93.31755305408234,93.91811297365103,25691800,MSFT
2018-06-15,92.51373291015624,93.80724505228856,92.45829899161777,93.78876942913377,65738600,MSFT
2018-06-18,93.1882095336914,93.419193593204,91.85773909519509,92.40286514116336,23586000,MSFT
2018-06-19,93.1882095336914,93.31756004309254,91.9316556860169,92.07024753153928,28653100,MSFT
2018-06-20,94.12136840820312,94.72192120436118,93.42841636733829,93.65940038095988,26180800,MSFT
2018-06-21,93.44688415527344,94.66647936302128,93.20665882749933,94.31538622940688,23198200,MSFT
2018-06-22,92.77243041992188,93.10504094237425,92.0517543155675,92.77243041992188,38923100,MSFT
2018-06-25,90.90607452392578,92.49524578239142,89.89898753401046,92.39361224499606,35433300,MSFT
2018-06-26,91.5436019897461,92.46753820591452,91.23870134663277,91.3033765998016,26897200,MSFT
2018-06-27,90.1207275390625,92.41208510684788,89.99137704970718,92.00555801847672,31298400,MSFT
2018-06-28,91.12781524658205,91.57130767734826,89.86202729763778,89.97289511852455,26650700,MSFT
2018-06-29,91.10934448242188,92.3104642992528,90.85064348779945,91.40500376900086,28053200,MSFT
2018-07-02,92.40288543701172,92.44907802961578,90.54577121688344,90.6381634511672,19564500,MSFT
2018-07-03,91.515869140625,92.97568275139814,91.41423561056784,92.83709798229538,14670300,MSFT
2018-07-05,92.17186737060548,92.31969348118513,91.49739091556796,91.93164201070638,18977400,MSFT
2018-07-06,93.46538543701172,93.71484509890726,92.08871548169016,92.2919825649765,19234600,MSFT
2018-07-09,94.1029052734375,94.47248118176287,93.54854493548648,93.91812084381188,18212000,MSFT
2018-07-10,94.35237121582033,94.71270578491908,94.11214582006312,94.24149632953066,19293100,MSFT
2018-07-11,94.2230224609375,94.55563302785202,93.4099540444876,93.4561536769038,19644600,MSFT
2018-07-12,96.26492309570312,96.46819020478932,94.91597697521908,94.95292822316712,24335900,MSFT
2018-07-13,97.41058349609376,97.5676509416244,96.17250545414652,96.43121348387548,24635200,MSFT
2018-07-16,96.93013763427734,97.77091580240884,96.56979607756628,97.3828643401943,21786900,MSFT
2018-07-17,97.89104461669922,98.39921238290734,96.38503103996092,96.6529734031366,25901700,MSFT
2018-07-18,97.12416076660156,97.983421580841,96.7545849343025,97.88178805073196,29493900,MSFT
2018-07-19,96.4589385986328,97.2997168568868,95.98772917310774,96.94862364616488,40171600,MSFT
2018-07-20,98.18669891357422,99.9698960986074,98.01115582529508,99.85902826370985,56004000,MSFT
2018-07-23,99.75740051269533,99.9144679873102,98.05735410504354,98.2144286287328,29707000,MSFT
2018-07-24,99.47098541259766,100.54274785476689,99.10140948289036,100.31176377983412,26316600,MSFT
2018-07-25,102.39984893798828,102.6955082348288,99.41553196284843,99.74814955292824,30702100,MSFT
2018-07-26,101.28190612792967,102.5569357646338,101.1710312272739,102.31671033775042,31372100,MSFT
2018-07-27,99.48944091796876,101.799281200194,98.06657845822924,101.799281200194,37005300,MSFT
2018-07-30,97.35514831542967,99.35084660378828,96.79154673675168,99.03671171682568,34668300,MSFT
2018-07-31,98.01116943359376,98.60248813206182,97.3644097609053,98.389979670546,27655200,MSFT
2018-08-01,98.1959228515625,98.35299028922144,97.4013372798996,97.96493883768544,23628700,MSFT
2018-08-02,99.3878173828125,99.8682611082692,96.86546843921168,97.38287750786564,26104300,MSFT
2018-08-03,99.8220672607422,99.83130859642424,98.69486397603995,99.60032454788931,18659600,MSFT
2018-08-06,99.90521240234376,100.17315472915924,99.37856908386456,99.89597811626528,20265900,MSFT
2018-08-07,100.5981674194336,100.80143450421558,99.94217358613854,100.30250812767986,16080200,MSFT
2018-08-08,101.16178131103516,101.40200671754648,100.48731177419964,101.013955171772,15487500,MSFT
2018-08-09,101.32809448242188,101.78082835437606,101.26341922201053,101.36505278109618,13677200,MSFT
2018-08-10,100.7090301513672,101.34654828601028,100.1361872587116,101.09708160329224,18183700,MSFT
2018-08-13,99.97913360595705,101.2449287154656,99.87750006181024,100.93078674744636,18472500,MSFT
2018-08-14,101.2264633178711,101.40201347845804,99.8220831804002,100.30252697638171,16788300,MSFT
2018-08-15,99.85375213623048,101.08731062441338,99.07465548854698,100.6235648100921,29982800,MSFT
2018-08-16,99.83522033691406,100.96676150535366,99.5198765102741,100.4473683432638,21384300,MSFT
2018-08-17,99.77954864501952,100.076345675812,98.95408168199675,99.57549935956231,18061500,MSFT
2018-08-20,99.12103271484376,100.07634795836468,98.7593115464465,99.71462678996744,17914200,MSFT
2018-08-21,98.29556274414062,99.56622170559704,98.17498430754158,99.16740003510652,22881900,MSFT
2018-08-22,99.29725646972656,99.5569530065571,98.1100682578156,98.17499239202324,18000600,MSFT
2018-08-23,99.76101684570312,100.33606431548814,99.12105230844983,99.38074888312666,18167700,MSFT
2018-08-24,100.54010772705078,100.68850272832954,99.76101097268554,99.86303563190242,17234000,MSFT
2018-08-27,101.65309143066406,101.69019194872996,100.64212884911944,101.34701746377064,19662300,MSFT
2018-08-28,102.2652359008789,102.487831925535,101.829313673619,101.96843884260409,19151500,MSFT
2018-08-29,103.89761352539062,103.90689042340566,102.27450310655374,102.44145188982496,20818000,MSFT
2018-08-30,103.83267974853516,104.44482758907816,103.3596641366965,103.57298323783176,22798700,MSFT
2018-08-31,104.18515014648438,104.602518604188,103.43387701593716,103.59155599160786,23222700,MSFT
2018-09-04,103.61009979248048,103.84197272382418,102.22813910300805,102.81245634256209,22634600,MSFT
2018-09-05,100.62358856201172,103.3411399584528,100.2618673075538,102.96087198057192,32872400,MSFT
2018-09-06,100.85545349121094,101.08732643463688,99.71464257222767,100.40098450343228,23477600,MSFT
2018-09-07,100.3638687133789,100.8368914273355,99.45493087611284,100.38242250870248,22498600,MSFT
2018-09-10,101.44905090332033,101.69020075352834,100.50301237742865,100.94820448036558,20727900,MSFT
2018-09-11,103.1741943359375,103.49881507739484,100.9945898419222,101.0038667420214,24301800,MSFT
2018-09-12,103.61009979248048,103.73994806793692,102.49711255251076,103.35040324156756,18891100,MSFT
2018-09-13,104.72310638427734,105.48364940518744,103.99038698619792,103.99038698619792,26055600,MSFT
2018-09-14,105.14973449707033,105.4836320685634,104.2871669500798,105.14045759891772,19122300,MSFT
2018-09-17,104.0089340209961,105.45581902213574,103.74923743886345,105.44654919863184,20736500,MSFT
2018-09-18,105.00135803222656,105.4558270857092,103.61939707094982,104.05531939980531,22170900,MSFT
2018-09-19,103.60082244873048,105.1033615848136,102.98868159223753,104.85294193356654,21728400,MSFT
2018-09-20,105.33522033691406,105.54854651764782,103.81413468467122,104.13875532822316,23714500,MSFT
2018-09-21,105.97520446777344,106.9305197941936,105.27958568723056,105.73405464251586,71229700,MSFT
2018-09-24,106.35546875,106.56879494893047,104.08311697510536,104.8343829680085,27334500,MSFT
2018-09-25,106.15142822265624,106.754299276905,105.50218682651176,106.476055996929,22668000,MSFT
2018-09-26,105.71551513671876,106.71720087115094,105.4929120168888,106.16998412302044,19352000,MSFT
2018-09-27,106.11434173583984,106.57808764240072,105.91956222802742,106.45750917792628,19091300,MSFT
2018-09-28,106.0772476196289,106.262743162974,105.43727596554598,105.91029880013777,21647800,MSFT
2018-10-01,107.227294921875,107.29221904506272,106.41110493377252,106.42965165059816,18883100,MSFT
2018-10-02,106.8006820678711,107.4406465973512,106.14216373973888,106.93980725295836,20787200,MSFT
2018-10-03,106.8192138671875,107.7559824346234,106.59661784786606,107.05108678453897,16648000,MSFT
2018-10-04,104.61180877685548,106.43896889138291,103.53591481200016,106.2998436957618,34821700,MSFT
2018-10-05,103.9996566772461,104.96424903262108,102.61769582754012,104.46340259370324,29068900,MSFT
2018-10-08,102.81246185302734,103.9069024306767,101.4119472913115,103.56373500266336,29640600,MSFT
2018-10-09,104.12022399902344,104.88076693755482,102.7660869170627,103.08143070992188,26198600,MSFT
2018-10-10,98.4625244140625,103.4153268034074,98.11934993015274,103.17417697481676,61376300,MSFT
2018-10-11,98.23063659667967,101.03165805367716,96.64461976843305,97.71123650026357,63904300,MSFT
2018-10-12,101.62525939941406,103.17416875040706,99.35290769651772,101.1058663418834,47742100,MSFT
2018-10-15,99.798095703125,101.54178445663727,99.19522474209572,101.01311452260842,32068100,MSFT
2018-10-16,102.95159149169922,103.3318665325243,101.05023043997572,101.59745429059215,31610200,MSFT
2018-10-17,102.68260955810548,103.7028490555921,101.60672282067242,103.58227767697473,26548200,MSFT
2018-10-18,100.63287353515624,102.51568100458948,100.01145564571608,102.1168591950887,32506200,MSFT
2018-10-19,100.7812728881836,102.8217522303657,100.36389728896344,101.0316925867544,32785500,MSFT
2018-10-22,101.68091583251952,102.52493670356212,100.39170289366132,101.39339566054694,26545600,MSFT
2018-10-23,100.26185607910156,101.0687764435557,97.4886577467644,99.95578210539132,43770400,MSFT
2018-10-24,94.90096282958984,100.62358566614304,94.2238906868176,100.54939169838526,63897800,MSFT
2018-10-25,100.44734954833984,101.34701051399335,98.4532410652938,98.82423914431163,61646800,MSFT
2018-10-26,99.20451354980467,100.8647245782131,97.16403459571404,98.02660217860333,55523100,MSFT
2018-10-29,96.32000732421876,100.81834045290152,94.26097471006628,100.27112377093836,55162000,MSFT
2018-10-30,96.20872497558594,96.81158896863424,92.85120220121212,96.14380083435609,65350900,MSFT
2018-10-31,99.0653839111328,100.29894954176268,97.74834742601816,97.79472484042078,51062400,MSFT
2018-11-01,98.23992156982422,99.53841139684069,97.87820036406823,99.2879917452405,33384200,MSFT
2018-11-02,98.4625244140625,99.5384111298819,97.36808390116676,98.75932148148168,37680200,MSFT
2018-11-05,99.71465301513672,99.92797218275668,98.22139053699132,98.65731284847745,27922100,MSFT
2018-11-06,99.9094009399414,100.94818705158096,98.57381070931947,99.59405010162249,24340200,MSFT
2018-11-07,103.84198760986328,104.10168419800442,101.4676107169142,101.50471124039169,37901700,MSFT
2018-11-08,103.64720916748048,104.07385454846649,102.8681194481671,103.69358658819236,25644100,MSFT
2018-11-09,101.62525939941406,103.36894114698109,100.8739934303144,102.8124475744554,32039200,MSFT
2018-11-12,99.12103271484376,101.98697844540658,98.40686019945464,101.48613211773356,33621800,MSFT
2018-11-13,99.18598175048828,100.8554628523922,98.90773136207032,99.7517523510572,35374600,MSFT
2018-11-14,97.77938842773438,100.84401902415188,97.31363922657856,100.694975868533,39495100,MSFT
2018-11-15,99.93115234375,100.41553551640084,96.7920071229696,97.79802004545758,38505200,MSFT
2018-11-16,100.87198638916016,101.42156716358257,99.48405543557858,99.74487391203466,33502100,MSFT
2018-11-19,97.453369140625,101.12346815369035,96.4566660962498,100.85333275386188,44773900,MSFT
2018-11-20,94.7427215576172,95.91641178109012,92.54438429761342,94.8265601269647,64052500,MSFT
2018-11-21,96.04681396484376,97.27639173976333,95.2364076855766,96.50324625449616,28130600,MSFT
2018-11-23,96.0095672607422,96.69887428397637,95.01286397197369,95.17121703963532,13823100,MSFT
2018-11-26,99.1766586303711,99.32569471318168,97.41612681737509,97.61174067362236,32336200,MSFT
2018-11-27,99.80076599121094,99.97775301100344,98.14269951137844,98.99035959753932,29124500,MSFT
2018-11-28,103.50814056396484,103.7037544428042,100.47145273985346,100.49939656443462,46788500,MSFT
2018-11-29,102.6418228149414,103.5081167111817,101.56128113499882,102.772232037449,28123200,MSFT
2018-11-30,103.29388427734376,103.36840587464218,101.868692486172,103.11689726045266,33665600,MSFT
2018-12-03,104.41167449951172,105.65056934119968,103.144842943721,105.2593416354362,34732800,MSFT
2018-12-04,101.0862045288086,104.92398054413668,100.79744229529592,104.27193449853746,45197000,MSFT
2018-12-06,101.71033477783205,101.75690544393908,97.80735335548016,98.57118192598548,49107400,MSFT
2018-12-07,97.6396713256836,101.95250677100626,97.15529523841704,100.95580367211876,45044900,MSFT
2018-12-10,100.21993255615234,100.58322355415702,96.77339052406371,97.62105767479058,40801500,MSFT
2018-12-11,101.15142822265624,103.34976545807343,100.08021053226442,102.27854776768162,42381900,MSFT
2018-12-12,101.60787963867188,103.64785695378824,101.57061883795578,103.29389000714188,36183000,MSFT
2018-12-13,101.95250701904295,103.27524027769064,101.18867854053042,102.07360637123134,31333400,MSFT
2018-12-14,98.7667999267578,101.77554366899868,98.2731067833183,100.83472805018204,47043100,MSFT
2018-12-17,95.84188079833984,98.5525448644403,94.74271227601947,98.18926101532143,56957300,MSFT
2018-12-18,96.84790802001952,97.35091810354068,95.497230821647,96.64297719635128,49319200,MSFT
2018-12-19,96.58708953857422,99.55856516091758,94.40737917704242,96.54982874275306,68198200,MSFT
2018-12-20,94.55642700195312,97.16461887653492,92.01343263979614,95.99093573101985,70334200,MSFT
2018-12-21,91.50110626220705,95.9443512463454,90.78384839445772,94.66819566647624,111242100,MSFT
2018-12-24,87.68193817138672,91.25889557350916,87.54221910263735,90.98876019597952,43935200,MSFT
2018-12-26,93.67152404785156,93.79262344922748,87.52363293017139,88.62280188051211,51634800,MSFT
2018-12-27,94.24901580810548,94.25833278273342,89.79645424303467,92.497801236825,49498500,MSFT
2018-12-28,93.51312255859376,95.39475328125516,92.70271640297992,95.09666697473806,38196300,MSFT
2018-12-31,94.61231231689452,95.38545785887824,93.5597214595662,94.35149384653144,33173800,MSFT
2019-01-02,94.19315338134766,94.77999501810812,92.16248588194682,92.73070067123592,35329300,MSFT
2019-01-03,90.72797393798828,93.32685613906987,90.5416699356985,93.24301756134672,42579100,MSFT
2019-01-04,94.94763946533205,95.48791028431891,92.15314405138928,92.88902869653988,44060600,MSFT
2019-01-07,95.06875610351562,96.19586869021902,94.06274289749048,94.67752835079634,35656100,MSFT
2019-01-08,95.75804138183594,96.84789283857305,94.74270439830389,95.98159901498916,31514400,MSFT
2019-01-09,97.12735748291016,97.69557220674126,96.16791504630794,96.74544674618706,32280800,MSFT
2019-01-10,96.50325775146484,96.6429839689186,95.36682827277112,96.14929082644984,30067600,MSFT
2019-01-11,95.75804138183594,96.35419980809056,94.67749979251884,96.12132520074832,28314200,MSFT
2019-01-14,95.0594482421875,95.82327691654058,94.32356339265188,94.91972201132886,28437100,MSFT
2019-01-15,97.81668090820312,97.85394170917996,94.90108541601376,95.48793414793488,31587600,MSFT
2019-01-16,98.16131591796876,98.98103920096884,97.77008822750236,98.04954063884692,29853900,MSFT
2019-01-17,98.85062408447266,99.32568320599164,97.58378554688277,97.80734319858404,28393000,MSFT
2019-01-18,100.33171081542967,100.50869781911956,98.65501764190162,100.09883617131996,37427600,MSFT
2019-01-22,98.44076538085938,99.76349159382995,97.67693686706806,99.4374685282062,32371300,MSFT
2019-01-23,99.40020751953124,99.70760374078596,98.12405197196368,98.85062679677569,25874300,MSFT
2019-01-24,98.92514038085938,99.6703420425772,98.12405108188211,99.53993281779204,23164800,MSFT
2019-01-25,99.82869720458984,100.49006031768444,98.92514248028162,99.89390181836622,31225600,MSFT
2019-01-28,97.88186645507812,99.18596580800072,97.49063878123226,98.9810349959568,29476700,MSFT
2019-01-29,95.88848876953124,97.77943019690848,95.17123071356424,97.6955916093667,31490500,MSFT
2019-01-30,99.09283447265624,99.09283447265624,97.1832662991017,97.45340178943088,49471900,MSFT
2019-01-31,97.2764129638672,98.01229781569228,96.11203954770808,96.68957132056067,55636400,MSFT
2019-02-01,95.73943328857422,96.96901126312676,95.33888857150484,96.67093196950104,35535700,MSFT
2019-02-04,98.49663543701172,98.55253017169126,95.7300841471208,95.82323966933052,31315100,MSFT
2019-02-05,99.8752670288086,99.92183768821825,98.70157696743796,98.79472539302655,27325400,MSFT
2019-02-06,98.7667999267578,99.67035474706216,98.30105060550986,99.67035474706216,20609800,MSFT
2019-02-07,98.05885314941406,98.35693241305287,97.14598851373218,97.98433866358202,29760700,MSFT
2019-02-08,98.43144989013672,98.53391529898808,97.11804063259544,97.23913288543343,21461100,MSFT
2019-02-11,98.0402374267578,99.27913239392764,97.77941892983176,98.92515834229567,18914100,MSFT
2019-02-12,99.56788635253906,99.80076100620424,98.25447700138812,98.86926239154354,25056600,MSFT
2019-02-13,99.49334716796876,100.39690180153032,99.4001987443248,100.1360833726196,18394900,MSFT
2019-02-14,99.57720184326172,99.94048572901892,98.42214556820733,99.02761397328908,21784700,MSFT
2019-02-15,100.80677795410156,100.8812995464882,100.00568860287063,100.51801566706608,26606900,MSFT
2019-02-19,100.76021575927734,101.21665525313152,100.39693182369302,100.40624880087428,18038500,MSFT
2019-02-20,100.23633575439452,100.97536324751084,99.43182517389432,100.90052339418028,21607700,MSFT
2019-02-21,102.35050964355467,102.41599272737103,99.97439795817183,100.00246111736158,29063200,MSFT
2019-02-22,103.80984497070312,104.02500060337064,102.73404539600428,102.94920816579224,27763200,MSFT
2019-02-25,104.38985443115234,104.94178946368166,104.0811525062045,104.54889091402318,23750600,MSFT
2019-02-26,105.11017608642578,105.9333931188206,103.99695638653228,104.08115301165182,21536700,MSFT
2019-02-27,104.9324188232422,105.11016167859154,103.72565303417082,104.4833940078933,21487100,MSFT
2019-02-28,104.80144500732422,105.59659871001595,104.52080630249668,104.81080177195452,29083900,MSFT
2019-03-01,105.26920318603516,105.7275848197455,104.4646925668822,105.60597540508158,23501200,MSFT
2019-03-04,105.0166244506836,105.94274445681276,103.6508292196596,105.72758165886286,26608000,MSFT
2019-03-05,104.49275207519533,105.13823332865095,104.053083989651,105.00726715217029,19538300,MSFT
2019-03-06,104.53953552246094,105.39082286170616,104.24018322300454,104.65179531117776,17687000,MSFT
2019-03-07,103.26729583740234,104.35245248211515,102.7808509830596,104.21212951776472,25339000,MSFT
2019-03-08,103.37952423095705,103.56661670183972,101.77986005241296,102.11663220969808,22818400,MSFT
2019-03-11,105.54983520507812,105.66208783858885,103.8192047796217,103.82855440766716,26491600,MSFT
2019-03-12,106.28888702392578,106.63500890616037,105.3814732968698,105.5405026555788,26132700,MSFT
2019-03-13,107.11207580566406,107.57981412795954,106.43853147961931,106.76594687780208,35513800,MSFT
2019-03-14,107.19627380371094,107.76691517326698,106.95305499549956,107.1495042500338,30763400,MSFT
2019-03-15,108.4311065673828,109.68464190620725,107.19627048490516,107.89787800242888,54681100,MSFT
2019-03-18,109.9840087890625,110.021428718095,108.56208717143645,108.6743398214122,31207600,MSFT
2019-03-19,110.05887603759766,110.7979037613881,109.4414577605866,110.47048108514822,37588700,MSFT
2019-03-20,109.93724060058594,111.08788031172752,109.17950660612824,109.81563117466132,28113300,MSFT
2019-03-21,112.46302032470705,113.02430496873224,109.53497341755433,109.58175011169035,29854400,MSFT
2019-03-22,109.49756622314452,111.87367109972185,109.4882094564148,111.78948161051984,33624500,MSFT
2019-03-25,110.06819152832033,110.39560694464828,108.81464904379506,109.03916145254556,27067100,MSFT
2019-03-26,110.30206298828124,111.05044007866556,109.31045281626866,110.9662506000597,26097700,MSFT
2019-03-27,109.2356185913086,110.58270741533956,108.06627263631545,110.27399837031224,22733400,MSFT
2019-03-28,109.38529205322266,109.99335334252171,108.6369078299129,109.86238717401064,18334800,MSFT
2019-03-29,110.33013153076172,110.6856101307538,109.41336116419514,110.45174094038818,25399800,MSFT
2019-04-01,111.3404541015625,111.42465073129794,110.47981709272298,111.27497100604477,22789100,MSFT
2019-04-02,111.49947357177734,111.77076267954062,110.87269873936926,111.37785702929526,18142300,MSFT
2019-04-03,112.22915649414062,112.65947497970495,111.4620657786352,112.12625347181852,22860700,MSFT
2019-04-04,111.65850067138672,112.47236797841246,110.74173035529608,112.35075143836076,20112800,MSFT
2019-04-05,112.15430450439452,112.47237030365832,111.6678597454936,111.68656613974626,15826200,MSFT
2019-04-08,112.19171905517578,112.27590853096105,110.98495327574204,112.07945928367472,15116200,MSFT
2019-04-09,111.58367156982422,111.8268975362352,110.92884066462727,110.9756102223576,17612000,MSFT
2019-04-10,112.43494415283205,112.5846167099296,111.82688288503168,112.0326888960214,16477200,MSFT
2019-04-11,112.5659408569336,113.05238572087866,112.1823918892794,112.7623901560531,14209100,MSFT
2019-04-12,113.1458969116211,113.17396720604152,112.60332588387266,112.85590143669346,19745100,MSFT
2019-04-15,113.23947143554688,113.73527300610446,112.79043942351788,113.1365684148136,15792600,MSFT
2019-04-16,112.97753143310548,113.80075559533736,112.35076368204014,113.79139882882426,14071800,MSFT
2019-04-17,113.91301727294922,113.98785713674188,112.76238469990652,113.41721566528676,19300900,MSFT
2019-04-18,115.40975952148438,115.55007531249971,113.47332309714598,114.30589676373316,27991000,MSFT
2019-04-22,115.77459716796876,115.99910957520436,114.6613776228442,114.70815431219864,15648700,MSFT
2019-04-23,117.34618377685548,117.47714992630216,115.84006592109878,116.09264145585456,24025500,MSFT
2019-04-24,116.94395446777344,117.72975153850965,116.48556570605588,117.67362521549175,31257000,MSFT
2019-04-25,120.81680297851562,122.89356227212215,120.51745787475438,121.66809015118804,38033900,MSFT
2019-04-26,121.5090789794922,122.09843392154195,120.69521874465616,121.33133610654112,23654900,MSFT
2019-04-29,121.3968276977539,121.7803623353228,121.00392915671836,121.51842997463244,16324200,MSFT
2019-04-30,122.17327117919922,122.2668102911234,121.0413380132484,121.43423654151226,24166500,MSFT
2019-05-01,119.62876892089844,122.22003647987704,119.46038281379764,122.10778383322416,26821700,MSFT
2019-05-02,118.0665283203125,119.74103268066072,117.42104703213936,119.72232628463792,27350200,MSFT
2019-05-03,120.58293151855467,121.07873298895814,119.03940079359911,119.14230379354552,24911100,MSFT
2019-05-06,119.88134765625,120.26489657469452,117.97298124189926,118.2349136071191,24239800,MSFT
2019-05-07,117.4210433959961,118.9739382913038,116.20492785276528,118.30039386139306,36017700,MSFT
2019-05-08,117.41168212890624,118.21619265854248,116.70071784145824,117.3461990456624,28419000,MSFT
2019-05-09,117.40232849121094,117.67361759676864,115.59685813410827,116.2704025152004,27235800,MSFT
2019-05-10,118.92716217041016,119.67554645994625,115.8307362682696,116.8504096843345,30915100,MSFT
2019-05-13,115.39105987548828,117.44911308249895,115.10106435633593,116.1020242297008,33944900,MSFT
2019-05-14,116.68201446533205,117.7578069839985,115.71846744822508,115.8775039148907,25266300,MSFT
2019-05-15,118.3251724243164,118.97304307998576,116.14683270659717,116.67264378573014,24722700,MSFT
2019-05-16,121.05746459960938,121.47999884235205,118.7382900186178,119.01058333715996,30112200,MSFT
2019-05-17,120.2499771118164,122.49404172856084,120.10912760407392,120.47531340087896,25770500,MSFT
2019-05-20,118.51295471191406,119.79929734944017,118.08104336554746,118.79463228726247,23706900,MSFT
2019-05-21,119.15143585205078,119.74296521710198,118.85097546866184,119.6490726904568,15293300,MSFT
2019-05-22,119.87439727783205,120.4095996387207,118.79461548288832,118.88851515826217,15396500,MSFT
2019-05-23,118.47537231445312,118.5786562202599,117.1232973028292,118.49414795026388,23603800,MSFT
2019-05-24,118.53173065185548,119.63967964353034,118.2782201170455,119.1608256151626,14123400,MSFT
2019-05-28,118.45661926269533,120.18426462822669,118.3533353371972,119.22654942142827,23128400,MSFT
2019-05-29,117.31111145019533,117.73363138869334,116.46606440965888,117.7242399872595,22763100,MSFT
2019-05-30,118.0528793334961,118.08104637539486,117.16088241330488,117.61157657430708,16829600,MSFT
2019-05-31,116.12805938720705,117.01066497477493,115.79004053084238,116.6444790743034,26646800,MSFT
2019-06-03,112.52249908447266,116.77590076630725,111.7431847933315,116.28764824578036,37983600,MSFT
2019-06-04,115.63977813720705,115.7524462787831,113.28303827420794,113.8745675080993,29382600,MSFT
2019-06-05,118.14675903320312,118.18431747283712,116.625674463956,117.3204876883351,24926100,MSFT
2019-06-06,120.01522827148438,120.15607060767913,117.93078175371107,118.71949453827828,21459000,MSFT
2019-06-07,123.3766632080078,124.17476763441148,120.42839330568803,121.3016146226894,33885600,MSFT
2019-06-10,124.50338745117188,125.89301394446198,123.9400180021482,124.31558808344384,26477100,MSFT
2019-06-11,124.03392791748048,126.04325810502874,123.26399056210856,125.70523927314768,23913700,MSFT
2019-06-12,123.4612045288086,123.91189163972923,122.72883260090568,123.37668905475446,17092500,MSFT
2019-06-13,124.24049377441406,124.87896582040663,123.52689051467978,123.92124342433658,17200800,MSFT
2019-06-14,124.36253356933594,125.62070905739448,123.60199486874949,124.18413277249128,17821700,MSFT
2019-06-17,124.73811340332033,125.56437038843217,124.43764589813112,124.53154557527256,14517800,MSFT
2019-06-18,126.90704345703124,126.98216032278452,125.41413335876248,125.99627115950388,25934500,MSFT
2019-06-19,127.40472412109376,127.63006046903512,125.63951298444816,126.756853466598,23744400,MSFT
2019-06-20,128.58775329589844,129.25440660145264,127.43286179759797,129.0572230153629,33042600,MSFT
2019-06-21,128.6065673828125,129.32015637224728,128.1277133102147,128.2403814856301,36727900,MSFT
2019-06-24,129.36708068847656,129.9492185826722,128.6347090386564,128.6347090386564,20628800,MSFT
2019-06-25,125.2826690673828,129.18866015430092,124.6254143958046,128.86942421768825,33327400,MSFT
2019-06-26,125.75212860107422,127.45162070163845,125.44229125214947,126.14649569931257,23657700,MSFT
2019-06-27,125.958740234375,126.4845584393842,125.35781947001708,125.9493559962267,16557500,MSFT
2019-06-28,125.78034973144533,126.38127047661844,125.02919521820874,126.3531034359916,30043000,MSFT
2019-07-01,127.39531707763672,128.35303947390202,126.7286779898957,128.2873211524864,22613500,MSFT
2019-07-02,128.24037170410156,128.24975594230963,127.07608144764669,127.80845318614983,15237800,MSFT
2019-07-03,129.06666564941406,129.3295676359168,127.96809352292598,128.44696196962175,13629300,MSFT
2019-07-05,128.6910400390625,128.94455770473394,127.432864601711,127.6394324289871,18141100,MSFT
2019-07-08,128.59715270996094,128.72860365919703,127.10422810361216,128.07133458593756,16779700,MSFT
2019-07-09,128.127685546875,128.60653951571237,127.50798206220604,127.69576708956896,19953100,MSFT
2019-07-10,129.43283081054688,130.1182527134232,128.65350921595316,128.75679314600973,24204400,MSFT
2019-07-11,129.94918823242188,130.71912530486543,129.45155156933563,129.76140324528905,22327900,MSFT
2019-07-12,130.41871643066406,130.6346828735728,129.58306068464202,130.37178090811074,18936800,MSFT
2019-07-15,130.41871643066406,131.01963725558912,130.0055950042827,130.92575188339984,16651500,MSFT
2019-07-16,128.7098388671875,130.5595509790779,128.18403499667505,130.47504985569148,22726100,MSFT
2019-07-17,127.94928741455078,129.50791606841497,127.90233757496486,129.2919639988151,20211000,MSFT
2019-07-18,128.09010314941406,128.2778881521538,126.44695930305603,127.27323050760369,30381800,MSFT
2019-07-19,128.2779083251953,132.08061611876917,128.1182903314111,131.65809621438976,48992400,MSFT
2019-07-22,129.9774169921875,130.69102034009882,128.94459190891618,129.01970880485857,25074900,MSFT
2019-07-23,130.78488159179688,131.4421507282906,129.60182293485272,131.2261843196345,18034600,MSFT
2019-07-24,132.12757873535156,132.14636153851882,130.37176630685818,130.41870182415488,20738300,MSFT
2019-07-25,131.62994384765625,132.0242967575044,130.8130709863337,131.85528018066594,18356900,MSFT
2019-07-26,132.7096710205078,133.02890692908798,131.7331804980638,131.79889879591215,19037600,MSFT
2019-07-29,132.41864013671875,132.8693270973818,130.85999708587045,132.85994285987556,16605900,MSFT
2019-07-30,131.7801513671875,132.5970240657688,131.26373182845515,131.58296778800667,16846500,MSFT
2019-07-31,127.94928741455078,131.9116131806667,126.83194713697162,131.76137942482356,38598800,MSFT
2019-08-01,129.6299591064453,132.33410890933737,128.5689530993512,128.63468572818002,40557500,MSFT
2019-08-02,128.54080200195312,129.87410859795295,127.00094191264206,129.6581422139498,30791600,MSFT
2019-08-05,124.13721466064452,125.75217764169568,122.7945235410202,125.16065541780964,42749600,MSFT
2019-08-06,126.4657745361328,127.39531555257098,125.07614796696842,125.63011888160464,32696700,MSFT
2019-08-07,127.01976776123048,127.36717088277112,123.7804285011998,125.62074238118574,33414500,MSFT
2019-08-08,130.4093017578125,130.5032014351709,127.63003463670812,128.25913668626657,27496500,MSFT
2019-08-09,129.3013916015625,130.86941917174013,128.12771698372748,130.1464315955706,23466700,MSFT
2019-08-12,127.49859619140624,129.44220795216162,126.98219089651708,128.7004520057545,20484300,MSFT
2019-08-13,130.13699340820312,130.32477840379408,126.75680617925885,127.74269531495732,25154600,MSFT
2019-08-14,126.2179946899414,128.9876709428983,125.92595653908155,128.46011629943715,32527300,MSFT
2019-08-15,125.93541717529295,126.78328547751408,124.58826925452,126.60429057899658,28074400,MSFT
2019-08-16,128.24346923828125,128.5543527918804,126.91515252057268,127.06588655409747,24449100,MSFT
2019-08-19,130.3914031982422,130.5232919084522,128.9594583625398,129.8638483574022,24355700,MSFT
2019-08-20,129.30796813964844,130.67397527772653,129.2891371703459,130.2029422990198,21170800,MSFT
2019-08-21,130.74937438964844,131.4088322941226,130.0051483436039,130.5232876793518,14970300,MSFT
2019-08-22,129.7978515625,131.13558354961538,128.39416805587712,130.62687423752948,18697000,MSFT
2019-08-23,125.66222381591795,130.33487901239744,125.10640814606396,129.24207864893492,38508600,MSFT
2019-08-26,127.60285186767578,127.70647971488354,126.14264652058024,127.16950950647102,20312600,MSFT
2019-08-27,127.87606048583984,128.79928125981397,126.85862734981627,128.48839771479663,23102100,MSFT
2019-08-28,127.70645904541016,127.89486936216942,125.8129116435832,127.06586109347155,17393300,MSFT
2019-08-29,130.11819458007812,130.4196627002038,128.97830239098192,129.2986014875221,20168700,MSFT
2019-08-30,129.87326049804688,131.116780537289,128.37537853324508,131.08851969831468,23940100,MSFT
2019-09-03,128.15869140625,129.2514917495263,127.83839231850062,128.69567608993933,18869300,MSFT
2019-09-04,129.65660095214844,129.7131226351878,128.57321598632237,129.3457173206397,17995900,MSFT
2019-09-05,131.93638610839844,132.24726970746855,130.72111255068887,131.05084150040312,26101800,MSFT
2019-09-06,131.04141235351562,132.05883118559822,130.19354416039448,131.91752700747264,20824500,MSFT
2019-09-09,129.55296325683594,131.6537671077461,128.55437526603893,131.50303304786965,25773900,MSFT
2019-09-10,128.1963348388672,128.95940595029373,126.71728441318524,128.8746234656431,28903400,MSFT
2019-09-11,128.2340087890625,128.37532730232877,127.26368203873189,128.036182995189,24726100,MSFT
2019-09-12,129.55296325683594,130.40081718775647,128.94061152913451,129.86384686478445,27010000,MSFT
2019-09-13,129.36456298828125,130.06168291385407,128.6580131989841,129.79790547583318,23363100,MSFT
2019-09-16,128.431884765625,128.78044465424992,127.80070214645508,127.96085167297976,16731400,MSFT
2019-09-17,129.43045043945312,129.5529236224832,128.52606073166706,129.02536894910247,17814200,MSFT
2019-09-18,130.49496459960938,130.63626872614827,128.62024839708397,129.40216477176187,23982100,MSFT
2019-09-19,132.8972625732422,134.12193691998064,131.95519653742065,132.17186770071928,35772100,MSFT
2019-09-20,131.36172485351562,133.44368328988745,130.2406636763351,132.84076144352028,39167300,MSFT
2019-09-23,131.07908630371094,131.5407039018818,130.4196428597447,131.16386880905182,17139300,MSFT
2019-09-24,129.42108154296875,132.53931890438977,128.95004836149025,132.22843527963894,29773200,MSFT
2019-09-25,131.28631591796875,131.85156125747696,128.14923447074904,129.53407261523665,21382000,MSFT
2019-09-26,131.4558868408203,132.0588085219996,130.4196228378989,131.36168886316568,17456600,MSFT
2019-09-27,129.7507781982422,132.22841699005016,128.73334494200304,132.03057675628563,22477700,MSFT
2019-09-30,130.97547912597656,131.15447402647854,129.79789622771756,130.05225815868306,17280900,MSFT
2019-10-01,129.1289825439453,132.1247452694083,129.06303102965373,131.56892982660128,21466600,MSFT
2019-10-02,126.84922790527344,128.46958317250093,125.84122438862369,128.3565398107661,30521700,MSFT
2019-10-03,128.38475036621094,128.82752252597228,125.50203077272532,127.13180089016134,24132900,MSFT
2019-10-04,130.11819458007812,130.24066780072806,128.51668472258618,128.8275683309191,22897700,MSFT
2019-10-07,129.17605590820312,130.17464334087072,129.08185795452272,129.19490124885243,15303700,MSFT
2019-10-08,127.81011962890624,129.77903453695495,127.7630134439484,129.13843642085448,25550500,MSFT
2019-10-09,130.23121643066406,130.66455876545945,129.03478851759584,129.49640605880475,19749900,MSFT
2019-10-10,131.04141235351562,131.57838260518204,130.24065034469942,130.46675140448957,17654600,MSFT
2019-10-11,131.58778381347656,132.8595787777606,131.41821881812544,132.0022951907184,25446000,MSFT
2019-10-14,131.46539306640625,132.16251313018245,131.43713221921504,131.5972818115635,13304300,MSFT
2019-10-15,133.36830139160156,133.57554270369167,131.71025589658038,131.94577241577883,19695700,MSFT
2019-10-16,132.27548217773438,132.82188214829026,131.446459550024,132.63345746033028,20751600,MSFT
2019-10-17,131.59722900390625,133.22699949537883,130.96604637859363,132.7842272340001,21460600,MSFT
2019-10-18,129.4492950439453,131.88924258175905,128.64853317835568,131.66314156240998,32273500,MSFT
2019-10-21,130.41024780273438,130.47619935212697,129.07251520944223,130.42909315610265,20078200,MSFT
2019-10-22,128.46958923339844,131.8987103241201,128.365961355322,130.91896760168206,27431000,MSFT
2019-10-23,129.28916931152344,129.48699516187958,127.75359681926604,128.95002490755215,29844600,MSFT
2019-10-24,131.8327178955078,132.28490554904317,130.63629005460123,131.3145787222974,37029300,MSFT
2019-10-25,132.57699584960938,132.96324651016533,131.13563545757566,131.2675241740104,25959700,MSFT
2019-10-28,135.83653259277344,137.23078659427898,135.19592007870443,136.03435845204905,35280100,MSFT
2019-10-29,134.55532836914062,136.1285773302664,134.3857489640111,135.73291121801836,20589500,MSFT
2019-10-30,136.23220825195312,136.59961353405308,134.51764068562605,135.20535943464697,18496600,MSFT
2019-10-31,135.06399536132812,136.53361599460894,134.70602006269954,136.50535516510632,24605100,MSFT
2019-11-01,135.39373779296875,136.05318117218664,134.68718823492367,135.90244714985468,33128400,MSFT
2019-11-04,136.17567443847656,136.59960136084538,135.80826918911828,136.43945182905225,16912000,MSFT
2019-11-05,136.09085083007812,136.61840545191018,135.57271169264115,136.57129928036403,18250200,MSFT
2019-11-06,135.7140350341797,136.14739174901885,134.903857643227,136.00607321438574,16575800,MSFT
2019-11-07,135.90248107910156,136.48657196776443,135.4408777857995,135.50681495278928,17786700,MSFT
2019-11-08,137.50396728515625,137.5322281167354,135.43141047077083,135.63866615220937,16732700,MSFT
2019-11-11,137.64527893066406,137.9373171227263,136.34522310815422,136.9198840061692,14362600,MSFT
2019-11-12,138.54969787597656,139.02073102677576,137.59820171149596,137.8054574478309,18641600,MSFT
2019-11-13,138.7758026123047,138.9171212007731,137.80547534561825,138.2388322255447,16919200,MSFT
2019-11-14,139.48231506347656,139.81204397344354,138.48372722157296,138.5025725699454,19729800,MSFT
2019-11-15,141.2816925048828,141.30053785693727,139.68018257525807,140.3019354451368,23485700,MSFT
2019-11-18,141.63023376464844,141.82807399813032,140.3490231150802,141.37588623204445,21534000,MSFT
2019-11-19,141.67730712890625,142.56285148114728,141.49831228645922,142.13892465022818,23935700,MSFT
2019-11-20,141.43154907226562,142.58478171593035,140.3350448472858,142.0837888619762,25696800,MSFT
2019-11-21,141.29922485351562,141.60171875338148,140.3728625266567,141.22360137854915,18576100,MSFT
2019-11-22,141.40322875976562,142.07437819649104,140.6753797370488,141.8569696847513,15901800,MSFT
2019-11-25,142.9534454345703,143.0668878548469,141.71514172629512,141.79076519857867,22420900,MSFT
2019-11-26,143.7096710205078,144.07832644663813,143.03853611781818,143.07634064349944,24620100,MSFT
2019-11-27,143.98385620117188,144.1539982593441,143.22763562064358,143.99330372983437,15184400,MSFT
2019-11-29,143.09524536132812,143.9648936601184,143.00071241471292,143.77584219059054,11977300,MSFT
2019-12-02,141.36537170410156,143.5205898140514,140.20269166618917,143.50168034327638,27418400,MSFT
2019-12-03,141.13851928710938,141.25194727879412,138.6240930309501,139.41813224384907,24066000,MSFT
2019-12-04,141.64895629882812,141.96088323676742,141.03452109910205,141.92307871885663,17574700,MSFT
2019-12-05,141.72457885742188,142.09324866665452,141.29920947776307,141.83802126937863,17869100,MSFT
2019-12-06,143.4449920654297,143.55842006301026,142.04599387502634,142.72659070791502,16403500,MSFT
2019-12-09,143.07630920410156,143.87979582937618,142.6509398710679,142.80218678796427,16687400,MSFT
2019-12-10,142.85894775390625,143.57734920985484,142.50918734060494,143.01018029683436,16476100,MSFT
2019-12-11,143.397705078125,143.5583995262769,142.10268754533,143.24645815385242,18856600,MSFT
2019-12-12,144.8534698486328,145.04252134219536,142.75496509556822,143.35047657910508,24612100,MSFT
2019-12-13,146.07281494140625,146.41311328444695,144.4658561529305,144.6265505894081,23845400,MSFT
2019-12-16,147.0181121826172,147.367858109915,146.34697732625102,146.62109978370296,24144200,MSFT
2019-12-17,146.22412109375,147.18830252692933,145.9972506319121,146.94252258734528,25425600,MSFT
2019-12-18,145.92156982421875,146.97082185953417,145.74196591544498,145.85540831365458,24129200,MSFT
2019-12-19,147.1882781982422,147.2449921984011,145.33553912540123,145.57185707519866,24958900,MSFT
2019-12-20,148.7952423095703,149.81613761741565,147.7365280512288,148.7385283075295,53477500,MSFT
2019-12-23,148.7952423095703,149.4663772319914,148.66290483024056,149.4663772319914,17718200,MSFT
2019-12-24,148.76686096191406,149.0788023457909,148.5210810950226,148.86137947527905,8989200,MSFT
2019-12-26,149.98629760742188,150.0430116162629,148.78579820003418,148.9370451727471,14520600,MSFT
2019-12-27,150.26043701171875,150.81814400607198,149.56093056923316,150.72361104065038,18412800,MSFT
2019-12-30,148.9653778076172,150.31712396658284,148.15244349190644,150.28876696680132,16348400,MSFT
2019-12-31,149.06935119628906,149.1355271417693,147.88776151587507,148.19025539743808,18369400,MSFT
2020-01-02,151.82952880859375,151.93350926772743,149.66486306224806,150.09023242281285,22622100,MSFT
2020-01-03,149.93896484375,151.19617770421758,149.40961509696342,149.6553949248992,21116200,MSFT
2020-01-06,150.32659912109375,150.392775081882,147.94450973571048,148.4833216779959,20813700,MSFT
2020-01-07,148.95596313476562,150.93157814835348,148.7101976078873,150.60074160336796,21634100,MSFT
2020-01-08,151.3285369873047,151.99968621410528,149.30565620651117,150.23201839712107,27746500,MSFT
2020-01-09,153.21913146972656,153.34202144246635,152.21714548072572,152.98281347519972,21385000,MSFT
2020-01-10,152.5101318359375,154.2872472384287,152.35888490302304,153.909144329844,20725900,MSFT
2020-01-13,154.343994140625,154.37235114362988,152.43454087063708,152.90717681899122,21626500,MSFT
2020-01-14,153.25689697265625,154.64644744971824,152.86933213511907,154.44793405712338,23477400,MSFT
2020-01-15,154.24945068359375,154.96786650736908,153.67284871260028,153.72010076525626,21417900,MSFT
2020-01-16,157.0758056640625,157.1419816102334,155.05292468702913,155.35541857174923,23865400,MSFT
2020-01-17,157.95492553710938,158.30467149192543,156.37630891838617,158.25740501659007,34371700,MSFT
2020-01-21,157.38772583007812,158.98523718683614,157.32154989283947,157.55786779949122,29517200,MSFT
2020-01-22,156.6315155029297,158.3235598983311,156.6126060305712,158.23847448456866,24138800,MSFT
2020-01-23,157.59571838378906,157.6713418599453,156.22507713475247,157.09472547499433,19680800,MSFT
2020-01-24,156.00767517089844,158.36140750217533,155.4499681860582,158.34249802467247,24918100,MSFT
2020-01-27,153.39869689941406,154.4385015834786,151.4325299482661,152.3305352170298,32078100,MSFT
2020-01-28,156.4046630859375,156.68823305925625,154.1454642817214,154.81659911684454,24899900,MSFT
2020-01-29,158.84344482421875,159.5145940552649,156.62206505752158,158.65439337526382,34754500,MSFT
2020-01-30,163.32406616210938,164.52456542873182,161.4429700217879,164.52456542873182,51597500,MSFT
2020-01-31,160.91360473632812,162.9648426873359,160.29918387299614,162.7852531721158,36142700,MSFT
2020-02-03,164.83651733398438,164.94994534557068,161.07432481438784,161.1026818172844,30107000,MSFT
2020-02-04,170.26235961914062,170.75390501577263,166.66087620777762,167.44545356772943,36433300,MSFT
2020-02-05,170.05441284179688,174.11908498739666,168.64596691048436,173.95839049164914,39186300,MSFT
2020-02-06,173.5802764892578,173.75988045068,170.20564902136644,171.0658498767549,27751400,MSFT
2020-02-07,173.82598876953125,175.47076649707245,172.49315239154268,172.8429126812408,33529100,MSFT
2020-02-10,178.37277221679688,178.50510968178952,173.22104418313037,173.53298558426346,35844300,MSFT
2020-02-11,174.34591674804688,180.2633124685266,173.45735903159144,180.2160459982191,53159900,MSFT
2020-02-12,174.60113525390625,175.67874437299267,171.89765772024018,175.4235169852956,47062900,MSFT
2020-02-13,173.6559295654297,176.03800467658817,172.8618901046705,173.06040357578686,35295800,MSFT
2020-02-14,175.20611572265625,175.26282971697995,172.65387058847747,173.22103937911754,23149500,MSFT
2020-02-18,176.98321533203125,177.42749418236605,175.34789933909548,175.45187980244407,27792200,MSFT
2020-02-19,177.51402282714844,178.3670852904449,176.746263717562,178.25334748549824,29997500,MSFT
2020-02-20,174.80316162109375,177.48558908217993,171.6562951458951,177.20123010558348,36862400,MSFT
2020-02-21,169.27716064453125,173.93112500826635,168.00704036902022,173.6183316037425,48572600,MSFT
2020-02-24,161.97872924804688,165.44787749750017,154.7181659403322,159.0214301307952,68311100,MSFT
2020-02-25,159.30577087402344,165.72272971041576,158.90765961105674,165.11610394922226,68073300,MSFT
2020-02-26,161.29624938964844,164.2251136153781,159.43846438675976,160.86024482213514,56206100,MSFT
2020-02-27,149.93150329589844,158.32001499596967,149.74193543338117,154.80348558750697,93174900,MSFT
2020-02-28,153.561767578125,155.17313038454182,144.0737575661736,144.4623810412788,97012700,MSFT
2020-03-02,163.77963256835938,163.9028581761286,153.84612995671205,156.68969102388243,71030800,MSFT
2020-03-03,155.9314422607422,165.874435030122,153.79877095321206,164.73701322539318,71677000,MSFT
2020-03-04,161.65646362304688,161.79863590353253,156.98353700870763,159.70388716783967,49814400,MSFT
2020-03-05,157.5996551513672,161.95977394730102,157.0498982125775,157.3911261586159,47817300,MSFT
2020-03-06,153.14474487304688,154.60443335618072,147.86519228321035,154.1305064578371,72821100,MSFT
2020-03-09,142.76568603515625,149.52388595235027,142.17802150778155,143.1258749845001,70419300,MSFT
2020-03-10,152.52857971191406,152.63284417285914,144.62348518857524,149.91250932333253,65354400,MSFT
2020-03-11,145.6187744140625,149.4765316073589,143.268086730117,148.9362624974482,56371600,MSFT
2020-03-12,131.80853271484375,145.4671079518946,131.35356699021355,137.7231449874347,93226400,MSFT
2020-03-13,150.54757690429688,153.46696749285394,133.39142234015029,139.80839474524316,92727400,MSFT
2020-03-16,128.35838317871094,141.56199653216387,127.96028624596262,132.6995561069242,87905900,MSFT
2020-03-17,138.92697143554688,139.8084687368176,127.96029342013814,132.6995635468099,81059800,MSFT
2020-03-18,133.0786590576172,138.38664577676045,127.97921578102556,130.80381587118453,81593200,MSFT
2020-03-19,135.26815795898438,142.32017473485695,131.75161566628813,135.3250268458963,85922700,MSFT
2020-03-20,130.1876983642578,139.42927100819978,128.77539128682722,138.3866262580029,84866200,MSFT
2020-03-23,128.88916015625,133.2398202414943,125.6095939935449,129.8654484471508,78975200,MSFT
2020-03-24,140.60459899902344,141.79890378670194,133.90328159423055,136.25395446330393,82516700,MSFT
2020-03-25,139.2586669921875,146.28226653788022,136.90799381312664,141.14490110421414,75638200,MSFT
2020-03-26,147.96945190429688,148.49077436791936,140.63305855292953,140.66149300884524,64568100,MSFT
2020-03-27,141.89370727539062,146.81307068348792,141.41978038772191,143.8368104074525,57042300,MSFT
2020-03-30,151.87457275390625,152.22528840805572,142.18750815722464,144.4907998422536,63420300,MSFT
2020-03-31,149.4860076904297,156.1873255730772,148.3959672991363,151.0878682333424,77927200,MSFT
2020-04-01,144.17800903320312,149.52390266074318,142.95528427536644,145.02159814322476,57969900,MSFT
2020-04-02,147.16372680664062,147.37225573029235,142.5192505175172,143.9410307443627,49630700,MSFT
2020-04-03,145.80838012695312,149.17326466352765,144.25390017136908,147.01215873657188,41243300,MSFT
2020-04-06,156.65182495117188,157.817681249472,149.36282582741504,151.9599508336731,67111700,MSFT
2020-04-07,154.96458435058594,161.13510584413748,154.74656761748415,160.74648241184053,62769000,MSFT
2020-04-08,156.5191192626953,157.9788079061192,154.97411277624386,157.03095400534707,48318200,MSFT
2020-04-09,156.5285186767578,158.6422278276437,154.81290624062876,157.68490104666392,51385100,MSFT
2020-04-13,156.8792724609375,156.9361558362128,153.83666995479288,155.7797730783277,41905300,MSFT
2020-04-14,164.64215087890625,164.68954644676208,159.23938879456708,160.18724229929663,52874300,MSFT
2020-04-15,162.9171142578125,164.5189894790186,160.41478082759673,162.2725661589912,40940800,MSFT
2020-04-16,167.80799865722656,168.03548873292664,163.88388524576575,165.2108889927018,50479600,MSFT
2020-04-17,169.28668212890625,170.61367156696485,166.69903103004185,170.13974470150103,52765600,MSFT
2020-04-20,165.9311981201172,169.4287791478089,165.86485590923166,167.41933475897312,36669600,MSFT
2020-04-21,159.0688018798828,164.61373689398496,157.4479658215462,164.452603513722,56203700,MSFT
2020-04-22,164.4715576171875,164.9265232869323,161.91235583811329,162.45262485910442,34620200,MSFT
2020-04-23,162.48106384277344,165.93125039938644,161.9976637091262,165.0307923638797,32790800,MSFT
2020-04-24,165.4478759765625,165.45734930740483,161.8081210252355,163.08771491777517,34277600,MSFT
2020-04-27,164.9739532470703,167.67532784131654,164.26306291230537,167.38149548370984,33194400,MSFT
2020-04-28,160.9550323486328,166.50945553550488,160.55693553548355,166.43362550493845,34392700,MSFT
2020-04-29,168.1776885986328,168.41465204272475,162.91711171027274,164.18723229946127,51286600,MSFT
2020-04-30,169.8648223876953,170.9927558392109,167.04020870574718,170.6136202461245,53875900,MSFT
2020-05-01,165.46682739257812,169.32458443172894,164.93601717144193,166.63268339420114,39370500,MSFT
2020-05-04,169.51414489746094,169.6658049540385,164.73696882006053,165.39099015883954,30372900,MSFT
2020-05-05,171.33404541015625,174.0733422773213,170.5188905744375,171.20134645843928,36839200,MSFT
2020-05-06,173.02120971679688,174.59465034524186,172.15867383336482,172.5852051098927,32139300,MSFT
2020-05-07,174.02587890625,174.9263366860983,173.0590644503558,174.5661477889213,28316000,MSFT
2020-05-08,175.0496063232422,175.35292643558043,173.79844701759438,175.33396531278456,30877800,MSFT
2020-05-11,177.002197265625,177.7320341687052,173.3150471152791,173.59939164214202,30892700,MSFT
2020-05-12,172.9927520751953,177.28652764537918,172.79371092227436,177.05905204204092,32038200,MSFT
2020-05-13,170.37667846679688,174.45245169269722,167.3340621565615,173.03067134387834,44711500,MSFT
2020-05-14,171.1160125732422,171.26767262333027,166.51891673874837,168.28192504750183,41873900,MSFT
2020-05-15,173.60888671875,177.30551035404773,167.77010447055184,169.72268077345782,46610400,MSFT
2020-05-18,175.2676239013672,176.49034876011717,174.3671658161669,176.06381750534854,35264500,MSFT
2020-05-19,174.05435180664062,176.86947800382345,173.92165288832314,175.3813409898155,26799100,MSFT
2020-05-20,176.4686279296875,176.6492240164961,174.83377793793983,175.6607026476636,31261300,MSFT
2020-05-21,174.34901428222656,177.42861841763434,174.21594577347696,176.22148762180447,29119500,MSFT
2020-05-22,174.42507934570312,175.32805988927586,173.5030993721259,174.1209289284326,20826900,MSFT
2020-05-26,172.58111572265625,177.26704182371978,172.13438260711965,177.11495937941368,36073600,MSFT
2020-05-27,172.80918884277344,172.98028518277715,167.85712674872016,171.27889401164592,39517100,MSFT
2020-05-28,172.4194793701172,175.03333595347735,171.44998664344763,171.79216481267713,33810200,MSFT
2020-05-29,174.1779327392578,175.1474401638824,171.47853469767065,173.68367206153434,42130400,MSFT
2020-06-01,173.77874755859375,173.94032973105288,172.47657596070565,173.50309629122472,22622400,MSFT
2020-06-02,175.75575256347656,175.84129349571745,172.37199810107265,175.12842338695103,30794600,MSFT
2020-06-03,176.1834716796875,176.7347596373877,174.49159444895008,175.67021158300358,27311000,MSFT
2020-06-04,173.86428833007812,176.63972791378023,173.27498693658933,175.1759741448824,28761800,MSFT
2020-06-05,177.93238830566406,178.43614872306114,172.99932449815253,173.5791261393768,39893600,MSFT
2020-06-08,179.0349884033203,179.21558452130472,175.3090549543713,176.734795460502,33211600,MSFT
2020-06-09,180.4036865234375,181.25912495422665,177.98942467972202,178.69279515847796,29783900,MSFT
2020-06-10,187.09518432617188,188.692021351348,181.553804080814,181.66787319193028,43872300,MSFT
2020-06-11,177.04843139648438,186.06860558677644,176.85833559384204,183.5688175004387,52854700,MSFT
2020-06-12,178.44566345214844,182.2286237022656,176.0123877928457,181.1070337768256,43373600,MSFT
2020-06-15,179.5862274169922,181.3731596709733,174.9002873584284,175.44207556438678,32770200,MSFT
2020-06-16,183.9870147705078,185.89750128714283,181.9814731123299,183.34067171544817,42556700,MSFT
2020-06-17,184.6238708496093,186.6008991576996,184.10109650074745,185.37475436642524,25687800,MSFT
2020-06-18,186.6008758544922,186.76245799607423,184.39572415045265,184.39572415045265,23061600,MSFT
2020-06-19,185.4888610839844,189.4239048743604,184.74747707299937,188.75856210852567,44441100,MSFT
2020-06-22,190.6405029296875,190.8210845257473,185.5648562264605,186.0971303068874,32818900,MSFT
2020-06-23,191.9141540527344,193.8531544919429,191.4579067113132,192.085235928232,30917400,MSFT
2020-06-24,188.045639038086,193.1878125857555,186.82900846349887,191.61950404139304,36740600,MSFT
2020-06-25,190.42184448242188,190.67848176164708,185.79294626046536,188.0075976252809,27803900,MSFT
2020-06-26,186.61036682128903,189.9941209296588,185.2321543225489,189.8420385082229,54675800,MSFT
2020-06-29,188.61593627929688,188.7014772152176,183.9680235503295,186.0876200372969,26701600,MSFT
2020-06-30,193.43492126464844,194.2808598745895,187.95058437366583,188.08365287961007,34310300,MSFT
2020-07-01,194.5660552978516,196.13437858721664,191.7811157498432,193.0832874630938,32061200,MSFT
2020-07-02,196.0487823486328,197.72166017594725,194.85116577047967,195.4974943831205,29315800,MSFT
2020-07-06,200.2689666748047,200.6776863993689,197.78817819437523,198.4915485673993,31897600,MSFT
2020-07-07,197.9402770996093,204.0424438056839,197.6931540036791,200.0313599594094,33600700,MSFT
2020-07-08,202.2935333251953,202.70223856853207,198.35849081572363,199.6701764866741,33600000,MSFT
2020-07-09,203.70977783203125,205.66779215946096,201.0008655031472,205.6202645828633,33121700,MSFT
2020-07-10,203.0919189453125,203.4816247122708,200.6301445697278,203.0443913755945,26177600,MSFT
2020-07-13,196.81871032714844,205.1165151249502,196.2769220311056,203.86185665203897,38135600,MSFT
2020-07-14,198.0353546142578,198.5106014316634,192.028227880628,195.9252575847065,37591800,MSFT
2020-07-15,197.7406463623047,200.8677778620428,194.8796663654917,199.18540043368407,32179400,MSFT
2020-07-16,193.8246307373047,195.51650798920733,192.2943356382939,195.231357041536,29940700,MSFT
2020-07-17,192.8361358642578,194.88919090755047,191.4198952550157,194.3474171263726,31635300,MSFT
2020-07-20,201.1244354248047,201.78977799074687,192.9596850333064,194.8511723667665,36884800,MSFT
2020-07-21,198.41552734375,203.34859115849,197.7311708316832,203.0824541263952,37990400,MSFT
2020-07-22,201.2669982910156,201.7897726158241,198.07333955618,198.84323696936167,49605700,MSFT
2020-07-23,192.512939453125,200.47807930746816,192.14224758300097,196.93274275439688,67457000,MSFT
2020-07-24,191.3343505859375,192.81711817294263,187.73197198353216,190.497911638035,39827000,MSFT
2020-07-27,193.7581024169922,193.8721569939332,190.91612168004943,191.4959232851321,30160900,MSFT
2020-07-28,192.0187530517578,194.56606936156896,191.752615959789,193.53003464616296,23251400,MSFT
2020-07-29,193.9577178955078,194.5185056277096,192.00920315300613,192.47495022909868,19632600,MSFT
2020-07-30,193.8056030273437,194.33789152672944,189.6899792712966,191.0491779037162,25079600,MSFT
2020-07-31,194.86065673828125,194.9462121712505,189.1576960448664,194.2808551543156,51044000,MSFT
2020-08-03,205.81988525390625,206.8654340533145,200.02188278490044,201.04841765066985,78983000,MSFT
2020-08-04,202.73077392578125,204.13751489873653,199.8983070536526,203.56721293636207,49280100,MSFT
2020-08-05,202.3980865478516,204.3561008212258,201.0959151046304,204.2610456706548,28806400,MSFT
2020-08-06,205.6392364501953,205.658235874244,201.07686559428785,201.8277489387672,32656800,MSFT
2020-08-07,201.96083068847656,205.0214205530632,200.4875630388288,204.2135098766214,27820400,MSFT
2020-08-10,197.9402770996093,201.39057324547656,196.1343451987321,201.19096322321653,36716500,MSFT
2020-08-11,193.3114013671875,197.3699987722324,193.08327767210696,196.90426617025983,36446500,MSFT
2020-08-12,198.833724975586,199.8697593440699,194.6135317826881,195.12679185865025,28013100,MSFT
2020-08-13,198.3679656982422,200.8867818597186,197.84519143805807,199.07133602134232,22588900,MSFT
2020-08-14,198.5580596923828,199.2139024398772,197.2368744848861,198.42499120038235,17958900,MSFT
2020-08-17,199.86978149414065,200.73473410095303,198.577109692729,199.22345284512505,20184800,MSFT
2020-08-18,201.0198974609375,201.8468222550465,198.8527732048452,200.1074172199285,21336200,MSFT
2020-08-19,199.80032348632807,202.0870312239164,199.37157032879307,201.5058279761873,27627600,MSFT
2020-08-20,204.44992065429688,204.85009118082817,199.04759673846627,199.64784525904383,26981500,MSFT
2020-08-21,202.96356201171875,206.04107316088508,202.80158927107192,203.76390303789307,36249300,MSFT
2020-08-24,203.60194396972656,205.34555352569097,202.4014178114079,204.6500055157816,25460100,MSFT
2020-08-25,206.250717163086,206.38410735274064,203.03981539454315,203.03981539454315,23043700,MSFT
2020-08-26,210.7097930908203,211.60541925134504,207.09872041084344,207.59417596445235,39600800,MSFT
2020-08-27,215.8833923339844,220.237639761169,209.04234520990624,212.36759112322508,57602200,MSFT
2020-08-28,218.10340881347656,219.75173330507883,215.88340386059213,217.40786085994776,26292900,MSFT
2020-08-31,214.8830108642578,217.90335740203147,213.72060436852905,216.2836151740549,28774200,MSFT
2020-09-01,216.5408477783203,216.7123432061148,213.83490987501472,214.8639260570989,25725500,MSFT
2020-09-02,220.71405029296875,221.8669339093553,216.6170602346804,217.2077860584741,34080800,MSFT
2020-09-03,207.04151916503903,218.4845356074586,204.81199137013093,218.4464303584892,58400300,MSFT
2020-09-04,204.1355133056641,208.05148569437216,195.5032274145481,204.9453916359049,59664100,MSFT
2020-09-08,193.0926513671875,200.1147172510589,192.6543610562122,196.7513657692648,52924300,MSFT
2020-09-09,201.31521606445312,204.69762722495835,196.9419086014435,197.79942927592472,45679000,MSFT
2020-09-10,195.6747283935547,204.6023920199661,194.4742166890001,203.3256407346827,35461500,MSFT
2020-09-11,194.39796447753903,198.78080929672177,191.73968373953392,197.41831048120244,33620100,MSFT
2020-09-14,195.7128143310547,199.3238860369148,194.39795802128063,194.5980505399828,30375800,MSFT
2020-09-15,198.9237365722656,199.87652772915487,197.1610671166448,198.58073117424792,21823900,MSFT
2020-09-16,195.3697967529297,200.7054176106204,194.97914895511403,200.6768350437984,26328100,MSFT
2020-09-17,193.3308563232422,194.68381801574105,190.52012532988843,190.6058730444236,34011300,MSFT
2020-09-18,190.9298095703125,194.0359033488756,186.9852549643224,193.22603963005503,55225300,MSFT
2020-09-21,192.9782867431641,193.14027401034625,187.109105110719,187.88086351056623,39839700,MSFT
2020-09-22,197.6279296875,198.27583520030765,192.5400286648774,195.3793420932357,33517100,MSFT
2020-09-23,191.120361328125,198.27583172140527,190.58680064366783,198.0852618725808,30803800,MSFT
2020-09-24,193.5976104736328,195.8652577628293,189.79596905441,190.4152919430113,31202500,MSFT
2020-09-25,198.0090789794922,199.17147089640537,192.97832794574248,193.9406563857549,29437300,MSFT
2020-09-28,199.5525665283203,202.5348072671025,198.2377101829386,200.9245880124685,32004900,MSFT
2020-09-29,197.4754943847656,200.1528498081341,197.0467412622096,199.4668389966685,24221900,MSFT
2020-09-30,200.4005584716797,201.97265800789293,196.7894719771108,197.9232957386492,33829100,MSFT
2020-10-01,202.43003845214844,203.88780792375505,201.3438569921584,203.41141229150605,27158400,MSFT
2020-10-02,196.4560394287109,201.0294405520852,195.83671636393865,198.1805893463919,33154800,MSFT
2020-10-05,200.44821166992188,200.47679424204267,197.2087129579813,197.4373880733873,21331600,MSFT
2020-10-06,196.1892547607422,200.25766303391924,195.1507157610848,198.9618808579041,28554300,MSFT
2020-10-07,199.9241638183593,200.1909441707046,196.96098283340308,197.28492832718817,25681100,MSFT
2020-10-08,200.6387939453125,201.2199972205648,198.4854908385037,200.5720915757786,19925800,MSFT
2020-10-09,205.62185668945312,205.6694991548574,201.25807145801653,201.25807145801653,26458000,MSFT
2020-10-12,210.9479522705078,213.29182486837524,206.5746444335624,208.4611668172261,40461400,MSFT
2020-10-13,212.33901977539065,214.57808461932888,210.02372990076108,212.2056296062904,28950800,MSFT
2020-10-14,210.43345642089844,213.634835303714,208.7851317829677,212.47242892410333,23421700,MSFT
2020-10-15,209.2901153564453,209.9570662787995,205.81241880530467,206.85097224701303,22733100,MSFT
2020-10-16,209.2901153564453,211.7959462888932,208.96616984250755,209.7569737328733,26057900,MSFT
2020-10-19,204.10690307617188,211.8054566248075,203.6305075437447,210.0142047705812,27625800,MSFT
2020-10-20,204.51663208007807,207.10822539351736,203.03028008469627,205.6123507196565,22753500,MSFT
2020-10-21,204.65956115722656,206.6794739327144,203.05886431483884,203.05886431483884,22724900,MSFT
2020-10-22,204.74530029296875,205.8600642518469,201.70589404020623,203.83061434447285,22351500,MSFT
2020-10-23,206.0220184326172,206.0696608959872,203.09695727371624,204.8786720039313,18879600,MSFT
2020-10-26,200.1623687744141,206.12683620625828,198.27584634708583,203.75439552083563,37111600,MSFT
2020-10-27,203.1827392578125,204.5357011227944,200.4005904812868,201.60110225314483,36700300,MSFT
2020-10-28,193.1117401123047,198.98093820424964,192.55913393379967,197.8661740908788,51195600,MSFT
2020-10-29,195.0554351806641,197.57080361928288,193.76916111634387,194.43612665395665,31432600,MSFT
2020-10-30,192.91162109375,194.6456933889197,190.19616056013265,193.8929947937588,36953700,MSFT
2020-11-02,192.7781982421875,195.58892868925656,190.6725238066276,194.64566039738256,30842200,MSFT
2020-11-03,196.68467712402344,198.29489655104663,193.53094063130447,194.2645939137079,27512000,MSFT
2020-11-04,206.1745147705078,208.01340959252195,202.39193203736167,203.9164039766964,42311800,MSFT
2020-11-05,212.74874877929688,213.5395672501234,210.70977611493413,211.5577597337944,36080100,MSFT
2020-11-06,213.158432006836,213.76821774632472,207.7370481703112,211.7673505650816,25231900,MSFT
2020-11-09,208.0800628662109,217.3507168720384,207.5941446037428,213.84445234772951,44395000,MSFT
2020-11-10,201.0484619140625,206.279290732764,199.81936768721027,204.3737083703365,44045100,MSFT
2020-11-11,206.3269195556641,207.74656901719345,202.1822723760831,202.36330501469288,29440800,MSFT
2020-11-12,205.26931762695312,208.7660592315512,204.33558641645527,206.95576195060497,21593900,MSFT
2020-11-13,206.2888336181641,207.1558771672269,204.04978284604508,206.14592074235856,18621100,MSFT
2020-11-16,206.97482299804688,207.4607558021883,204.3927670537816,204.7262352421669,24953300,MSFT
2020-11-17,204.3355865478516,207.40356052717445,203.9735212760541,205.89816337677536,24154100,MSFT
2020-11-18,201.6416778564453,205.54879230047047,201.498376276472,204.0967541671124,28372800,MSFT
2020-11-19,202.9217529296875,203.5044776929288,200.5430866843581,201.9282623804157,24792700,MSFT
2020-11-20,200.98252868652344,203.75285098407457,200.6099679006252,202.7115932204744,22843100,MSFT
2020-11-23,200.71505737304688,202.79757297783087,198.8522533741571,201.51749377618376,25683500,MSFT
2020-11-24,204.29737854003903,204.66993934014192,199.5209505507709,200.2183049557836,33979700,MSFT
2020-11-25,204.3069305419922,205.66343437093508,202.95998889819435,205.4914899563445,21012900,MSFT
2020-11-27,205.6061248779297,206.59963010957043,204.4693326304284,205.2431262455821,14512200,MSFT
2020-11-30,204.4980010986328,205.1571359367757,201.4124180293973,204.52665850131285,33064800,MSFT
2020-12-01,206.5423126220703,207.6026802551805,203.8101951352775,204.91831538871995,30904500,MSFT
2020-12-02,205.73980712890625,205.8353414972746,203.2847312880185,205.27172662279625,23724500,MSFT
2020-12-03,204.66043090820312,206.70474189587583,204.0968012194373,205.0138819825868,25120900,MSFT
2020-12-04,204.7749938964844,205.749389157134,203.6477494623016,204.6412545137677,24666000,MSFT
2020-12-07,204.70811462402344,205.9022214479401,203.46625518834955,204.784539209934,24620000,MSFT
2020-12-08,206.35125732421875,207.249228207996,203.3707706261521,204.40248092390664,23284100,MSFT
2020-12-09,202.3294677734375,205.60608997626164,201.76585283805665,205.53922757237729,32440600,MSFT
2020-12-10,201.1067352294922,203.5522641139489,200.9538860300881,202.30084226889505,26733300,MSFT
2020-12-11,203.7242584228516,203.7815878190445,199.7598279117481,200.657798957532,30979400,MSFT
2020-12-14,204.6221618652344,206.54229514941832,203.36119251919632,203.5713565062861,28798400,MSFT
2020-12-15,204.55532836914065,205.78764048898248,202.749839007766,205.5488190677609,27000600,MSFT
2020-12-16,209.4750366210937,210.26792546149707,205.1189363798678,205.1475937833099,35023300,MSFT
2020-12-17,209.60870361328125,211.0129742028028,208.17577563021823,210.0385790929008,32515800,MSFT
2020-12-18,208.8158569335937,209.8666768292249,206.3607807432557,208.8158569335937,63354900,MSFT
2020-12-21,212.6370086669922,213.98396480092967,207.56444469078173,207.8223758726316,37181900,MSFT
2020-12-22,213.9266662597656,215.5411013062933,211.9301227919364,212.7325592225708,22612200,MSFT
2020-12-23,211.13723754882807,213.56365667587485,210.9270735405994,213.13378105049875,18699600,MSFT
2020-12-24,212.78990173339844,213.61144806501403,211.30920589918964,211.51936993121947,10550600,MSFT
2020-12-28,214.90103149414065,215.92317939460656,213.04777530052024,214.41382656244667,17933500,MSFT
2020-12-29,214.12725830078125,217.02177246063968,213.5827530964669,216.1906786651857,17403200,MSFT
2020-12-30,211.76773071289065,215.54112095562053,211.56712887519555,215.15899792298163,20272300,MSFT
2020-12-31,212.47463989257807,213.02870733797383,209.8571518732612,211.7868330346044,20942100,MSFT
2021-01-04,207.9561309814453,213.02869534095603,205.2049037044896,212.57970992905,37130100,MSFT
2021-01-05,208.15673828125,208.74902529905103,206.0551127566878,207.54535604544097,23823000,MSFT
2021-01-06,202.7593688964844,206.8097850939476,202.4632326922916,202.68294429919243,35930700,MSFT
2021-01-07,208.5292358398437,209.5322883880453,204.15404169697985,204.46927304000232,27694500,MSFT
2021-01-08,209.79981994628903,210.71690054092755,207.3256337272198,208.9018491451748,22956200,MSFT
2021-01-11,207.7650909423828,209.12159487937964,207.0390644856078,208.70126684156315,23031300,MSFT
2021-01-12,205.3195343017578,207.3925169546865,203.7815384245881,206.8193397437336,23249300,MSFT
2021-01-13,206.6664886474609,207.0677068608454,204.3642467924793,204.45023357688456,20087100,MSFT
2021-01-14,203.4949493408203,207.73641987769744,203.22747053007149,206.25572423330087,29480800,MSFT
2021-01-15,203.14146423339844,204.91829592070977,202.5491918631282,203.97257256514928,31746500,MSFT
2021-01-19,206.7620086669922,207.2778564550541,203.12237302041416,204.1922881817282,30480900,MSFT
2021-01-20,214.30877685546875,215.6939381173684,207.5740101820579,207.9656807925922,37777300,MSFT
2021-01-21,214.9105987548828,216.18113032934207,212.47461760314508,214.65266756607497,30709400,MSFT
2021-01-22,215.8467712402344,219.7825576936173,215.703484235591,216.9262485968844,30172700,MSFT
2021-01-25,219.26670837402344,219.50552978031035,214.19414403672965,218.87503776935245,33152100,MSFT
2021-01-26,221.94151306152344,223.7087827382445,219.7921203853612,221.49252764749383,49169600,MSFT
2021-01-27,222.4860382080078,229.6889006948132,219.8494548701194,227.3580012073378,69870600,MSFT
2021-01-28,228.24639892578125,231.7905151873999,224.5781054386549,225.07485807019364,49111200,MSFT
2021-01-29,221.5880584716797,227.377086987308,221.0053336613589,225.437858347954,42503100,MSFT
2021-02-01,228.9342041015625,231.6567740811585,222.0370404246548,224.5494463915416,33314200,MSFT
2021-02-02,228.80044555664065,231.4752481139253,228.0171189555544,230.51041491917857,25916300,MSFT
2021-02-03,232.13442993164065,234.130973587836,228.56165609173595,228.8578069091625,27158100,MSFT
2021-02-04,231.18865966796875,232.36367143508832,229.6219918883106,231.80960404543467,25296100,MSFT
2021-02-05,231.3701629638672,232.40187313232684,229.66975580932288,231.3988203649493,18054800,MSFT
2021-02-08,231.6280670166016,232.7839542621797,230.04228965214776,232.27765413370344,22211900,MSFT
2021-02-09,232.86997985839844,233.8157032940072,230.58684780779984,231.05492843301977,23565000,MSFT
2021-02-10,231.96243286132807,234.923809175062,230.1187242605503,234.04494826138287,22186700,MSFT
2021-02-11,233.5577850341797,234.18826246133185,231.32240561908912,233.8348114486024,15751100,MSFT
2021-02-12,234.0354461669922,234.33158239830547,231.8764911811548,233.02283109251383,16561100,MSFT
2021-02-16,232.8031311035156,235.1244830233292,232.05800939505784,234.0736628824253,26728500,MSFT
2021-02-17,233.81802368164065,233.92334770145064,230.69662531011264,231.0604745803787,21653500,MSFT
2021-02-18,233.4254302978516,233.5594777102561,230.6200042346453,231.52004312224952,16925600,MSFT
2021-02-19,230.725326538086,233.492459581592,229.96890466577148,233.3871355719054,25262600,MSFT
2021-02-22,224.54000854492188,227.8146085025634,222.51971275294736,227.326295963204,36446900,MSFT
2021-02-23,223.35272216796875,224.84639771521285,219.0057283470669,220.5377115088976,30228700,MSFT
2021-02-24,224.5782623291016,225.20062215812604,219.26421404486453,220.23126929259823,26339700,MSFT
2021-02-25,219.2546844482422,224.6165963051779,218.1918745974985,222.21331214271885,39542200,MSFT
2021-02-26,222.5005340576172,225.3634069812622,219.7812635364305,221.6866653597495,37819200,MSFT
2021-03-01,226.86669921875,227.3741655495093,223.2378196722922,225.8709057549424,25324000,MSFT
2021-03-02,223.9271850585937,227.2113687399253,223.5250428015053,226.9336896940317,22812500,MSFT
2021-03-03,217.885482788086,223.6495518308172,217.59823410434785,222.28992364520352,34029500,MSFT
2021-03-04,217.0907592773437,222.60588703735613,214.72576809610288,217.1003434861413,44727800,MSFT
2021-03-05,221.7537078857422,223.3527073519188,216.83223166317447,219.76213575150248,41872800,MSFT
2021-03-08,217.72267150878903,223.44843187162684,217.47373048782129,221.5334604824436,35267400,MSFT
2021-03-09,223.8410186767578,225.37300172907223,221.8207231489289,222.97928734112668,33080500,MSFT
2021-03-10,222.53884887695312,226.92413561375264,222.17499959610404,226.92413561375264,29746800,MSFT
2021-03-11,227.048568725586,229.0018329531777,224.34845227648472,224.97082669273075,29907600,MSFT
2021-03-12,225.727294921875,225.7943259459285,223.3144264272232,224.0612642405553,22653700,MSFT
2021-03-15,224.8272399902344,225.19108927209567,221.95478256941087,224.97087162731992,26034900,MSFT
2021-03-16,227.60397338867188,229.8540564250608,225.9092193019752,226.23476099250504,28092200,MSFT
2021-03-17,226.9624481201172,228.4082611592605,223.31442922996183,226.110286265488,29562100,MSFT
2021-03-18,220.9110565185547,224.233532384238,220.5376377566225,222.67282633843632,34833000,MSFT
2021-03-19,220.556869506836,222.58673481626653,219.59938366501785,221.1983832676452,46430700,MSFT
2021-03-22,225.95704650878903,226.82834735706783,220.3557495451892,220.48022735640265,30127000,MSFT
2021-03-23,227.4794921875,230.80196928781112,226.991179658923,227.39332196658785,31638400,MSFT
2021-03-24,225.4496307373047,227.88163843332825,225.31558329909987,227.7380213959927,25620100,MSFT
2021-03-25,222.4622802734375,226.86672145097629,221.7250266173006,225.2964450903894,34061900,MSFT
2021-03-26,226.4262237548828,226.64645599438444,221.7058260684649,221.7058260684649,25479900,MSFT
2021-03-29,225.23898315429688,226.7326587860595,222.0218300204716,226.5315803232876,25227500,MSFT
2021-03-30,221.9930877685547,223.90805936160643,221.27497342116027,223.6016568938828,24792000,MSFT
2021-03-31,225.7464294433593,228.9348588863674,222.5101227887,223.00801949174152,43623500,MSFT
2021-04-01,232.0466766357422,232.5158353013381,227.92948500151644,228.33162726205853,30338000,MSFT
2021-04-05,238.48095703125,239.3331186723917,232.3817635270541,232.43921032824343,36910600,MSFT
2021-04-06,237.3224334716797,238.7969551907756,236.38410146861867,237.08306201915883,22931900,MSFT
2021-04-07,239.2757110595703,240.2619203285823,236.6809325553028,237.2745691144936,22719800,MSFT
2021-04-08,242.48329162597656,243.3354534484724,241.28643431291647,242.0237025085824,23625200,MSFT
2021-04-09,244.9727325439453,245.10677996320857,241.70770266251623,242.11941451808443,24326800,MSFT
2021-04-12,245.0301818847656,246.7153661558716,243.79501708514152,243.8812019063308,27148700,MSFT
2021-04-13,247.50051879882807,248.17077061108847,245.91108871216403,246.32282985291565,23837500,MSFT
2021-04-14,244.7237701416016,247.8260145046008,244.312058297405,246.5334321667812,23070900,MSFT
2021-04-15,248.46755981445312,248.87927168685948,246.77282050375777,246.9643001275959,25627500,MSFT
2021-04-16,249.65484619140625,249.9038018578808,246.648355876942,248.4388497054509,24878600,MSFT
2021-04-19,247.73985290527344,250.3633837225676,246.85898238104167,249.12821892691304,23209300,MSFT
2021-04-20,247.28030395507807,249.13782883405528,245.92066119680084,246.8590078451978,19722900,MSFT
2021-04-21,249.5015869140625,249.5973413189056,246.31317269579569,247.93132571117533,24030400,MSFT
2021-04-22,246.2366180419922,250.6506132316408,244.7716514338191,249.1473536226995,25606200,MSFT
2021-04-23,250.0474090576172,250.39211913765607,246.33235950466667,246.9164410330128,21462600,MSFT
2021-04-26,250.43035888671875,251.28253513686283,249.1090532408792,250.5356975021957,19763300,MSFT
2021-04-27,250.83258056640625,252.00071452471136,249.06122582026688,250.45914704245152,31014200,MSFT
2021-04-28,243.73757934570312,245.6334117212296,242.1960266458456,245.19294722116507,46903100,MSFT
2021-04-29,241.7747039794922,245.2120886769389,238.4139344997838,244.59929842567976,40589000,MSFT
2021-04-30,241.45877075195312,242.3205167691212,238.98847015559804,239.1225175880365,30945100,MSFT
2021-05-03,241.15237426757807,243.53651917014565,240.4438295156719,242.6268959717276,19626600,MSFT
2021-05-04,237.25538635253903,240.53000045768167,235.31169145877024,240.3001986192289,32756100,MSFT
2021-05-05,235.9915008544922,238.89268134693376,235.3691409956133,238.4713853027384,21901300,MSFT
2021-05-06,239.1128845214844,239.23736232976933,234.2871633296619,235.97233279456927,26491100,MSFT
2021-05-07,241.72686767578125,243.4886380135176,240.49170283166248,241.43003481001085,27032900,MSFT
2021-05-10,236.67127990722656,241.0278422413544,236.61383310973304,240.20440405378284,29299900,MSFT
2021-05-11,235.76171875,236.11599842229504,232.25733191028016,234.1531496576792,33641600,MSFT
2021-05-12,228.8390655517578,233.99034291597,227.948610928763,231.8742932454073,36684400,MSFT
2021-05-13,232.69776916503903,235.1585146453804,231.15621646675103,231.5200657402829,29624300,MSFT
2021-05-14,237.6000823974609,238.58629154857744,235.05318141277328,235.1393516236305,23901100,MSFT
2021-05-17,234.75637817382807,236.1064367545311,233.16696273612823,236.06814374823256,24970200,MSFT
2021-05-18,232.74563598632807,235.9340652613252,232.57328095548,235.80001784180905,20168000,MSFT
2021-05-19,233.32144165039065,233.42700886618988,228.9836233956415,229.6649998072297,25739800,MSFT
2021-05-20,236.5460357666016,237.95679107071047,234.0316351278429,234.12761065425127,21800700,MSFT
2021-05-21,235.2888336181641,238.32147864585824,234.8761710741965,237.59211443977617,21863100,MSFT
2021-05-24,240.6727600097656,241.03744947626555,237.53454740378533,237.80326133368715,21411500,MSFT
2021-05-25,241.57489013671875,242.56337671205227,240.7111688368118,241.62287790756065,17704300,MSFT
2021-05-26,241.3541717529297,242.74572928938528,240.64399079545984,241.29657763977363,17771600,MSFT
2021-05-27,239.2619781494141,241.34451819821592,239.2043986913344,241.04701456893127,24426200,MSFT
2021-05-28,239.6170654296875,241.92034629984423,239.501906511513,240.88387210484515,18270200,MSFT
2021-06-01,237.428939819336,241.1621591150832,237.00668560397568,241.1045796604344,23213300,MSFT
2021-06-02,237.3329925537109,239.2235961900808,235.9318289537328,238.12954255758635,19406700,MSFT
2021-06-03,235.8070678710937,236.4116667965383,233.20628353327,235.3368112456959,25307700,MSFT
2021-06-04,240.68234252929688,241.50768232361588,237.5345383471989,237.7744625357357,25281100,MSFT
2021-06-07,243.5806579589844,243.84937190857207,239.7418705148018,239.90501722392213,23079200,MSFT
2021-06-08,242.3906097412109,245.6919688301916,242.3330156367018,244.8762207534596,22455000,MSFT
2021-06-09,243.3694763183593,245.2312902110189,243.00480153962016,243.5806107583811,17937600,MSFT
2021-06-10,246.8723907470703,247.08352521054456,243.44628085125785,244.04128816987927,24563600,MSFT
2021-06-11,247.4961853027344,248.0719798677032,246.2677454638202,247.592131538484,18999700,MSFT
2021-06-14,249.4155731201172,249.47315257534447,246.45008473782653,247.50575689635525,19150500,MSFT
2021-06-15,247.947265625,249.51157618609096,247.2946787920368,249.3004417062942,18038900,MSFT
2021-06-16,247.0067901611328,250.07780263564925,244.1660809242959,248.94536733481428,27220000,MSFT
2021-06-17,250.3848419189453,251.2005899022256,245.69194068385687,245.74952013795985,27565500,MSFT
2021-06-18,248.97412109375,251.7284460832208,248.3215343320705,249.1660721590066,37202200,MSFT
2021-06-21,252.045150756836,252.8992655962037,247.5249874689881,249.34840535412337,26696100,MSFT
2021-06-22,254.8090667724609,255.07778066280747,251.8243949630524,252.1315049199105,24694100,MSFT
2021-06-23,254.5787506103516,256.0758752225199,253.77260884130868,255.26973345347704,19518700,MSFT
2021-06-24,255.94146728515625,257.05471876297145,254.7706363591449,255.4328293010144,21446900,MSFT
2021-06-25,254.3388061523437,256.47894031384675,254.08930492861072,255.50006023392783,25611100,MSFT
2021-06-28,257.88970947265625,258.06244785704735,255.1929639728323,255.4616778888696,19590000,MSFT
2021-06-29,260.461669921875,260.70159408895256,257.1795237173201,258.03363852255484,19937800,MSFT
2021-06-30,259.9818420410156,260.42329434263524,258.7342479891088,259.7803139253489,21656500,MSFT
2021-07-01,260.6536560058594,260.8839738651738,258.7342624112472,258.7438394636373,16725300,MSFT
2021-07-02,266.45977783203125,266.7956775281696,261.5173457785115,261.82445574570187,26458000,MSFT
2021-07-06,266.46942138671875,268.11049474118505,263.2448248561012,266.82450452254136,31565600,MSFT
2021-07-07,268.6479797363281,269.377358843452,265.9800231926627,268.1393414873152,23260000,MSFT
2021-07-08,266.23907470703125,267.4962750566352,263.791830519067,265.7400136727572,24618600,MSFT
2021-07-09,266.7381286621094,266.8436812511514,264.2237277535544,264.6076006127589,23916700,MSFT
2021-07-12,266.14312744140625,268.4943670627255,265.432931883586,267.9089660643457,18931700,MSFT
2021-07-13,269.6556091308594,271.45023740575635,266.2103012391227,266.3350372176916,26120100,MSFT
2021-07-14,271.1238708496094,272.2275159803675,269.24284459989275,270.970315893248,23113700,MSFT
2021-07-15,269.7036437988281,271.12400588689286,268.55199569632936,270.6345510501867,22604200,MSFT
2021-07-16,269.4348449707031,272.6498347308158,268.19682804350134,270.7016516270204,26186800,MSFT
2021-07-19,265.8455810546875,269.0701477729701,263.38875994905754,267.688182240101,32935600,MSFT
2021-07-20,268.0625,269.6459937608424,265.12583032349374,266.82448300692533,26259700,MSFT
2021-07-21,270.05865478515625,270.173813707087,266.11431527092736,267.6594129528652,24364300,MSFT
2021-07-22,274.607666015625,274.87637995751953,271.9972894568112,272.40034572584136,23384100,MSFT
2021-07-23,277.99542236328125,278.30250312202435,274.9531702112126,275.7881018535825,22768100,MSFT
2021-07-26,277.4002685546875,278.0144883881187,275.0874257048847,277.35229544353166,23176100,MSFT
2021-07-27,274.9914855957031,277.90894231723627,271.54617814543514,277.76499367762403,33604100,MSFT
2021-07-28,274.68438720703125,278.4559881617901,272.3906980646863,277.3427364892114,33566900,MSFT
2021-07-29,274.9531555175781,276.9877082127005,274.5500699423065,274.703624957285,18168300,MSFT
2021-07-30,273.4272155761719,275.10668495635474,272.4675187874959,273.6767461132666,20944800,MSFT
2021-08-02,273.3407897949219,275.2121805728668,272.30430107664915,274.8187014564499,16267400,MSFT
2021-08-03,275.54815673828125,275.65373862205524,272.55390723217295,273.9166896548883,17879000,MSFT
2021-08-04,274.9626770019531,275.99913642366494,273.17762613038536,274.6843567927207,16191300,MSFT
2021-08-05,277.8514099121094,277.9569917907823,274.569263222689,275.31782556305,13900200,MSFT
2021-08-06,277.79376220703125,277.832158270537,276.0279240247651,276.88206803398026,16589300,MSFT
2021-08-09,276.7094116210937,279.79963700414334,276.2103797453838,278.0721941910016,16117600,MSFT
2021-08-10,274.8955078125,277.592253026987,273.70549335133626,277.1603778240849,18616600,MSFT
2021-08-11,275.3849792480469,277.02605240134324,274.338884073963,275.634480473984,13955900,MSFT
2021-08-12,278.1296691894531,278.2832241599044,274.7995208173079,275.0778410317268,14561300,MSFT
2021-08-13,281.0472106933594,281.09518381779094,277.64026951768847,277.81303719840986,18249000,MSFT
2021-08-16,282.7266845703125,282.93781903888737,278.3312568029692,281.3735085609403,22507600,MSFT
2021-08-17,281.2679443359375,281.60384409624606,279.34855060574444,280.605780443635,20075300,MSFT
2021-08-18,279.5467529296875,283.4794229415405,279.104426221495,280.80635995342857,21813000,MSFT
2021-08-19,285.3543701171875,286.02745550252456,277.5371251128301,277.5851900644903,29850500,MSFT
2021-08-20,292.6524658203125,294.0755466635113,286.5948135303095,288.190963446094,40817600,MSFT
2021-08-23,292.9313049316406,293.6524553767425,290.23902167406834,291.5851633028545,22830200,MSFT
2021-08-24,290.9793395996094,293.89278569706903,290.38319336781683,293.28701473776965,18175800,MSFT
2021-08-25,290.392822265625,292.8735664724447,288.8639870978424,292.594713463876,20006100,MSFT
2021-08-26,287.5851745605469,290.79669430920046,287.4505750714238,289.4120831267804,17666100,MSFT
2021-08-27,288.1909484863281,289.2967066286994,285.4121013647465,287.48901815902764,22605700,MSFT
2021-08-30,291.9120483398437,292.5178193402861,289.4793689535972,289.53705863519326,16348100,MSFT
2021-08-31,290.2678527832031,292.78706685723137,289.9024652133177,292.7101570579485,26285300,MSFT
2021-09-01,290.2198181152344,293.45058787896966,289.8929000496603,291.2198217734967,18983800,MSFT
2021-09-02,289.5660095214844,291.6909918216451,288.6333202025315,290.5756380065311,16285600,MSFT
2021-09-03,289.5564270019531,290.96025873676706,288.71027219948047,289.4121733950397,14747900,MSFT
2021-09-07,288.6332702636719,289.5082697285104,286.7294517158089,289.4313599194175,17180400,MSFT
2021-09-08,288.662109375,289.04671710020153,286.0275156464967,288.2486568040006,15046800,MSFT
2021-09-09,285.81597900390625,290.5178943078141,285.5755955060056,289.24866239641324,19927000,MSFT
2021-09-10,284.335205078125,288.38328426235665,284.01791177587137,286.9409832920089,19633400,MSFT
2021-09-13,285.56597900390625,287.0563743400453,282.7679114864811,286.1044357072228,23652900,MSFT
2021-09-14,288.25830078125,289.79676112846977,286.6333058908585,288.0371373862397,21853400,MSFT
2021-09-15,293.0948181152344,293.57558514343583,290.2102159460255,291.594827334741,28356300,MSFT
2021-09-16,293.4794311523437,293.5659656977349,289.19099739981857,292.0755996209567,19550800,MSFT
2021-09-17,288.3352355957031,292.78714332382805,288.0083175119213,292.4698499713523,41372500,MSFT
2021-09-20,282.9794921875,287.2294860954919,278.383360066102,284.93140536294595,38278700,MSFT
2021-09-21,283.46014404296875,286.09476653004566,282.75824316987325,284.31592318439675,22364100,MSFT
2021-09-22,287.09478759765625,288.6717173261203,283.18136680799097,285.3159733040297,26626300,MSFT
2021-09-23,288.037109375,289.32556135418525,286.085196618995,287.35442848279695,18604600,MSFT
2021-09-24,287.8352355957031,288.26790832981595,285.5083101876047,286.7583221103223,14999000,MSFT
2021-09-27,282.8544006347656,285.0659165573676,281.67170353978287,284.7486233260551,23571700,MSFT
2021-09-28,272.6141052246094,279.59485135493725,271.87373461890644,278.6525374846611,43186200,MSFT
2021-09-29,273.0756530761719,275.7390916639264,272.1237438163445,274.1333463335849,26353700,MSFT
2021-09-30,271.07568359375,276.7583238245585,270.7872057817873,274.71987639892257,32343600,MSFT
2021-10-01,277.9794616699219,278.8256162130786,270.46988411493584,271.2679443559621,30086300,MSFT
2021-10-04,272.2198791503906,276.6814110362589,269.4699059701531,276.3448682644361,31350700,MSFT
2021-10-05,277.65264892578125,279.2295498910463,273.12380132576874,273.12380132576874,24993000,MSFT
2021-10-06,281.835205078125,282.3352215175468,274.5275704532508,274.7871740588591,28002600,MSFT
2021-10-07,283.5083312988281,285.229485530052,282.6141116407885,283.82562463617745,20430500,MSFT
2021-10-08,283.5083312988281,285.229485530052,282.46026266569163,284.82562830246127,17685700,MSFT
2021-10-11,282.9121398925781,286.5082674148435,281.4890591068928,281.6525327868535,19298600,MSFT
2021-10-12,281.6140441894531,284.0755685460892,281.10443241273595,283.979409290472,17974100,MSFT
2021-10-13,284.912109375,285.8447984376841,282.20057671725624,283.5659677751689,23416300,MSFT
2021-10-14,291.1044311523437,291.6044182903468,286.3736707555064,287.700592428169,27262900,MSFT
2021-10-15,292.50830078125,292.7390889350849,288.9602373568644,290.71023658361656,25384800,MSFT
2021-10-18,295.46978759765625,296.3543824347761,291.04672538099135,291.8928799860197,22729300,MSFT
2021-10-19,296.3736267089844,297.40244575766764,295.4024680074294,296.489006090617,17682100,MSFT
2021-10-20,295.5851745605469,297.787095667317,294.3351627369978,297.3159240470741,16537100,MSFT
2021-10-21,298.8063049316406,299.0562838093166,294.5755320025028,295.3544015118529,16918100,MSFT
2021-10-22,297.2678527832031,299.1236063471209,295.96015129406624,298.4601455444869,17449300,MSFT
2021-10-25,296.2774353027344,297.4985727507945,294.6716608327069,297.4601031798608,17554500,MSFT
2021-10-26,298.18133544921875,300.38325682669654,296.7294388642933,299.03711491126865,28107300,MSFT
2021-10-27,310.7389831542969,313.55627098080305,303.8447708537641,303.8447708537641,52588700,MSFT
2021-10-28,311.8735656738281,312.3735528011701,308.9985589964651,311.854316213441,26297900,MSFT
2021-10-29,318.8638916015625,319.2292792064878,311.44084815229064,311.6620115299265,34766000,MSFT
2021-11-01,316.7004699707031,318.7389174914313,313.81586777864834,318.6139133681184,27073200,MSFT
2021-11-02,320.3158264160156,320.62352433879016,317.30622029819705,317.60429349098206,26487100,MSFT
2021-11-03,321.1522827148437,322.0176572486323,317.931138681153,321.0561234680489,21500100,MSFT
2021-11-04,323.4984741210937,323.59463338175044,316.83505110356475,320.08504044543,23992200,MSFT
2021-11-05,323.13311767578125,325.75811609186775,321.556217155061,325.4888877422965,22570100,MSFT
2021-11-08,324.02734375,324.661959731768,321.5754437081741,324.3254169521455,20897000,MSFT
2021-11-09,323.0274658203125,325.6909053170348,321.66207417773336,324.1428198065676,21307400,MSFT
2021-11-10,318.07537841796875,321.7580694099701,317.229253298414,321.7003797278115,25500900,MSFT
2021-11-11,319.6426696777344,320.9311214307009,317.796541239689,318.5080668518854,16849800,MSFT
2021-11-12,323.7677307128906,324.2581224444753,320.95044312615977,321.07544724155895,23831000,MSFT
2021-11-15,323.14276123046875,324.8831355458123,321.18122351578705,324.5562174839805,16723000,MSFT
2021-11-16,326.450439453125,327.5658224885891,322.6043031971898,322.76774755560007,20886800,MSFT
2021-11-17,326.6719055175781,329.6292219748661,325.59302210058706,326.4985198392835,19053400,MSFT
2021-11-18,328.7430114746094,329.879719625584,324.7453511615108,325.7664394516795,22463500,MSFT
2021-11-19,330.5154724121094,332.4324456190178,329.63890158471446,330.06275288893943,21963400,MSFT
2021-11-22,327.3558654785156,336.8346949958714,327.0861445993955,331.9700474366429,31031100,MSFT
2021-11-23,325.28472900390625,326.98977619664026,321.3159670865294,324.67784979275456,30427600,MSFT
2021-11-24,325.50634765625,325.74717091105794,321.65317557932343,323.9361753313232,21661300,MSFT
2021-11-26,317.5784606933594,325.5256287318422,316.0757258160542,322.07705238453224,24217200,MSFT
2021-11-29,324.2734069824219,326.5853048710873,322.45276865427024,322.645439060566,28563500,MSFT
2021-11-30,318.4551086425781,325.3811893890692,316.9138335793029,323.0114962502423,42885600,MSFT
2021-12-01,317.9638061523437,326.82611534101443,317.29916089070014,322.82845444512645,33337600,MSFT
2021-12-02,317.3953857421875,321.2485575549812,315.7674182994928,318.1756506824888,30766000,MSFT
2021-12-03,311.1533203125,320.48763300351385,306.3561099885442,319.8036737217345,41779300,MSFT
2021-12-06,314.2165832519531,315.43034198292435,307.512071408828,312.05881608344686,30032600,MSFT
2021-12-07,322.626220703125,323.4738941546623,317.9831397153428,319.46661970094794,31021900,MSFT
2021-12-08,322.6742553710937,323.1847994820111,318.6573106513333,323.0017714613644,24761000,MSFT
2021-12-09,320.8729553222656,324.13850382611764,319.92891744874584,322.1348670016077,22214200,MSFT
2021-12-10,329.9664306640625,330.4095372641144,322.5009090494943,322.68393709248,38095700,MSFT
2021-12-13,326.94171142578125,331.17058275210826,326.6334505414845,328.1747255655925,28899400,MSFT
2021-12-14,316.2876892089844,322.3564540735809,312.2129483454999,320.9885647798209,44438700,MSFT
2021-12-15,322.36602783203125,322.8862143337398,312.5886088133381,316.54772931653724,35381100,MSFT
2021-12-16,312.97393798828125,324.3986100132093,311.16294216598374,323.38713456911813,35034800,MSFT
2021-12-17,311.9142761230469,312.99318902693045,305.6047184390456,309.1014768949772,47750300,MSFT
2021-12-20,308.1671447753906,310.95104695993683,305.9130421153367,308.301990542722,28326500,MSFT
2021-12-21,315.27618408203125,315.7000353671043,308.061099295699,311.42301196127266,24740600,MSFT
2021-12-22,320.9692077636719,321.3641319851116,313.7926638611622,316.2490490104151,24831500,MSFT
2021-12-23,322.4045715332031,324.0421815699865,320.5165252794348,320.5357805584728,19617800,MSFT
2021-12-27,329.87969970703125,329.90859732114507,323.1173640307042,323.146261644818,19947000,MSFT
2021-12-28,328.7237243652344,331.1897520042874,327.82786896299206,330.55397511958915,15661500,MSFT
2021-12-29,329.39813232421875,331.6618479007126,327.21143787403537,328.7719682057402,15042000,MSFT
2021-12-30,326.8645935058594,330.53473754796454,326.3829469974742,329.35951889161,15994500,MSFT
2021-12-31,323.9747619628906,326.9031519971822,323.5220130027232,326.0843763307589,18000800,MSFT
2022-01-03,322.4623718261719,325.59307446526094,317.67480384527,323.0403535774783,28865100,MSFT
2022-01-04,316.9331359863281,322.89592382647754,314.14920425662723,322.53948061398944,32674300,MSFT
2022-01-05,304.76666259765625,314.1009746877151,304.3813512536725,313.89866197929246,40054300,MSFT
2022-01-06,302.3584899902344,307.0015705102463,300.0562050121712,301.6552753347329,39646100,MSFT
2022-01-07,302.5126037597656,304.88229679267107,298.7075838733872,302.61855190067536,32720000,MSFT
2022-01-10,302.73406982421875,303.16756341784094,293.5057361453158,298.1295306229004,44289500,MSFT
2022-01-11,303.4180603027344,304.98820330544083,298.5149021278563,301.87678551872176,29386800,MSFT
2022-01-12,306.5872802734375,311.53862085227667,305.4409591479046,307.9359141133859,34372200,MSFT
2022-01-13,293.6117553710937,309.1015264774925,292.8411325706475,308.70657273811673,45366000,MSFT
2022-01-14,298.8135681152344,299.4108052070794,292.6003150974251,293.08196170663894,39846400,MSFT
2022-01-18,291.5406799316406,298.4282204045511,290.6640795954702,292.9085692050015,42333200,MSFT
2022-01-19,292.1957397460937,302.3873991828264,291.5888896692159,295.047109041094,45933900,MSFT
2022-01-20,290.5291748046875,300.2102576999121,290.08606825576,297.7249746936836,35380700,MSFT
2022-01-21,285.1636657714844,292.94706137271686,284.7590697196657,291.5792015826187,57984400,MSFT
2022-01-24,285.4911804199219,286.20400792942536,265.9170569502406,281.4742645277423,85731500,MSFT
2022-01-25,277.9004211425781,284.1618263856482,274.70231034504417,280.81919810306823,72848600,MSFT
2022-01-26,285.81866455078125,297.1758975203426,282.2737532824066,296.6846086715784,90428900,MSFT
2022-01-27,288.83380126953125,296.019959606394,286.9939079100606,291.55029488282537,53481300,MSFT
2022-01-28,296.9447631835937,297.1566888577396,283.64168680427184,289.2095201733317,49743700,MSFT
2022-01-31,299.5649108886719,300.91351540352434,295.124114232146,297.6094269927924,46444500,MSFT
2022-02-01,297.4264221191406,299.2277757254821,293.92966304924204,299.01585004253747,40950400,MSFT
2022-02-02,301.9538879394531,303.5529582305001,297.5420178765897,298.2644877997953,36636000,MSFT
2022-02-03,290.19207763671875,299.8057543934319,288.949421172586,298.12960422865086,43730000,MSFT
2022-02-04,294.7098388671875,297.46484251298546,288.9589789477584,289.1901598418486,35096500,MSFT
2022-02-07,289.9031066894531,296.5401816971228,288.8916311687313,294.9314984801919,28533300,MSFT
2022-02-08,293.3805847167969,294.3438779498826,288.93981702301244,290.19208646707324,32421200,MSFT
2022-02-09,299.7864074707031,300.47997960930934,296.10665053831843,298.49559837334124,31284700,MSFT
2022-02-10,291.2806396484375,297.77322723687223,289.66231392152343,292.8797100919523,45386200,MSFT
2022-02-11,284.2099609375,293.12042074814497,283.4200536610799,292.060792620919,39175600,MSFT
2022-02-14,284.1715087890625,285.8669143164562,280.6554943055546,282.98664750834394,36359500,MSFT
2022-02-15,289.44061279296875,289.7584865084877,286.11724059844187,288.99750629948704,27058300,MSFT
2022-02-16,289.1028137207031,290.42524925713894,283.484848801482,288.0120371225755,29982100,MSFT
2022-02-17,280.6373596191406,286.49661803620563,279.9326908613435,286.071890217556,32461600,MSFT
2022-02-18,277.9344787597656,283.65861124098427,276.37072190934305,282.876732815773,34264000,MSFT
2022-02-22,277.7317810058594,281.4191765053362,274.6235623555302,275.10620482012695,41736100,MSFT
2022-02-23,270.5404052734375,281.5736347601143,270.37632332672223,280.10638276693766,37811200,MSFT
2022-02-24,284.36328125,284.9135007247491,262.094151059809,263.0498031628359,56989700,MSFT
2022-02-25,286.9888610839844,287.2977593325136,281.52534482802724,284.8942092758671,32546700,MSFT
2022-02-28,288.41748046875,288.7553360718081,282.8284727085798,284.0929935575526,34627500,MSFT
2022-03-01,284.7108154296875,289.5565354038484,282.0079998222269,286.1104609698699,31217800,MSFT
2022-03-02,289.7688903808594,291.0044539337732,283.50420050610404,285.10654759375143,31873000,MSFT
2022-03-03,285.6470947265625,292.6067899776218,283.8419873820218,292.3751310491908,27314500,MSFT
2022-03-04,279.79742431640625,285.3960935577323,277.20083543278474,284.0736581596549,32356500,MSFT
2022-03-07,269.22760009765625,279.6333695655803,268.8607871426468,278.5136356085561,43157200,MSFT
2022-03-08,266.2738952636719,274.10234312414246,260.6269716528933,268.1561834951562,48159500,MSFT
2022-03-09,278.4847412109375,279.5465606739116,271.0327393319232,273.6004011394195,35204500,MSFT
2022-03-10,275.6758117675781,276.6507592993622,270.8397232252186,273.1950215983231,30628000,MSFT
2022-03-11,270.3474426269531,279.4597375949466,269.72964593711134,277.96352780695526,27209300,MSFT
2022-03-14,266.8433532714844,275.4922975054639,266.2448813621328,270.6079583933382,30660700,MSFT
2022-03-15,277.1815490722656,277.82830290735563,269.053866830209,270.61762363193617,34245100,MSFT
2022-03-16,284.1702575683594,284.34400179367987,273.3687163552092,279.0735246270153,37826300,MSFT
2022-03-17,284.971435546875,285.3478813742308,279.3245124712581,283.1084425886128,30816600,MSFT
2022-03-18,290.0005187988281,290.5507382302181,282.5678431701578,285.1161798417101,43390600,MSFT
2022-03-21,288.7746276855469,289.7206174710808,284.662504677972,288.5140113733799,28351200,MSFT
2022-03-22,293.5044860839844,294.41185612837654,288.3981213802289,289.3923635193199,27599700,MSFT
2022-03-23,289.0931701660156,292.7033557846491,287.3846264690427,290.0777796338965,25715400,MSFT
2022-03-24,293.5431213378906,293.6396557120755,287.96377622460426,288.75531685150304,24484500,MSFT
2022-03-25,293.13775634765625,294.8945822052207,288.9001703045881,294.63396584716253,22566500,MSFT
2022-03-28,299.9140625,300.01056743386323,293.7651722801995,293.7651722801995,29578200,MSFT
2022-03-29,304.4605407714844,304.8563111504665,298.3213129462688,303.01261329342486,30393400,MSFT
2022-03-30,302.96435546875,304.9818271718414,300.763506705358,302.86785052906407,28163600,MSFT
2022-03-31,297.6069641113281,304.19987600855126,297.20156097857216,303.0029027856713,33422100,MSFT
2022-04-01,298.67852783203125,299.3638720029751,294.93321694040014,298.6302459022579,27110500,MSFT
2022-04-04,304.0357971191406,304.1709216917822,298.9583889350334,299.3252019235952,24289600,MSFT
2022-04-05,300.0877990722656,303.9392767129868,299.1128518165804,302.3948148545048,23156700,MSFT
2022-04-06,289.1028137207031,296.3424501243935,286.4096607302466,294.59528689562205,40110400,MSFT
2022-04-07,290.90802001953125,293.1088692788422,286.0622985205505,286.3615346005933,31411200,MSFT
2022-04-08,286.66064453125,290.6665707873598,285.9945956247322,290.0101841560006,24361900,MSFT
2022-04-11,275.3572082519531,282.452029428348,275.10622472559214,281.6605181173394,34569300,MSFT
2022-04-12,272.2682189941406,280.6468837008444,270.7527148401565,279.1989565504998,30966700,MSFT
2022-04-13,277.6352233886719,278.5618885948695,271.5346160767129,272.914995798149,21907200,MSFT
2022-04-14,270.1156921386719,278.30131965119733,269.62341681375074,278.08895577007974,28221600,MSFT
2022-04-18,270.7817077636719,272.65436281401867,268.67739376545774,269.2276132247998,20778000,MSFT
2022-04-19,275.3957214355469,276.23554389473173,268.7449249701281,269.6812523357036,22297700,MSFT
2022-04-20,276.4189758300781,279.6430533893089,275.4633531849248,279.35345023812204,22906700,MSFT
2022-04-21,271.0616455078125,283.1180442640561,270.33768184591173,278.5618984401678,29454600,MSFT
2022-04-22,264.5169982910156,273.3686730601937,263.8895690490661,271.901421279217,29405800,MSFT
2022-04-25,270.97479248046875,271.351238292918,261.3701954398088,263.8027323682706,35678900,MSFT
2022-04-26,260.8392944335937,268.6966984296061,260.6269305710984,267.86656753140664,46518400,MSFT
2022-04-27,273.3879699707031,280.86892738240044,269.46891592845344,272.30685567741426,63477700,MSFT
2022-04-28,279.575439453125,280.8785798159734,271.6890497286869,275.28957261335694,33646600,MSFT
2022-04-29,267.8858642578125,279.81680135936267,266.9012842301464,278.59087064005706,37073900,MSFT
2022-05-02,274.59454345703125,275.0482284504204,266.63094457560504,268.0692093712177,35151100,MSFT
2022-05-03,271.9979248046875,274.2663497681472,270.424506011774,274.10223840561963,25978600,MSFT
2022-05-04,279.913330078125,280.7820806094394,267.1233049625317,272.77986042090856,33599300,MSFT
2022-05-05,267.7218322753906,276.40939830190524,264.8163146554661,275.627519716172,43260400,MSFT
2022-05-06,265.1927490234375,269.55582646003774,261.8528418348636,265.2699588590428,37780300,MSFT
2022-05-09,255.39508056640625,262.904996341923,254.1788415540158,260.68485272752093,47726000,MSFT
2022-05-10,260.144287109375,264.246748037816,255.8680819645109,262.25826345033016,39336400,MSFT
2022-05-11,251.50494384765625,261.9396702201162,250.29833784290227,256.4568596044713,48975900,MSFT
2022-05-12,246.48550415039065,250.8582435521003,241.3405338858611,248.74426727264887,51033800,MSFT
2022-05-13,252.05520629882807,253.90856640021337,246.48552263469367,248.4160925719804,34925100,MSFT
2022-05-16,252.4220123291016,256.59205034843524,246.9005812826205,250.9354652701601,32550900,MSFT
2022-05-17,257.55731201171875,259.0148721108303,253.34865472681068,256.87193855498094,28828800,MSFT
2022-05-18,245.830810546875,255.04172974493503,244.5633445545784,254.4612039825872,31356000,MSFT
2022-05-19,244.9213409423828,249.30427969315693,243.70225448849024,245.6566608213901,32692300,MSFT
2022-05-20,244.3601837158203,250.14604290717048,238.43888522978867,248.88823202551865,39199300,MSFT
2022-05-23,252.1874847412109,253.00989374286016,245.20189490689577,247.19502540033727,33175400,MSFT
2022-05-24,251.1909637451172,252.8454372435976,245.2696653069601,249.5171502123445,29043900,MSFT
2022-05-25,253.9967803955078,255.9898962320248,248.78179230730603,249.7590101930778,28547900,MSFT
2022-05-26,257.2670593261719,258.43776617311875,252.9421849537325,253.7549092585627,25002100,MSFT
2022-05-27,264.3687744140625,264.4655336439164,258.873192668912,259.7633362460875,26910800,MSFT
2022-05-31,263.0432434082031,265.8490837513658,260.1986934699792,263.6818188562503,37827700,MSFT
2022-06-01,263.575439453125,268.67432940880065,261.27270543224773,266.2651808958061,25292200,MSFT
2022-06-02,265.6651916503906,265.7329260451573,253.106632514686,255.8641074025944,44008200,MSFT
2022-06-03,261.2532958984375,264.5719571114333,259.6955816677973,261.5338887851949,28059000,MSFT
2022-06-06,260.02459716796875,265.27829636106657,258.5442722702789,263.2271303095513,22400300,MSFT
2022-06-07,263.65283203125,264.26238275252354,257.3058157580708,257.9831008987689,22860700,MSFT
2022-06-08,261.6307067871094,264.136614716851,260.8566623612509,262.88848837981266,17372300,MSFT
2022-06-09,256.1930847167969,263.8559299419898,256.0382758855006,259.0859990893106,26439700,MSFT
2022-06-10,244.77622985839844,252.11978854806875,244.331158090008,252.11978854806875,31422800,MSFT
2022-06-13,234.39459228515625,240.9351262931872,233.6882971691395,237.15206786424903,46135800,MSFT
2022-06-14,236.5521850585937,237.76160149558388,233.6689256431726,235.9426344500677,28651500,MSFT
2022-06-15,243.58615112304688,247.01122689050288,238.4195274205562,240.24816456305047,33111700,MSFT
2022-06-16,237.0165863037109,239.3870394621926,235.1298996985269,237.9937894265541,33169200,MSFT
2022-06-17,239.6095733642578,242.3670486857971,236.1071081634205,236.75535358790023,43084800,MSFT
2022-06-21,245.5018615722656,246.4790647181553,241.4091858052089,242.1348356522693,29928300,MSFT
2022-06-22,244.91168212890625,248.82052450028,242.2412810648192,243.7119356534914,25939900,MSFT
2022-06-23,250.45562744140625,250.9490788169728,245.3954477538114,247.2724645049341,25861400,MSFT
2022-06-24,259.0086669921875,259.2795751254641,253.2228074347004,253.3098818853851,33923200,MSFT
2022-06-27,256.28985595703125,259.58911783064,254.7321123186452,259.50204339521724,24615100,MSFT
2022-06-28,248.15298461914065,258.244351202047,247.9981757272128,255.40948534013745,27295500,MSFT
2022-06-29,251.8102264404297,253.4647001181268,247.4563118212705,249.22689953422443,20069800,MSFT
2022-06-30,248.49151611328125,251.1038673258636,244.6891180703089,248.7043745789492,31730900,MSFT
2022-07-01,251.15223693847656,251.33607059535083,246.343610863831,248.0658334178518,22837700,MSFT
2022-07-05,254.31613159179688,254.4419156439833,246.469436006713,247.8433315091213,22941000,MSFT
2022-07-06,257.5670166015625,259.28922459470346,253.8807173042958,255.186893088968,23824400,MSFT
2022-07-07,259.6859741210937,260.32454974633936,256.41570631003805,256.5124655611561,20859900,MSFT
2022-07-08,258.969970703125,259.395687723977,254.74185483976467,256.1931548126402,19658800,MSFT
2022-07-11,255.92214965820312,257.8765555845532,253.66778135319444,257.0251218655849,19455200,MSFT
2022-07-12,245.43414306640625,257.3057794671245,243.8570592390129,257.2477298377406,35868500,MSFT
2022-07-13,244.5149841308593,245.3180384343123,240.05465562247608,242.0671263895537,29497400,MSFT
2022-07-14,245.830810546875,246.85639326542395,237.95509174418504,242.43477469827525,25102800,MSFT
2022-07-15,248.38511657714844,251.91660674220472,246.4984298483733,247.41758340717303,29774100,MSFT
2022-07-18,245.9952850341797,252.37132447376123,245.0761315629332,251.31671696215605,20975000,MSFT
2022-07-19,251.1038818359375,251.2877154999448,245.4438068994524,249.2171803481861,25012600,MSFT
2022-07-20,253.75491333007807,256.2705054721165,250.50401605859645,251.4618644463064,22788300,MSFT
2022-07-21,256.241455078125,256.2898494477531,248.6850241528753,251.3554248784185,22404700,MSFT
2022-07-22,251.90692138671875,256.71556241158675,250.65882485957425,256.62848796970013,21881300,MSFT
2022-07-25,250.4265899658203,253.00991644481687,248.4721836500705,252.52614987417672,21056000,MSFT
2022-07-26,243.72157287597656,251.44249735505653,241.46723382900603,251.4231277966496,39348000,MSFT
2022-07-27,260.0148620605469,261.28232818719346,250.4459740907152,252.68097341491003,45994000,MSFT
2022-07-28,267.43585205078125,268.81941742326114,259.17311035737987,260.99207747518795,33459300,MSFT
2022-07-29,271.6252136230469,272.84431469044125,267.6486670392354,268.68393446863337,32152800,MSFT
2022-08-01,268.9839172363281,272.14774020428075,266.8843571782586,268.8000835642348,21539600,MSFT
2022-08-02,265.89752197265625,268.867856439552,263.5367382397174,267.0392042376813,22754200,MSFT
2022-08-03,273.2991027832031,274.29566079302055,267.6293429063653,267.7744965070368,23518900,MSFT
2022-08-04,274.4407653808594,274.5858894444568,271.0737689983291,272.65082319177765,18098700,MSFT
2022-08-05,273.72479248046875,274.4407575248996,269.63211684357026,270.08685858100347,16774600,MSFT
2022-08-08,271.2188415527344,276.63703193658046,270.2513086101462,274.8277205314604,18739200,MSFT
2022-08-09,273.1345520019531,273.8892265551152,268.59681990449013,270.56094022517334,23405200,MSFT
2022-08-10,279.7719116210937,280.400802313646,277.6239866748656,278.8140631743876,24687800,MSFT
2022-08-11,277.70135498046875,281.7553212542064,277.20793315057733,281.40702349193015,20065900,MSFT
2022-08-12,282.4326477050781,282.4326477050781,277.6240060475437,279.11401558943726,22619700,MSFT
2022-08-15,283.94195556640625,284.62889583747915,280.6910288186994,281.5521474976408,18085700,MSFT
2022-08-16,283.20660400390625,284.4934395554,280.99097447536275,282.5099789943521,18102900,MSFT
2022-08-17,282.4600830078125,284.4283433719824,280.6663411966556,280.9281190261752,18253400,MSFT
2022-08-18,281.3450012207031,283.0320727028022,280.2881256209133,281.36438230357066,17186200,MSFT
2022-08-19,277.447265625,280.4529907173876,276.8752129457477,280.11362940883,20570000,MSFT
2022-08-22,269.302734375,273.8694799294029,268.7888545532896,273.5010322101689,25061100,MSFT
2022-08-23,268.0325927734375,270.3789763942887,267.0242141584032,268.0325927734375,17527400,MSFT
2022-08-24,267.4023742675781,268.79858174374715,266.7430327003448,267.0339265183886,18137000,MSFT
2022-08-25,270.3693542480469,270.5341674761129,266.17102576018783,268.8955629978652,16583400,MSFT
2022-08-26,259.9365234375,271.8139618186625,259.8298830917029,270.5922729736932,27549300,MSFT
2022-08-29,257.16357421875,259.2675614677576,255.8255394059336,257.76471343275216,20338500,MSFT
2022-08-30,254.97219848632807,258.9280989361752,252.7324557275396,258.5596808701505,22767100,MSFT
2022-08-31,253.5178680419922,258.986322342565,253.38211168370708,257.3186614112336,24791800,MSFT
2022-09-01,252.48046875,252.9555865382113,247.64223870789883,250.99700170684267,23263400,MSFT
2022-09-02,248.2723999023437,256.688406437132,246.7307604021961,253.7408837951921,22855400,MSFT
2022-09-06,245.54788208007807,249.98857705648493,244.27772561001785,248.40817526683784,21328200,MSFT
2022-09-07,250.2406768798828,250.9581617098337,245.5187934600728,246.95377791469627,24126700,MSFT
2022-09-08,250.6575927734375,252.5095072886724,247.0410378072732,249.6783301329259,20319900,MSFT
2022-09-09,256.4169006347656,257.16350136081496,252.373740504422,252.5773454345085,22084700,MSFT
2022-09-12,258.5403747558594,259.31606213090066,257.09569955467623,257.6968387769284,18747700,MSFT
2022-09-13,244.32620239257807,252.4804167818652,243.9383587650543,250.96786362132625,33353300,MSFT
2022-09-14,244.54917907714844,246.4980431807775,242.2609536822956,245.81933539305,23913000,MSFT
2022-09-15,237.9172515869141,243.7541543997584,236.5986127372413,242.1737377246179,31530900,MSFT
2022-09-16,237.29669189453125,237.83965816543383,234.69819143342704,236.8312795525679,39791800,MSFT
2022-09-19,237.0833740234375,237.6845131191864,233.5249921595804,235.09571807800603,26826900,MSFT
2022-09-20,235.07632446289065,236.10408413767027,232.35178783208616,234.70789152713547,26660300,MSFT
2022-09-21,231.6827545166016,240.1278617486554,231.634272219412,236.84096320739505,28625600,MSFT
2022-09-22,233.65103149414065,236.4434463149049,230.3447516288207,230.63561584371607,31061200,MSFT
2022-09-23,230.6841278076172,233.79650845970187,228.04685009215584,232.2548539489129,34176000,MSFT
2022-09-26,230.22840881347656,234.1067564533573,229.6951330540485,229.84057996737727,27694200,MSFT
2022-09-27,229.22003173828125,234.44610429031408,227.36811729613825,232.68144911431068,27018700,MSFT
2022-09-28,233.73831176757807,234.95998588678188,227.5911198226186,229.6078622695972,29029700,MSFT
2022-09-29,230.27688598632807,232.6523709038743,227.28086605201813,231.6246111693645,27484200,MSFT
2022-09-30,225.81678771972656,233.2244311957409,225.65195971871543,231.0428606260345,35694800,MSFT
2022-10-03,233.4183349609375,234.26187075492425,227.5232453556308,228.25043546623195,28880400,MSFT
2022-10-04,241.310791015625,242.74577547683293,237.5293932505841,237.6360484007584,34888400,MSFT
2022-10-05,241.62106323242188,242.95909794804967,236.6761787000421,238.5086974304911,20347100,MSFT
2022-10-06,239.28433227539065,242.72636855289312,238.59593389672287,240.3896606929416,20239900,MSFT
2022-10-07,227.1160583496093,233.9807359079613,226.0785931848945,233.57349635910583,37769600,MSFT
2022-10-10,222.2777862548828,227.4262900818972,219.83442324055144,225.962219258619,29743600,MSFT
2022-10-11,218.5545959472656,222.09358236444308,217.29412996487275,220.69737480208315,30474000,MSFT
2022-10-12,218.8842163085937,220.9300450129457,217.1486624763332,218.54485501658385,21903900,MSFT
2022-10-13,227.1160583496093,228.9194907148944,212.4655985656021,213.1637023711785,42551800,MSFT
2022-10-14,221.60874938964844,230.02477023152483,221.39543911705044,228.3764608896824,30198600,MSFT
2022-10-17,230.30596923828125,231.6924861628052,227.98865719878884,228.64798396705297,28142300,MSFT
2022-10-18,231.2464599609375,236.5113093692739,228.2116484355252,235.8423068812293,26329600,MSFT
2022-10-19,229.2879180908203,232.32272998256715,227.16452030041103,229.8308844163688,19985700,MSFT
2022-10-20,228.9678955078125,233.9709664790685,227.7268257033532,228.59946261864803,21811000,MSFT
2022-10-21,234.75636291503903,235.609604075632,227.3681158672251,227.6008220368562,26299700,MSFT
2022-10-24,239.7303466796875,240.3023993657229,233.9613079288476,236.34648327507583,24911200,MSFT
2022-10-25,243.03668212890625,243.40511513025,238.3535751212225,239.74007743636244,34775500,MSFT
2022-10-26,224.2848663330078,231.05257928125204,223.06317727493428,224.1394194098108,82543200,MSFT
2022-10-27,219.8538360595703,226.5827717111952,218.9133355552526,224.01335747357737,40424600,MSFT
2022-10-28,228.6964569091797,229.4042659969573,219.1751212635659,219.35934514135127,40647700,MSFT
2022-10-31,225.0701904296875,227.7753311137816,224.11998470584143,226.65060686599685,28357300,MSFT
2022-11-01,221.2306060791016,228.57038484843883,220.416156763122,227.46505654968945,30592300,MSFT
2022-11-02,213.40606689453125,224.2654364159978,213.3478792572492,222.48140020209192,38407000,MSFT
2022-11-03,207.7339630126953,213.7066209959051,207.47217044537365,213.3963461317135,36633900,MSFT
2022-11-04,214.6568298339844,214.85074424296624,206.93891208084915,210.9336199205367,36789100,MSFT
2022-11-07,220.9397735595703,221.4633587976089,214.55019910987951,215.23861235404937,33498000,MSFT
2022-11-08,221.90933227539065,224.6047824698309,218.97148537429405,221.74450429023085,28192500,MSFT
2022-11-09,217.6819610595703,221.6766693584076,217.50744250984388,220.45498033143147,27852900,MSFT
2022-11-10,235.59019470214844,235.92955599741592,227.85289624042093,228.2698114597355,46268000,MSFT
2022-11-11,239.5946044921875,240.4478456452281,234.5721369704996,235.59991144789905,34620200,MSFT
2022-11-14,234.20372009277344,236.49194578262,231.93489028356817,234.6303406985499,31123300,MSFT
2022-11-15,234.6109313964844,239.4879520708681,232.72993053937964,238.18870924194545,31390100,MSFT
2022-11-16,235.0387420654297,237.0514501535852,233.76500614633548,236.06939815763067,24093300,MSFT
2022-11-17,234.99012756347656,236.5166760266284,231.05224616268976,231.19808812700944,23123500,MSFT
2022-11-18,234.54286193847656,236.99311072037327,232.4134803048627,236.769466599912,27613500,MSFT
2022-11-21,235.3498992919922,237.8973712159803,234.51370406585943,234.74705121223045,26394700,MSFT
2022-11-22,238.2474365234375,238.5196847858116,234.0470241636544,236.84729412470392,19665700,MSFT
2022-11-23,240.726806640625,241.40742716232413,237.5084322308361,238.32517685687512,19508500,MSFT
2022-11-25,240.63931274414065,241.81581080755163,239.9003405690243,240.46428755240743,9200800,MSFT
2022-11-28,235.06788635253903,239.8225266855465,234.1344682213795,239.2683124519981,24778200,MSFT
2022-11-29,233.67752075195312,236.0694181426824,231.6162083930456,234.71789478419583,17956300,MSFT
2022-11-30,248.0775451660156,248.2622882065125,233.2205074754312,233.9108607052224,47594200,MSFT
2022-12-01,247.6399841308593,249.0303934918204,243.9743365229589,246.84267525021951,26041500,MSFT
2022-12-02,247.9608764648437,248.9720820268652,242.77841272299736,242.9048189819058,21528500,MSFT
2022-12-05,243.2742919921875,246.7940980351997,241.1935292314744,245.0341875954859,23435300,MSFT
2022-12-06,238.3348693847656,244.8883059091825,237.0319652621764,243.8771005038748,22463700,MSFT
2022-12-07,237.60568237304688,239.3461423733255,235.50548378588945,238.0529558163032,20481500,MSFT
2022-12-08,240.5518035888672,241.854722806182,236.3319411296729,238.06266840254827,22611800,MSFT
2022-12-09,238.62661743164065,241.4366198107319,237.40150036949424,237.9265463000095,20609700,MSFT
2022-12-12,245.5203552246093,245.549523618374,240.3281734246865,240.60042165743343,30665100,MSFT
2022-12-13,249.8083038330078,256.61453937496145,246.06486835036688,254.44625651294808,42196900,MSFT
2022-12-14,250.1000061035156,255.32135671859504,247.27055298866887,250.01250091515968,35410900,MSFT
2022-12-15,242.1172332763672,247.16357301987648,240.49346176051927,246.69686389132764,35560400,MSFT
2022-12-16,237.91680908203125,242.92424748334844,236.7694646066407,241.6699621291789,86102000,MSFT
2022-12-19,233.7942047119141,238.42245470858504,232.1023783936972,238.0821369724473,29696400,MSFT
2022-12-20,235.1068115234375,236.1860865482313,231.8203675163976,232.77323628356203,25150800,MSFT
2022-12-21,237.6640014648437,238.82106381583225,233.4635897668888,234.99985605475112,23690600,MSFT
2022-12-22,231.5967254638672,235.2915415960275,227.396299165475,234.5817378584511,28651700,MSFT
2022-12-23,232.1217803955078,232.257904502914,227.46437751544144,229.57430859844388,21207000,MSFT
2022-12-27,230.4008026123047,232.31625810648032,229.30207698528272,232.092628807354,16688600,MSFT
2022-12-28,228.03805541992188,233.0843952081068,227.68801986130745,230.33272967385747,17457100,MSFT
2022-12-29,234.3386688232422,235.2234829457409,229.12703678909463,229.12703678909463,19770700,MSFT
2022-12-30,233.18161010742188,233.3177342092285,230.1090777107405,231.616175518438,21938500,MSFT
2023-01-03,232.94825744628903,238.9474656895386,230.8285936776272,236.3513749637393,25740000,MSFT
2023-01-04,222.7583465576172,226.42397945527185,219.70526469993283,225.85031465735744,50623400,MSFT
2023-01-05,216.1562957763672,221.25125412142148,215.6215172075252,220.91093644040888,39585600,MSFT
2023-01-06,218.7037811279297,219.5108079571904,213.2782522890228,216.82721193090404,43613600,MSFT
2023-01-09,220.83316040039065,224.8391261091335,220.14282198786435,220.18170823285104,27369800,MSFT
2023-01-10,222.5153045654297,224.90720202339816,221.03737489705813,221.4554651249828,27033900,MSFT
2023-01-11,229.24371337890625,229.41872372216184,224.7127021200409,224.88771246329648,28669300,MSFT
2023-01-12,231.90789794921875,233.2594213403898,227.094919820166,228.7478598556648,27269500,MSFT
2023-01-13,232.60794067382807,232.74406478160432,228.41724688827324,230.43967280124468,21333300,MSFT
2023-01-17,233.69696044921875,234.24145690846152,230.5271898899736,231.3828356610212,29831300,MSFT
2023-01-18,229.2826232910156,235.67076853478864,229.0006572078567,234.88319223600368,30028700,MSFT
2023-01-19,225.5100250244141,229.00066284863416,224.2946258083473,227.30882179875937,28623000,MSFT
2023-01-20,233.570556640625,234.076166859412,228.0186065956563,228.35892430446629,35389800,MSFT
2023-01-23,235.8652191162109,238.3835225589333,233.0163158336519,234.4261906970003,31934000,MSFT
2023-01-24,235.3401794433593,237.19731304543689,233.7844773158166,235.78745289233305,40234400,MSFT
2023-01-25,233.9497528076172,236.5652941592754,224.50852565701223,227.98943061234027,66526600,MSFT
2023-01-26,241.1351623535156,241.43657893263136,235.30124713528545,236.9055678857333,33454500,MSFT
2023-01-27,241.290756225586,242.9145276437586,239.9975698020656,242.0977830088241,26498900,MSFT
2023-01-30,235.9916381835937,238.80164053803625,235.49574581512883,237.7418011609033,25867400,MSFT
2023-01-31,240.95046997070312,241.08659409428063,236.22499705734649,236.7111567610399,26541100,MSFT
2023-02-01,245.75369262695312,248.11642130402413,238.6752096108031,241.13517614830616,31259900,MSFT
2023-02-02,257.2756652832031,257.36317045013345,250.12911325562,251.6556615153349,39940400,MSFT
2023-02-03,251.1986846923828,256.88675825123045,249.9832856273653,252.35574697610576,29077300,MSFT
2023-02-06,249.6624298095703,251.15007723406973,247.7275237906861,250.31389683270552,22518000,MSFT
2023-02-07,260.15380859375,261.3303069054437,252.8808478964387,253.31840354990376,50841400,MSFT
2023-02-08,259.3467712402344,269.09913389839613,258.8411461479816,265.63767911484825,54686000,MSFT
2023-02-09,256.32281494140625,266.3960585481187,255.525505975814,266.2210185187912,42375100,MSFT
2023-02-10,255.81719970703125,256.77978626583,253.44473837157508,254.2906513684381,25818500,MSFT
2023-02-13,263.8097229003906,266.9989295409681,259.7551376978075,260.2315944105398,44630900,MSFT
2023-02-14,264.6361694335937,267.3586517330217,261.8261522809417,265.12232910655104,37047900,MSFT
2023-02-15,262.5209350585937,263.89534271397224,259.4601911138888,261.5461803878701,28922400,MSFT
2023-02-16,255.531967163086,260.006088165567,255.28827846089968,257.35475389589425,29603600,MSFT
2023-02-17,251.5452117919922,253.5239627712476,249.53721935972925,252.84165228535363,30000100,MSFT
2023-02-21,246.291259765625,249.0400750640908,245.2385229411217,248.0555633319736,28397400,MSFT
2023-02-22,245.1605682373047,247.9191260368641,244.0201069347721,247.67543734298337,22491100,MSFT
2023-02-23,248.3382568359375,250.35599131241565,244.1565508815825,249.1083064975943,29219100,MSFT
2023-02-24,242.9283905029297,244.6634528431663,241.83666989520623,243.6497144036485,24990900,MSFT
2023-02-27,243.8446350097656,246.4374860355747,243.0940697394365,246.0865737548368,21190000,MSFT
2023-02-28,243.1233367919922,245.141086337107,242.45075361028725,242.78218154124548,22491000,MSFT
2023-03-01,240.0528259277344,244.59517118132,239.58493299824488,244.4294646797165,27565300,MSFT
2023-03-02,244.7706298828125,245.05330217438188,239.40947954597493,240.3257512560428,24808200,MSFT
2023-03-03,248.8451385498047,249.1668094085541,245.0436008983609,245.8234076886405,30760100,MSFT
2023-03-06,250.3852386474609,253.55319146823703,249.5177075468684,249.9563441934913,24109800,MSFT
2023-03-07,247.7338714599609,251.1845110149319,246.9930633309493,249.8295878651649,21473200,MSFT
2023-03-08,247.29527282714844,248.11406323334165,244.4782322432685,247.62668586676327,17340200,MSFT
2023-03-09,245.9501342773437,253.0073493955373,245.22881038258097,249.36177602188675,26653400,MSFT
2023-03-10,242.3142547607422,246.40822131411625,241.34925717678087,244.74139919259653,28333900,MSFT
2023-03-13,247.5097198486328,251.3989965851208,239.52647621107045,241.1543148292338,33339700,MSFT
2023-03-14,254.206298828125,254.4792289674297,249.4007501906107,250.26828132059583,33620300,MSFT
2023-03-15,258.7388610839844,259.75261418809725,252.6661292714571,253.41670934490327,46028000,MSFT
2023-03-16,269.22723388671875,269.57813126600007,256.6333912973098,258.51466054625075,54768800,MSFT
2023-03-17,272.3757019042969,276.1772393298442,269.3442290300633,271.2352555502092,69527400,MSFT
2023-03-20,265.3574523925781,270.47491398328793,263.0375317119125,269.9875366889346,43466600,MSFT
2023-03-21,266.8683166503906,268.05751846766043,262.7158524815854,267.9405526736913,34558700,MSFT
2023-03-22,265.4159240722656,273.94502636302843,265.3086856035219,266.49788734137707,34873300,MSFT
2023-03-23,270.6503601074219,273.9645197282161,268.2524721711086,270.9232901997897,36610900,MSFT
2023-03-24,273.48687744140625,273.54536033168523,268.330417802735,270.2409282951902,28172000,MSFT
2023-03-27,269.4026794433594,274.3544196920251,268.56437502402,273.41866361100745,26840200,MSFT
2023-03-28,268.28173828125,269.1687685997756,265.18199582572424,268.8275985161655,21878600,MSFT
2023-03-29,273.428466796875,274.0425670542095,271.3814758548116,271.9175790730678,25087000,MSFT
2023-03-30,276.87908935546875,277.2787423935812,274.3739921244632,277.05456782750633,25053400,MSFT
2023-03-31,281.021728515625,281.9672416312898,275.85554123239365,276.5671227721079,32766000,MSFT
2023-04-03,279.9788513183594,280.9925749626686,276.78165654264745,279.2867539444378,24883300,MSFT
2023-04-04,279.9300231933594,283.117489822551,278.45816395278734,279.9787787723989,25824300,MSFT
2023-04-05,277.16168212890625,279.90073980685764,275.7775474414122,278.63357089609315,22064800,MSFT
2023-04-06,284.2384338378906,284.70629698554035,274.9100256186965,276.0602288528665,29770300,MSFT
2023-04-10,282.0842590332031,282.2889491780272,277.5223847184976,281.90878059048885,23103000,MSFT
2023-04-11,275.6898193359375,278.7603200001052,274.5298887759889,278.53611574215296,27276600,MSFT
2023-04-12,276.3331604003906,279.76431548610367,274.84178711506826,277.60035917532724,27403400,MSFT
2023-04-13,282.5228881835937,282.58137108364906,276.02129123451107,276.4306715348985,24222700,MSFT
2023-04-14,278.91632080078125,281.197243201843,276.5281599154827,279.75459555412215,20987900,MSFT
2023-04-17,281.5091857910156,284.2385171903197,278.9358484828708,282.6106635193612,23836200,MSFT
2023-04-18,281.0899963378906,284.39442891149264,279.76434427989847,284.2092231464568,20161800,MSFT
2023-04-19,281.1679382324219,281.7527671155864,277.3566446923562,278.7700208228647,17150300,MSFT
2023-04-20,278.8870849609375,281.73338210050423,277.88308869454204,278.0488101013178,23244400,MSFT
2023-04-21,278.5459289550781,279.0430336532182,275.9140792116014,277.81486288712955,21676400,MSFT
2023-04-24,274.65655517578125,277.75629698549113,271.6835659533402,274.96848374421614,26611000,MSFT
2023-04-25,268.4669494628906,274.49092630001803,268.41819388016194,272.45369257019934,45772200,MSFT
2023-04-26,287.9132385253906,292.0072194183814,285.3399020547386,289.2096786986015,64599200,MSFT
2023-04-27,297.1344909667969,297.495175228431,287.79635312272336,288.4981777647632,46462600,MSFT
2023-04-28,299.503173828125,301.1309977099639,295.65288041191343,296.335220680939,36469600,MSFT
2023-05-01,297.84600830078125,300.80927056527844,297.44635535169203,299.2204158338492,21294100,MSFT
2023-05-02,297.6997375488281,301.37455083743856,296.2376059848035,299.99041628189525,26404400,MSFT
2023-05-03,296.71533203125,300.819041090019,296.4131604465873,298.8792887083803,22360800,MSFT
2023-05-04,297.6997375488281,299.99041628189525,295.74047173394945,298.5087705921789,22519900,MSFT
2023-05-05,302.8075866699219,304.094270204725,296.58864599886385,298.0020524230705,28197100,MSFT
2023-05-08,300.8580322265625,302.36891985995953,298.3626625741606,302.30067989163814,21318600,MSFT
2023-05-09,299.2497253417969,302.21298828024834,298.5771421461096,300.2244801474705,21340800,MSFT
2023-05-10,304.4256591796875,305.0982423493034,299.9028125252024,300.82881170640417,30078000,MSFT
2023-05-11,302.2811584472656,303.2656701896078,298.5283767405059,302.2714311285641,31680200,MSFT
2023-05-12,301.16998291015625,302.80756378679547,298.8598188614768,302.71008236022425,19774700,MSFT
2023-05-15,301.6475524902344,302.07644689728147,299.8247661338592,301.2966551101867,16336500,MSFT
2023-05-16,303.8700256347656,305.790293615096,302.0082405576207,302.0082405576207,26730300,MSFT
2023-05-17,306.7420654296875,307.1621190650021,303.5574089684494,305.0715994717328,24315000,MSFT
2023-05-18,311.1575622558594,311.6655618014146,306.4685237275618,307.25979860655974,27276000,MSFT
2023-05-19,310.98175048828125,311.38227715164794,309.05728471229986,309.4187276052405,27546700,MSFT
2023-05-22,313.756103515625,315.1335157612651,310.65939292099665,311.2357518358931,24115700,MSFT
2023-05-23,307.9729309082031,315.26048835857114,307.9631525133489,312.63266399021563,30797200,MSFT
2023-05-24,306.59552001953125,309.18426063109985,305.384161727715,307.4551840291494,23384900,MSFT
2023-05-25,318.3866271972656,319.3439561838566,312.6034502502728,315.76855064415656,43301700,MSFT
2023-05-26,325.19549560546875,325.69368704113634,316.3937458917175,316.5304943876428,36630600,MSFT
2023-05-30,323.55419921875,327.9794888093755,322.8801459197919,327.48129753653654,29503100,MSFT
2023-05-31,320.7994384765625,328.1749119576372,319.7639124360726,324.6092859026288,45950600,MSFT
2023-06-01,324.892578125,325.8206313081567,317.21427212946173,318.396295279445,26773900,MSFT
2023-06-02,327.6474304199219,329.6988961808169,324.86330044529166,326.5240179212979,25873800,MSFT
2023-06-05,328.1748962402344,330.7343313163918,326.9244840727919,327.4715375327869,21307100,MSFT
2023-06-06,325.9671630859375,327.6181020499909,324.4920861780968,327.57901828059016,20396200,MSFT
2023-06-07,315.9052429199219,326.7584266923508,315.04557889593144,323.9840754044963,40717100,MSFT
2023-06-08,317.7417907714844,319.08989754628954,315.8759358684607,316.4522947423508,23277700,MSFT
2023-06-09,319.23638916015625,322.362404562121,316.91139713131287,317.4779775476355,22529000,MSFT
2023-06-12,324.1795349121094,324.42375634419443,317.644167004539,320.9850995006378,24260300,MSFT
2023-06-13,326.5630798339844,329.1909043563213,322.7532321400216,326.738912078587,22951300,MSFT
2023-06-14,329.5425720214844,331.2032894023308,325.11728161658255,326.61191533447175,26003800,MSFT
2023-06-15,340.05389404296875,341.7536655006573,329.40584662971514,329.679373413851,38899100,MSFT
2023-06-16,334.4172058105469,343.3459537429244,334.04601435643656,343.19942687785715,46552000,MSFT
2023-06-20,330.23614501953125,334.17299255500126,328.09676330100183,331.4670303403785,26375400,MSFT
2023-06-21,325.8499755859375,329.9236018707608,324.39442550484875,328.5950218821544,25117800,MSFT
2023-06-22,331.8578186035156,332.2583453008443,325.63506173065974,326.39703135157714,23556800,MSFT
2023-06-23,327.2762145996094,330.14826075055646,325.7425268104143,326.6314665032556,23146900,MSFT
2023-06-26,321.0046691894531,328.3410610316965,320.8971962526816,326.0063195495162,21520600,MSFT
2023-06-27,326.8366394042969,328.38010561548896,321.6884329438187,324.1892578253604,24354100,MSFT
2023-06-28,328.0870361328125,330.1678072397065,326.0941811528345,326.92453987884056,20259500,MSFT
2023-06-29,327.3054504394531,328.3409466072507,324.9316260064178,326.97331297168574,16997000,MSFT
2023-06-30,332.66864013671875,334.8080220472076,329.4058457163647,329.94312088694005,26832800,MSFT
2023-07-03,330.17755126953125,333.02029191600536,328.7903904255227,331.3498259032752,12508700,MSFT
2023-07-05,330.3338623046875,333.7529619318794,326.9929302209396,327.3445947298887,18172400,MSFT
2023-07-06,333.3817138671875,335.0619581701481,327.7450950952517,329.5034771232006,28161200,MSFT
2023-07-07,329.4253234863281,333.8896972947202,329.21040748776585,331.4767889612989,21214800,MSFT
2023-07-10,324.15997314453125,327.48140841968,320.0179872598145,326.8659656503179,32791400,MSFT
2023-07-11,324.7851257324219,325.1660955778508,319.44156081618985,323.40771358997307,26698200,MSFT
2023-07-12,329.40576171875,333.7528837679295,327.9111282813893,328.81962452892355,29995300,MSFT
2023-07-13,334.73956298828125,335.7945861289157,331.18368573483207,331.71121221123786,20567200,MSFT
2023-07-14,337.25994873046875,343.3068725083686,336.35145234816736,339.55563567406386,28352700,MSFT
2023-07-17,337.7386474609375,338.9695029653532,334.2902427075948,337.689785296776,20363900,MSFT
2023-07-18,351.1806640625,358.30216983838505,334.2610247909375,337.83640055733764,64738600,MSFT
2023-07-19,346.8725280761719,354.0819486228708,344.293565577068,353.388368189592,39732900,MSFT
2023-07-20,338.852294921875,349.6957307761419,337.3869665581141,345.3974402048797,33778400,MSFT
2023-07-21,335.8239440917969,342.20300571747845,331.97501253322577,341.07959326630163,69405400,MSFT
2023-07-24,337.1329345703125,338.9011247209187,334.3976671440658,337.85585009967554,26678100,MSFT
2023-07-25,342.86737060546875,343.756340213715,337.093972256652,339.08679771803,41637700,MSFT
2023-07-26,329.96258544921875,336.7031188576935,325.4102957060048,333.54776814346803,58383700,MSFT
2023-07-27,323.0755920410156,333.4403334728924,321.4441800463063,332.61000460063315,39635300,MSFT
2023-07-28,330.5487670898437,332.1508737419497,325.46897998950345,325.95742277677743,28484900,MSFT
2023-07-31,328.15545654296875,329.89431189161485,325.6546017307569,329.1323422402348,25446000,MSFT
2023-08-01,328.5657043457031,330.7148646247149,325.98674182307207,327.44229185029457,18311900,MSFT
2023-08-02,319.9300537109375,325.9183675778276,318.81638974847687,325.9183675778276,27761300,MSFT
2023-08-03,319.10943603515625,322.25500868577666,318.415855644904,318.46468799733185,18253700,MSFT
2023-08-04,320.2035827636719,327.3934767757319,319.6760561560359,324.2088199611453,23741500,MSFT
2023-08-07,322.4797058105469,323.4565914550908,319.94957556864017,320.7799343289393,17741500,MSFT
2023-08-08,318.51348876953125,321.1510914070996,315.53400007450387,319.40245810571645,22327600,MSFT
2023-08-09,314.7818298339844,319.5490060989431,313.62908227048086,318.9238148724649,22373300,MSFT
2023-08-10,315.465576171875,320.67239173682515,313.7560268242706,318.4841482996127,20113700,MSFT
2023-08-11,313.5899963378906,314.9576299552727,311.83158470510494,312.85733227727417,24355500,MSFT
2023-08-14,316.54998779296875,316.5695147707091,312.68149972344554,313.9612471638397,18836100,MSFT
2023-08-15,314.4203796386719,317.5757308061961,313.482577825794,315.53404351386234,16966300,MSFT
2023-08-16,313.6567687988281,317.59218190962685,313.0693905863645,314.0483443153716,20698900,MSFT
2023-08-17,310.2109069824219,315.09587723168505,309.5549947446499,313.7938817302348,21257200,MSFT
2023-08-18,309.8193054199219,311.679311641093,304.9930405423695,307.8711670676138,24755000,MSFT
2023-08-21,315.10565185546875,315.9769051965937,310.3675190796091,311.23877242073405,24040000,MSFT
2023-08-22,315.6734619140625,319.2172702035748,314.69450802744353,318.6494900944686,16084600,MSFT
2023-08-23,320.1178894042969,322.2715996929162,316.6523846218089,317.00482352144604,21166400,MSFT
2023-08-24,313.2358703613281,325.97206974501347,313.22607126255105,325.8448009621162,23281400,MSFT
2023-08-25,316.1825561523437,318.5124414479657,312.0905059538923,314.70432613416926,21684100,MSFT
2023-08-28,316.88739013671875,319.2858092722639,314.949050654982,318.8061314202153,14808500,MSFT
2023-08-29,321.4981994628906,322.05621026150664,315.10563277299525,315.10563277299525,19284600,MSFT
2023-08-30,321.8702392578125,322.86876141280084,319.57949087262745,321.7527695778492,15222100,MSFT
2023-08-31,320.8619079589844,323.9456064626788,319.9025224771531,322.27160382501023,26411000,MSFT
2023-09-01,321.74298095703125,325.00288418337306,319.9025429102048,324.3372027250361,14942000,MSFT
2023-09-05,326.530029296875,327.8026871669536,321.74296073160247,322.07580143984785,18553900,MSFT
2023-09-06,325.8741760253906,327.4209100280818,323.23098856949474,326.3636529709045,17535800,MSFT
2023-09-07,322.9667053222656,326.0699726529211,322.10522105530004,324.317666570434,18381000,MSFT
2023-09-08,327.2348937988281,329.0851309217736,322.5261281543159,323.14287386196446,19530100,MSFT
2023-09-11,330.8276672363281,331.29757584054045,328.37048350695864,330.1423875895978,16583300,MSFT
2023-09-12,324.7875061035156,329.7018735211136,324.5036309989416,328.75228709732,17565500,MSFT
2023-09-13,328.9872131347656,329.76059500536803,324.2001445661415,324.3371825636095,16544400,MSFT
2023-09-14,331.5717163085937,333.6862305598508,329.4865396056531,332.0122276628957,20267000,MSFT
2023-09-15,323.2701416015625,330.2990230757852,322.7121307368876,329.829144347891,37679800,MSFT
2023-09-18,322.134521484375,323.4463159361462,319.4913343854658,320.9010301881777,16834200,MSFT
2023-09-19,321.7331848144531,322.45763099664185,317.6803313099975,319.3053983263758,16505900,MSFT
2023-09-20,314.0189819335937,322.65336113195434,313.7644742751729,322.5750579775089,21436500,MSFT
2023-09-21,312.8051147460937,318.50263318201627,308.37045511046944,312.54080796824985,35560400,MSFT
2023-09-22,310.338134765625,314.6846917624831,309.4962190138313,314.5574229961994,21447900,MSFT
2023-09-25,310.85693359375,310.98420234142213,308.3703830919897,309.9269157263713,17836000,MSFT
2023-09-26,305.5707092285156,309.23198754848005,303.4953016985724,308.4977720645104,26297600,MSFT
2023-09-27,306.2070007324219,307.6852008158054,303.1722376476752,305.7272930031046,19410100,MSFT
2023-09-28,307.0390930175781,308.8403644764348,302.9372740873856,304.4448414726015,19683600,MSFT
2023-09-29,309.10467529296875,312.746384776468,308.35089159051364,311.0625829749512,24147300,MSFT
2023-10-02,315.0273132324219,315.1154453625428,308.5466440139972,309.6234991428816,20570000,MSFT
2023-10-03,306.7943115234375,314.6259410504369,304.66016977210535,314.0776994982749,21033500,MSFT
2023-10-04,312.2471008300781,313.3043876816742,307.3914982671209,307.420865686593,20720100,MSFT
2023-10-05,312.638671875,313.24564832750764,308.2725462830461,312.3743651035606,16965600,MSFT
2023-10-06,320.37237548828125,322.2617488298571,309.64302216063714,309.8877605688815,25673600,MSFT
2023-10-09,322.8785705566406,323.3484492911128,316.37830256029935,317.9152672966711,19891200,MSFT
2023-10-10,321.4786376953125,324.131594004222,320.7737897972471,323.99452613848536,20557100,MSFT
2023-10-11,325.4237976074219,325.81537310695785,322.2128307107535,324.23924213655874,20063200,MSFT
2023-10-12,324.1903381347656,326.6083551720829,321.8016885159057,323.6127589882386,19313100,MSFT
2023-10-13,320.8325500488281,326.8041445225291,319.49135820401887,325.3846793916084,21072400,MSFT
2023-10-16,325.6391906738281,329.06552880865223,323.6421166530187,324.08262791660326,22158000,MSFT
2023-10-17,325.0713806152344,326.44190989346447,320.5192516418675,322.6533636519186,18338500,MSFT
2023-10-18,323.1624755859375,328.5271540118079,321.3905713182834,325.49239077774,23153600,MSFT
2023-10-19,324.3470764160156,329.7900587688602,323.9457016538965,325.1595951659487,25052100,MSFT
2023-10-20,319.7948608398437,324.934368448125,318.6005359720502,324.73856573197526,25027700,MSFT
2023-10-23,322.3890686035156,325.7273046053134,317.5628335992071,318.620090545015,24374700,MSFT
2023-10-24,323.5736389160156,324.8560661648909,320.7053110922139,324.32742268148115,31153600,MSFT
2023-10-25,333.5002136230469,338.9138270951405,330.51438652342347,337.7586388732426,55053800,MSFT
2023-10-26,320.9891967773437,334.4400133073603,320.0591786565096,333.37295718073534,37828500,MSFT
2023-10-27,322.8688049316406,329.63338041744635,321.48847625541964,323.47575161012696,29856500,MSFT
2023-10-30,330.2109375,332.3059131853902,324.8462593748241,326.393023266436,22828100,MSFT
2023-10-31,330.9940795898437,331.865362876774,327.64607407506094,331.71852577091533,20265300,MSFT
2023-11-01,338.7865600585937,340.1081537078223,332.5016633074158,332.6387311841403,28158800,MSFT
2023-11-02,340.9892272949219,341.48847346531505,337.5139230484177,339.93194035995595,24348100,MSFT
2023-11-03,345.3749084472656,346.93147136857294,340.02002965992455,342.2716414539088,23637700,MSFT
2023-11-06,349.0263977050781,350.01515060483416,345.9133317859224,346.0112331411466,23828300,MSFT
2023-11-07,352.94219970703125,354.83157330344505,350.10323976353783,351.8359771725129,25833900,MSFT
2023-11-08,355.5560302734375,356.211912585882,352.9617788165993,354.0680013849328,26767800,MSFT
2023-11-09,353.098876953125,357.1125938314782,352.77580544293505,354.67497835793193,24847300,MSFT
2023-11-10,361.889892578125,362.31083557483976,353.47088326732273,353.88202716517856,28042100,MSFT
2023-11-13,358.9627990722656,360.7151348704628,358.1992162461448,360.4703964021509,19986500,MSFT
2023-11-14,362.4772033691406,364.1218684157094,359.6186750774512,363.2016494775537,27683900,MSFT
2023-11-15,362.6244201660156,366.0184671527949,360.1131840283514,364.2037205782202,26860100,MSFT
2023-11-16,369.00048828125,369.17705042836303,363.1246329408824,363.8897655143074,27182300,MSFT
2023-11-17,362.8009338378906,367.2347751466243,360.00524677898665,366.4892506146671,40157000,MSFT
2023-11-20,370.2462768554688,371.6490149349355,363.9290160684621,364.1448242296059,52465100,MSFT
2023-11-21,365.9596252441406,369.049583062371,364.0467785330769,368.5100775469122,28423100,MSFT
2023-11-22,370.6484375,372.5514647913544,367.8233235855797,370.79557261305655,23345300,MSFT
2023-11-24,370.2364807128906,370.766197129462,367.99014782412655,370.1383806452385,10176600,MSFT
2023-11-27,371.3939514160156,373.3852898149662,369.02991062580026,369.59884307126106,22179200,MSFT
2023-11-28,375.4060668945313,375.7003371685908,370.95258715282,371.1389683050371,20453100,MSFT
2023-11-29,371.6294250488281,376.97553440384473,370.24629493974936,376.4458479300218,28963400,MSFT
2023-11-30,371.6883239746094,372.8458270643261,368.3138848477526,371.2763156204023,30554400,MSFT
2023-12-01,367.37213134765625,370.95255911244834,364.2331089605876,369.57924804408185,33040500,MSFT
2023-12-04,362.1044921875,362.4772245359519,355.9834013927852,362.0652461744231,32063300,MSFT
2023-12-05,365.4200134277344,365.9693378168032,358.6515286841893,359.4657262173714,23065000,MSFT
2023-12-06,361.7709655761719,367.0484320232483,361.0156519151652,366.4206454596968,21182100,MSFT
2023-12-07,363.8800354003906,364.3705058457687,359.33827428643895,361.2118749800961,23118900,MSFT
2023-12-08,367.0975036621094,367.3231008977417,361.2118585847211,362.1633724030031,20154400,MSFT
2023-12-11,364.2232666015625,364.51756677042914,359.1223929698161,361.45703660419446,27708800,MSFT
2023-12-12,367.2445983886719,367.28384440026525,363.3992975227853,363.7818787799653,24838300,MSFT
2023-12-13,367.2347717285156,370.4424670346805,363.7033791572921,368.8533179256787,30955500,MSFT
2023-12-14,358.9556884765625,366.6364723191659,357.1900068696794,366.1950369494752,43277500,MSFT
2023-12-15,363.6642150878906,365.3023695567354,359.2990162951195,359.8581597688427,78502300,MSFT
2023-12-18,365.547607421875,365.89094271187565,361.6532709896756,362.408614614865,21802900,MSFT
2023-12-19,366.14593505859375,366.14593505859375,362.7911046946417,364.4096508615579,20603700,MSFT
2023-12-20,363.5562744140625,368.8631677330293,363.46799333439736,367.852799906723,26316700,MSFT
2023-12-21,366.4206237792969,367.2740374598463,362.98733108269056,365.45929104730993,17708000,MSFT
2023-12-22,367.4407348632813,368.0293052394396,365.60638064073504,366.5578942670101,17107500,MSFT
2023-12-26,367.5192565917969,369.7558002532684,366.3813617554784,367.8527728468658,12673100,MSFT
2023-12-27,366.9405212402344,367.9116430236214,365.7045262897879,366.5677589576593,14905400,MSFT
2023-12-28,368.12744140625,369.2849443001597,367.0287925621367,368.2157224809446,14327000,MSFT
2023-12-29,368.8730163574219,369.9716653516636,366.3618101031722,368.8337703402161,18730800,MSFT
2024-01-02,363.8014526367188,368.73558288926426,359.7795900004408,366.73445558911857,25258600,MSFT
2024-01-03,363.5367126464844,366.14601909825154,361.486549706369,361.9770201686724,23083500,MSFT
2024-01-04,360.9273376464844,365.9889954484458,360.1720240549271,363.6053166389914,20901500,MSFT
2024-01-05,360.740966796875,364.96881910463645,359.5147908390338,361.9377157291655,21004600,MSFT
2024-01-08,367.5487060546875,368.0489954358008,361.9769695664422,362.26142084093584,23134000,MSFT
2024-01-09,368.6277465820313,368.8239167777909,364.1154129764403,364.91979160608497,20830000,MSFT
2024-01-10,375.4747009277344,376.84804200266086,369.1476507008414,369.1966857666869,25514200,MSFT
2024-01-11,377.29925537109375,383.2339350900792,373.1302570741052,378.6431394441378,27850800,MSFT
2024-01-12,381.0660705566406,381.27205974083927,377.3188695476479,378.14285622037966,21661200,MSFT
2024-01-16,382.831787109375,386.52013440392574,380.2322997601581,386.1571910674611,27202300,MSFT
2024-01-17,382.0470581054688,382.6748447223139,377.475869864296,380.5854657264288,22234100,MSFT
2024-01-18,386.3631286621094,386.4808367624356,382.6846008472352,384.2541120354354,23392100,MSFT
2024-01-19,391.0716552734375,391.0716552734375,386.0001785110236,388.21711414753673,29331100,MSFT
2024-01-22,388.9528503417969,392.9845027036078,386.0884900033909,392.395932230134,27016900,MSFT
2024-01-23,391.2972412109375,391.7681035262422,386.42196470997874,388.2072839775827,20525900,MSFT
2024-01-24,394.8875122070313,397.89900754206303,392.8177415608544,393.88696340305137,24867000,MSFT
2024-01-25,397.1535034179688,399.25273113363767,394.858105500646,396.613997943498,21021200,MSFT
2024-01-26,396.23138427734375,398.4287118822507,394.759973173457,396.66300059602537,17803300,MSFT
2024-01-29,401.91107177734375,402.1661259686538,396.6237864171102,398.3208248033987,24510200,MSFT
2024-01-30,400.8025512695313,405.1775383466925,398.7033537683388,404.4026167586847,33477600,MSFT
2024-01-31,390.0024108886719,407.4043201802484,389.639467600293,399.2036399293581,47871100,MSFT
2024-02-01,396.0842895507813,400.2238610760148,394.1420159186215,394.1714429462631,30657700,MSFT
2024-02-02,403.3825073242188,404.7852455891368,395.8684966385469,396.11373185699847,28256700,MSFT
2024-02-05,397.9186096191406,403.32360273615,396.290244380319,402.0876078105048,25352300,MSFT
2024-02-06,397.76165771484375,400.1944015675409,395.23084373526007,398.14423897907153,18382600,MSFT
2024-02-07,406.1585388183594,406.4037740259386,399.6352882839393,399.6745342992148,22340500,MSFT
2024-02-08,406.2173767089844,407.6397528307197,404.6675034305695,406.15852265638233,21225300,MSFT
2024-02-09,412.53460693359375,412.799480086422,407.17867899598485,407.3356331031592,22032800,MSFT
2024-02-12,407.345458984375,412.72099505038886,406.84516963028506,412.54443290280494,21202900,MSFT
2024-02-13,398.5758666992188,402.2543946406928,395.701717385572,397.2221636270064,27824900,MSFT
2024-02-14,402.4282531738281,402.7722233518472,397.59311635632974,401.03275815392834,20401200,MSFT
2024-02-15,399.5487365722656,402.0744232742021,397.3178942663528,401.1015057472966,21825500,MSFT
2024-02-16,397.0918884277344,401.2489518855877,396.4825852713034,400.9246260176193,22296500,MSFT
2024-02-20,395.84381103515625,397.5144761866432,391.1462443294289,396.2860326967427,24307900,MSFT
2024-02-21,395.2443237304688,395.3524423554376,390.3698682526408,393.2690069492409,18518900,MSFT
2024-02-22,404.551025390625,405.7106689082216,401.5241536683513,403.1162117164581,27009900,MSFT
2024-02-23,403.26361083984375,408.6884066709004,401.9172415297094,408.5017108463529,16295900,MSFT
2024-02-26,400.5119018554688,405.05222425854834,400.3349831970826,404.3642838981377,16193500,MSFT
2024-02-27,400.4529418945313,401.2784523382821,396.88553712565647,400.9541264549498,14835800,MSFT
2024-02-28,400.6888122558594,402.241551736694,398.3302065928444,401.1408710933735,13183100,MSFT
2024-02-29,406.5066833496094,407.05702360240457,398.91981558888216,401.5929096701564,31947300,MSFT
2024-03-01,408.3345642089844,408.6981786372304,403.7942424452674,404.1775011699916,17823400,MSFT
2024-03-04,407.7646789550781,410.15276617969135,405.2095102002069,406.3101908967546,17596000,MSFT
2024-03-05,395.7061767578125,407.1061373567677,393.73086019090937,406.8211300941881,26919200,MSFT
2024-03-06,395.1558532714844,398.1729175476419,391.5196786963873,396.0206822488724,22344100,MSFT
2024-03-07,402.0843200683594,402.7132675555228,395.3032878406332,399.1163813277323,18718500,MSFT
2024-03-08,399.2146301269531,403.3422120153882,397.357209279769,400.9246137706761,18002200,MSFT
2024-03-11,397.5439758300781,398.68397503984977,394.34021545583295,396.7971025481086,16120800,MSFT
2024-03-12,408.1183776855469,408.4033849510457,399.77479973523793,400.5904729541975,22457000,MSFT
2024-03-13,407.9414978027344,410.968369200055,404.35444900675975,410.88976201717287,17115900,MSFT
2024-03-14,417.886962890625,420.4421311587594,410.7816354740665,412.9928335922281,34157300,MSFT
2024-03-15,409.23876953125,415.31218703472393,405.67136478668334,412.0592710260042,45079900,MSFT
2024-03-18,410.1232604980469,413.4744581297676,406.6442999374372,407.10619591579865,20106000,MSFT
2024-03-19,414.1426696777344,414.3981955018545,408.3837114296865,410.62439098905713,19837900,MSFT
2024-03-20,417.8968200683594,418.6142118533255,413.4056235884817,414.7225113763612,17860100,MSFT
2024-03-21,421.9654235839844,423.3904300401875,419.7935438740281,422.41748239432127,21296200,MSFT
2024-03-22,421.3463134765625,422.446994132642,418.7223747681048,422.2897797457437,17648500,MSFT
2024-03-25,415.5676574707031,420.03920955948905,414.3392140382831,417.9066185646381,18060500,MSFT
2024-03-26,414.3785400390625,418.6436921137748,414.08372560652526,418.2702405050307,16725600,MSFT
2024-03-27,414.1623229980469,417.1302615081193,411.7840733216957,417.1204243635022,16705000,MSFT
2024-03-28,413.464599609375,414.5947616282559,411.89218593509474,413.70045116356334,21871200,MSFT
2024-04-01,417.2482299804688,420.5109832500247,414.9387501061958,416.6389267777452,16316000,MSFT
2024-04-02,414.1721801757813,415.0959720756304,410.6342569413904,412.8650995128624,17912000,MSFT
2024-04-03,413.1992492675781,415.9607877333754,411.8626872035861,412.49166464341647,16502300,MSFT
2024-04-04,410.673583984375,421.27751676074166,410.3689323931849,417.66095627375125,19370900,MSFT
2024-04-05,418.1818542480469,419.1548019931233,411.1060369628787,412.7668951431704,16554800,MSFT
2024-04-08,417.2679138183594,419.9115269900617,416.00015155596486,417.8379284751944,14272400,MSFT
2024-04-09,418.9286804199219,420.3634939121141,414.3490398303801,419.0859247739188,12496900,MSFT
2024-04-10,415.9608154296875,416.71752584552905,412.46221066374153,414.90926057255786,16216600,MSFT
2024-04-11,420.55023193359375,421.9654011694112,415.07628079166767,418.4766338120234,17966400,MSFT
2024-04-12,414.6242370605469,417.8476715499989,412.5309645735886,416.7371538463039,19253800,MSFT
2024-04-15,406.5066833496094,419.45938357073686,406.3002832613404,419.2431763291892,20273500,MSFT
2024-04-16,407.4305114746094,411.18464237420096,406.5951938062803,407.4207043197357,16765600,MSFT
2024-04-17,404.7377014160156,411.6563030616971,403.2537321874578,410.054408065017,15855500,MSFT
2024-04-18,397.29827880859375,404.7868957018634,396.9838200607476,403.54861503604855,21029900,MSFT
2024-04-19,392.2370910644531,398.4874271893145,390.91036608589934,397.0624207324797,30565800,MSFT
2024-04-22,394.0453796386719,395.9028007169284,388.9252352238132,393.18055056464544,20286900,MSFT
2024-04-23,400.5413513183594,401.1604915950337,396.10911790196513,397.2687612820218,15734500,MSFT
2024-04-24,402.0056457519531,405.3568429660157,399.7649661766944,402.4970231148721,15065300,MSFT
2024-04-25,392.1584777832031,392.9938253486681,381.3383380037112,387.2348667133991,40586500,MSFT
2024-04-26,399.3128967285156,405.8776909237546,398.7625564960581,405.0620177192778,29694700,MSFT
2024-04-29,395.3131103515625,399.3129295050505,392.3058831233316,398.2613746922827,19582100,MSFT
2024-04-30,382.6159057617188,395.2246663994194,382.4586913890698,394.5662074998568,28781400,MSFT
2024-05-01,388.1291809082031,394.7922572147303,383.57902141142335,385.8393454420747,23562500,MSFT
2024-05-02,390.9790954589844,393.0330490212779,387.84410581356497,390.80220682482496,17709400,MSFT
2024-05-03,399.6470336914063,400.1285739017596,394.9297930918896,395.3425632659736,17446700,MSFT
2024-05-06,406.4084167480469,406.7916755135943,399.3620518377186,401.7108501382599,16996600,MSFT
2024-05-07,402.2808532714844,407.5189532422579,402.03516456718575,407.50911609687097,20018200,MSFT
2024-05-08,403.4601745605469,405.1210326153664,399.6962067828019,401.13105042212936,11792300,MSFT
2024-05-09,405.20947265625,405.60256858412407,402.045000951224,403.48965172941627,14689700,MSFT
2024-05-10,407.5877075195313,408.2166849740278,404.698406069441,405.8187609135271,13402300,MSFT
2024-05-13,406.5852966308594,411.13545592488975,403.7353138522874,410.8013229086305,15440200,MSFT
2024-05-14,409.3763122558594,410.2902669665076,404.4527014093116,404.9145973369448,15109300,MSFT
2024-05-15,416.5338745117188,417.25259039103736,410.81377223604346,411.4340293579302,22239500,MSFT
2024-05-16,414.4761657714844,418.8376448328751,413.8460838814957,415.2736305334928,17530100,MSFT
2024-05-17,413.7082824707031,416.3763735645946,411.56201978291415,416.00224831627656,15352200,MSFT
2024-05-20,418.7588806152344,420.1667475860199,413.49165301735496,413.7082502471213,16272100,MSFT
2024-05-21,422.401611328125,426.2707964989618,418.27643943862864,420.2257843102985,21453300,MSFT
2024-05-22,423.8587036132813,425.719474725285,420.5211715226864,423.4353640639669,18073700,MSFT
2024-05-23,420.3932189941406,426.89110613989686,418.8376788510908,426.2708490423147,17211700,MSFT
2024-05-24,423.5043029785156,424.3903716147688,417.84327052223153,420.5802554471063,11855300,MSFT
2024-05-28,423.6618347167969,424.1540984130066,419.99939161518114,422.98250841239616,15718000,MSFT
2024-05-29,422.5296325683594,424.27223522977,419.1034664398289,419.1034664398289,15517100,MSFT
2024-05-30,408.2539978027344,417.7349716036768,407.8306281783295,417.7349716036768,28394500,MSFT
2024-05-31,408.7068481445313,410.3017776619535,398.2511723788605,410.3017776619535,47995300,MSFT
2024-06-03,407.1217346191406,409.9867127825708,402.59293289369214,409.10064418608687,17484700,MSFT
2024-06-04,409.6323547363281,409.9966250957063,403.3412097338974,406.0486602967713,14348900,MSFT
2024-06-05,417.449462890625,417.5183569725432,409.8587351784671,411.3453811328119,16988000,MSFT
2024-06-06,417.9515380859375,418.7293231019465,414.0724979392672,417.44944957036887,14861300,MSFT
2024-06-07,417.29193115234375,419.6843254469309,416.4550768800314,419.60557647742206,13621700,MSFT
2024-06-10,421.2496948242188,421.4564371463653,417.3312953641021,418.12876008062784,13982900,MSFT
2024-06-11,425.9853820800781,426.1232303617669,418.6703494406639,418.8968015982681,14551100,MSFT
2024-06-12,434.2356262207031,436.5394165910894,426.5464700981564,428.58444890305617,22366200,MSFT
2024-06-13,434.7476196289063,436.52964196122593,432.57182236972,434.0289338170149,15960600,MSFT
2024-06-14,435.7222595214844,436.2834473000101,429.962768739338,431.4986289418585,13582000,MSFT
2024-06-17,441.43255615234375,443.9627988421197,433.9009273701985,435.7419888452348,20790000,MSFT
2024-06-18,439.4339294433594,443.1751513635572,438.0063828272257,442.7517817727517,17112500,MSFT
2024-06-20,438.8038940429688,439.6210386019516,434.442414629224,439.3945864733692,19877400,MSFT
2024-06-21,442.8207092285156,443.6083190884872,439.6013156180092,440.4578496032106,34187100,MSFT
2024-06-24,440.743408203125,445.74479433203504,439.5028940256874,442.8404263927747,15913700,MSFT
2024-06-25,443.97265625,444.4353853435752,439.83762902888526,441.3144201727987,16413400,MSFT
2024-06-26,445.1639404296875,446.58166237734525,441.2553652071883,442.0528300470716,16507000,MSFT
2024-06-27,445.8432922363281,449.1119308047906,444.77998569217993,445.1836455797366,14806300,MSFT
2024-06-28,440.0345458984375,448.3341049043701,439.50289267468526,446.059848949654,28362300,MSFT
2024-07-01,449.6631774902344,450.293259356771,438.7644527545888,441.7180347396165,17662800,MSFT
2024-07-02,452.1737060546875,452.478907120072,446.099159273985,446.1877931726741,13979800,MSFT
2024-07-03,453.640625,453.8867568205485,450.79535677806246,451.1005578319114,9932800,MSFT
2024-07-05,460.32562255859375,461.10340760685847,451.8685359116121,452.4986178155469,16000300,MSFT
2024-07-08,459.0260314941406,460.46346308739743,457.2735739768986,459.33123257528905,12962300,MSFT
2024-07-09,452.4296875,460.0991335961139,450.9135070330751,459.7742528044674,17207200,MSFT
2024-07-10,459.035888671875,459.24263100795065,451.76021694759896,454.0837171765978,18196100,MSFT
2024-07-11,447.6645812988281,457.5886033952175,444.5632962261541,455.81646624973735,23111200,MSFT
2024-07-12,446.5323791503906,449.29889867197954,443.6772557704516,447.3003093014831,16324300,MSFT
2024-07-15,446.9360656738281,450.185024234339,444.4452124667996,446.286273961726,14429400,MSFT
2024-07-16,442.5647583007813,447.27079820143007,439.7490242805094,447.19204922721934,17175700,MSFT
2024-07-17,436.6575622558594,437.9670004651751,432.38471713490526,435.7419590253815,21778000,MSFT
2024-07-18,433.5563049316406,437.770080793845,427.6786754419279,437.4648797185402,20794800,MSFT
2024-07-19,430.3467712402344,434.3144456334854,425.31585048613374,426.39883667006126,20940400,MSFT
2024-07-22,436.0865173339844,437.7208362299543,432.11887358350543,434.9543169670971,15808800,MSFT
2024-07-23,437.967041015625,441.4522765923751,436.2441179825544,437.0317279223722,13107100,MSFT
2024-07-24,422.2637939453125,434.64916540683873,420.9740654607642,433.6351033912307,26805800,MSFT
2024-07-25,411.9262390136719,423.1498448431678,411.0500252919827,422.1653174889069,29943800,MSFT
2024-07-26,418.6899719238281,422.28352110182095,410.8137524352177,411.72938578526725,23583800,MSFT
2024-07-29,420.1274108886719,425.46353285919287,418.12882136064246,424.9023450000168,15125800,MSFT
2024-07-30,416.3763122558594,422.41143955979663,410.9023126509883,421.1020314288797,32687600,MSFT
2024-07-31,411.87701416015625,415.2539356882569,405.8320019373709,413.9937419087569,42891400,MSFT
2024-08-01,410.65618896484375,420.84605305704525,406.69839983005807,414.2792724511176,30296400,MSFT
2024-08-02,402.1695556640625,408.57883813707474,398.08377329176966,406.1076649473114,29437900,MSFT
2024-08-05,389.0360107421875,394.83489176821496,379.6140759587015,383.1485558976655,40709200,MSFT
2024-08-06,393.427001953125,399.3932659734361,392.33419089963513,393.8109820824443,24946500,MSFT
2024-08-07,392.2652282714844,403.7349659899612,391.3200904199489,402.3172742353533,20650900,MSFT
2024-08-08,396.4593811035156,399.5803164509288,393.7519304803944,396.2132492286864,20203000,MSFT
2024-08-09,399.73779296875,401.73638233312255,396.0359904789914,397.7785931119872,19276700,MSFT
2024-08-12,400.5155944824219,402.43543495594565,397.98535182009545,400.7617263356741,16762900,MSFT
2024-08-13,407.6041564941406,408.5296145584245,403.2328528848732,403.25253261450456,19414300,MSFT
2024-08-14,410.4100646972656,411.2567738583692,406.0683254390975,408.3819407203729,18267000,MSFT
2024-08-15,415.2626953125,415.3415862221362,411.9388626649199,414.0495331175792,20752100,MSFT
2024-08-16,412.7377624511719,415.5684441235936,411.5837759699612,414.8385903403338,22775600,MSFT
2024-08-19,415.755859375,415.9728470077707,410.75530126947416,413.22105614207504,15234000,MSFT
2024-08-20,418.9810791015625,420.0265568174448,415.8643912576991,415.92356696995296,16387600,MSFT
2024-08-21,418.3301086425781,420.5591305026096,415.943244764668,418.27090283610073,16067300,MSFT
2024-08-22,409.8577270507813,420.94378045645306,408.9306008917766,418.5470440541718,19361900,MSFT
2024-08-23,411.0807800292969,413.51694694228206,406.4451490290269,411.2681797994915,18493800,MSFT
2024-08-26,407.825927734375,411.5640200400143,405.7053848526477,410.6664817766791,13152800,MSFT
2024-08-27,408.1711730957031,408.6840392458711,404.6303529004273,407.2045864016282,13492900,MSFT
2024-08-28,404.9755554199219,409.315277644923,401.7306138271053,409.19692623598894,14882700,MSFT
2024-08-29,407.46099853515625,416.26866646600354,404.9755288122078,409.2560750515013,17045200,MSFT
2024-08-30,411.4259948730469,411.7711764633265,406.4846126518204,409.9070814975428,24308300,MSFT
2024-09-03,403.8314514160156,414.1284456363182,401.45446023053216,412.1854296938012,20313600,MSFT
2024-09-04,403.29888916015625,405.6068322704441,398.8309422223781,400.34985575804666,15135800,MSFT
2024-09-05,402.7958068847656,407.4412799387572,400.5667551830583,402.036335234427,14195500,MSFT
2024-09-06,396.197509765625,405.0248942566708,395.3098139211049,403.4566777506577,19609500,MSFT
2024-09-09,400.1624145507813,403.0522719406784,396.6413094868822,401.6615826272171,15295100,MSFT
2024-09-10,408.5262756347656,410.627073483588,402.11531302402886,402.6084639940855,19594300,MSFT
2024-09-11,417.2452087402344,418.1821775855184,403.9695620775317,409.80848319257257,19266900,MSFT
2024-09-12,421.1509399414063,421.5158668532968,414.000250680106,417.51148327493246,17395700,MSFT
2024-09-13,424.6917419433594,425.914746697553,419.6320082561189,419.9969351521576,15874600,MSFT
2024-09-16,425.4314575195313,427.5914610863902,422.3542004104568,424.7016037460969,13834700,MSFT
2024-09-17,429.1892395019531,435.7974738673972,426.34868538784633,434.199669703098,18874200,MSFT
2024-09-18,424.90869140625,430.05718819229855,424.5141766919007,429.041298505566,18898000,MSFT
2024-09-19,432.6807556152344,435.45226137137865,430.9152668977704,435.18597071101885,21706600,MSFT
2024-09-20,429.3076171875,433.2232369345761,428.2720122322932,431.2309179323644,55167100,MSFT
2024-09-23,427.5717468261719,430.4813193750194,424.4944897103184,428.3311884542686,15128900,MSFT
2024-09-24,423.2911987304688,427.4139334394583,420.2632446802758,427.0687217553129,17015800,MSFT
2024-09-25,426.1909484863281,427.1871231515397,422.6994610311912,423.94218110016,13396400,MSFT
2024-09-26,425.4018859863281,429.3372210826113,423.251754987828,429.1301061037402,14492000,MSFT
2024-09-27,422.1568908691406,425.9344436660322,421.6144369121871,425.6089472122261,14896100,MSFT
2024-09-30,424.4056701660156,424.5240516705587,419.54320931350645,422.3443029301565,16807300,MSFT
2024-10-01,414.9273681640625,422.6106687530044,413.07311568923785,422.5810808985996,19092900,MSFT
2024-10-02,411.4161376953125,417.0281982052677,411.0018776320328,416.7914652693021,16582300,MSFT
2024-10-03,410.8341979980469,413.8029462214933,408.61501874387466,411.90926344701154,13686400,MSFT
2024-10-04,410.36077880859375,414.00023534021534,409.28571331626097,412.5109097932594,19169700,MSFT
2024-10-07,403.9300537109375,411.3963355742429,403.3974423030078,410.3015550074602,20919800,MSFT
2024-10-08,409.0292663574219,409.966265233936,402.578873384896,405.27145839926953,19229300,MSFT
2024-10-09,411.7415771484375,414.6215919010832,408.62485957486433,410.1634881099829,14974300,MSFT
2024-10-10,410.143798828125,411.6331244028535,407.49064417755886,409.54216908706456,13848400,MSFT
2024-10-11,410.6171875,411.4160895790265,407.58923364023417,410.4396603934482,14144900,MSFT
2024-10-14,413.3985595703125,418.2314324717677,411.8007253371844,412.047300792356,16653100,MSFT
2024-10-15,413.0040893554688,416.6928792987612,409.5717776632741,416.3969706393853,18900200,MSFT
2024-10-16,410.419921875,410.6566246876472,404.8571950809856,409.4829531752425,15508900,MSFT
2024-10-17,411.01177978515625,416.7126042679644,409.8972536844407,416.57450753710987,14820000,MSFT
2024-10-18,412.4320373535156,413.90161766396704,410.5580696214905,411.4260201751563,17145300,MSFT
2024-10-21,413.0435180664063,413.2210451886365,408.0824205982212,410.4199513395574,14206100,MSFT
2024-10-22,421.6539916992188,424.6819160644371,412.3137102440662,412.75752809912296,25482200,MSFT
2024-10-23,418.7838439941406,425.1750618243365,416.742191587473,424.9580741758084,19654400,MSFT
2024-10-24,418.9120178222656,420.144895200207,416.6139175340375,419.5037748840412,13581600,MSFT
2024-10-25,422.2851867675781,426.5953216047658,420.7268428827928,420.914242666979,16899100,MSFT
2024-10-28,420.74652099609375,426.0232421444704,420.46048501920137,425.7470788183642,14882400,MSFT
2024-10-29,426.0330810546875,427.2363704730416,419.96730081243857,422.1371768453861,17644100,MSFT
2024-10-30,426.6051635742188,432.4933871760131,426.1810609771617,431.4479095602445,29749100,MSFT
2024-10-31,400.7838134765625,410.4594334413064,400.7344803180944,409.6703738017444,53971000,MSFT
2024-11-01,404.7487182617188,409.8084519793405,401.9180365381017,403.40736208449033,24230400,MSFT
2024-11-04,402.8648681640625,404.7980415718176,400.01447130701087,404.1865091063775,19672300,MSFT
2024-11-05,405.8237915039063,409.21667261639857,402.4900861003897,402.7761220934701,17626000,MSFT
2024-11-06,414.4243469238281,414.6906677145501,404.8966664565658,406.770664244806,26681800,MSFT
2024-11-07,419.6023864746094,421.0029483375747,414.12842327754487,415.5092398399127,19901800,MSFT
2024-11-08,416.7520446777344,420.6577920683621,416.00244554535874,419.4939629624982,16891400,MSFT
2024-11-11,412.28411865234375,418.9909603752076,410.3016419524007,416.7323203125478,24503300,MSFT
2024-11-12,417.23529052734375,418.6259798148705,411.485163708279,412.5207686609151,19401200,MSFT
2024-11-13,419.3755798339844,423.4489813965326,412.4813090867046,415.8643474786666,21502200,MSFT
2024-11-14,421.04248046875,422.30494584048273,414.2468451563775,419.1783552177629,30246900,MSFT
2024-11-15,409.3153076171875,417.0084507566798,407.9739514183208,414.0692902211144,28247600,MSFT
2024-11-18,410.06488037109375,412.6687016895816,406.45501186857297,409.1870572477352,24727000,MSFT
2024-11-19,412.0671081542969,412.2150474297726,405.9125633985823,407.4511920626241,18133500,MSFT
2024-11-20,409.798583984375,411.57394553855335,404.9558378403451,411.1596854793811,19191700,MSFT
2024-11-21,408.0296020507813,414.8585944158468,405.4798626489652,414.5818782779769,20780200,MSFT
2024-11-22,412.1111450195313,412.50644943843054,406.2407824115055,406.547145598137,24814600,MSFT
2024-11-25,413.8801574707031,416.143288030705,409.9863472135053,413.4749606494442,27691100,MSFT
2024-11-26,422.9723205566406,424.0100286609721,413.9394917851935,414.67080652096905,23458900,MSFT
2024-11-27,418.0309448242188,422.22125646736464,417.0723156931925,420.1260855658935,18332400,MSFT
2024-11-29,418.4953918457031,419.89875718802,412.9017454606376,415.1649061905191,16271900,MSFT
2024-12-02,425.92724609375,427.9235529659965,416.370602899235,416.6275643373692,20207200,MSFT
2024-12-03,426.1446838378906,427.3997836787713,422.725226676786,424.800612603748,18302000,MSFT
2024-12-04,432.291748046875,434.5153692878957,427.5578970490266,427.953201459916,26009400,MSFT
2024-12-05,437.4307861328125,439.4468779302167,431.0564230401268,432.7859063083414,21697800,MSFT
2024-12-06,438.3696899414063,440.87002757046025,436.5907746503493,437.1145598403157,18821000,MSFT
2024-12-09,440.7908935546875,443.0738089240489,435.3356203613735,437.4110061952819,19144400,MSFT
2024-12-10,438.1324462890625,444.34871163189086,436.4227478753231,439.1800467406791,18469500,MSFT
2024-12-11,443.7261047363281,445.0701760009867,438.8440180787416,438.8440180787416,19200200,MSFT
2024-12-12,444.2894287109375,450.8120574082061,443.8446923743848,443.8446923743848,20834800,MSFT
2024-12-13,442.0262451171875,446.13747735633456,440.3560560775405,443.1825414368637,20177800,MSFT
2024-12-16,446.2956237792969,446.8787030896928,440.0596036741231,442.02626356510217,23598800,MSFT
2024-12-17,449.1319885253906,449.9522746519603,444.2993336430134,445.7224537683285,22733500,MSFT
2024-12-18,432.2621154785156,447.3431888706938,431.8964279723808,446.0287948744165,24444500,MSFT
2024-12-19,431.90631103515625,437.9842031344139,431.2046434354816,436.44249480171817,22963700,MSFT
2024-12-20,431.48138427734375,438.5376604876813,423.6048219518138,428.03227991601136,64263700,MSFT
2024-12-23,430.1471862792969,432.51904296318025,427.7555447705133,431.6197080642481,19152500,MSFT
2024-12-24,434.1793212890625,434.4461751355928,429.0995978702605,429.5541964268554,7164500,MSFT
2024-12-26,432.9736633300781,435.7705018127553,431.5110338839644,433.9322924323696,8194200,MSFT
2024-12-27,425.4825134277344,430.1175308072659,421.35152651661633,429.5048044431988,18117700,MSFT
2024-12-30,419.849365234375,422.5374777077036,416.9537232035626,421.0649558192297,13158700,MSFT
2024-12-31,416.5583801269531,421.727075036825,415.72823181420273,421.1044562623139,13246500,MSFT
2025-01-02,413.6726379394531,421.0748471756245,409.98638702094667,420.5411695836378,16896500,MSFT
2025-01-03,418.38671875,419.0587393010629,414.62138898974536,416.1433125624827,16662900,MSFT
2025-01-06,422.833984375,429.2281326887413,420.491774572373,422.9822197752049,20573600,MSFT
2025-01-07,417.418212890625,425.6011386030249,415.8666120215368,423.9704889084133,18139100,MSFT
2025-01-08,419.5825500488281,421.96429936103294,416.5979667184096,418.49544017357744,15054600,MSFT
2025-01-10,414.0382995605469,419.73074959963856,410.15435142162687,419.651700779007,20201100,MSFT
2025-01-13,412.2989807128906,413.5936202176339,407.4564330075351,410.3718299167744,17604800,MSFT
2025-01-14,410.7967834472656,414.8190446806072,405.90480416806594,412.9116788431012,16935900,MSFT
2025-01-15,421.3119812011719,423.1304056035061,413.3662329233126,414.2161660512409,19637800,MSFT
2025-01-16,419.6022644042969,424.45470380326,419.4145196873236,423.6739873785901,15300000,MSFT
2025-01-17,424.0000915527344,429.3862083308609,423.1501885882937,429.0007661773637,26197500,MSFT
2025-01-21,423.4763793945313,425.8482363976868,420.61038425906,425.15646110832375,26085700,MSFT
2025-01-22,440.9688720703125,442.0263047297872,430.8884423191116,432.4301508467356,27803800,MSFT
2025-01-23,441.4728393554688,441.5123788470024,436.3239289556834,436.81806704057095,18389300,MSFT
2025-01-24,438.8539123535156,441.4135440071518,436.225094129831,439.94102216929423,15549500,MSFT
2025-01-27,429.46527099609375,430.0977821935737,418.5349394529168,419.0389699284215,35647800,MSFT
2025-01-28,441.95709228515625,443.1232508667098,426.32255685114393,429.5048071593075,23491700,MSFT
2025-01-29,437.1441650390625,441.6408395030523,435.236799356433,441.45306462654537,23581400,MSFT
2025-01-30,410.1246948242188,417.9024230144378,408.31616280623206,413.8603773280775,54586300,MSFT
2025-01-31,410.1938781738281,415.7578774765854,410.04564278987584,414.0679337799429,34161900,MSFT
2025-02-03,406.1024475097656,410.5397977577241,403.8689337668832,406.774468051233,25679100,MSFT
2025-02-04,407.5354309082031,409.0672770356713,404.9362598096777,407.8516865143663,20532100,MSFT
2025-02-05,408.4446716308594,408.9783190539917,405.5885389886856,407.515689607161,16316700,MSFT
2025-02-06,410.9450378417969,413.2971401442444,409.1463678270079,409.1463678270079,16309800,MSFT
2025-02-07,404.9461669921875,413.7418190108213,403.3155173181378,411.59727657785896,22886800,MSFT
2025-02-10,407.3872375488281,410.5892429521528,406.1024904859577,408.8597595122439,20817900,MSFT
2025-02-11,406.6163635253906,407.65404147500567,404.5014379734868,404.8374784232517,18140600,MSFT
2025-02-12,404.2444763183594,405.93442005448907,399.6292135248499,402.435914112503,19121700,MSFT
2025-02-13,405.7268981933594,406.1814967766394,401.5958809737979,402.2283921851393,23891700,MSFT
2025-02-14,403.6416320800781,404.1160155029715,401.1215398904841,403.0091510093491,22758500,MSFT
2025-02-18,404.8374938964844,405.7862306432336,401.7342920226082,403.2167063843153,21423100,MSFT
2025-02-19,409.90728759765625,410.61884763156144,402.8707662400353,403.098080611906,24114200,MSFT
2025-02-20,412.0759887695313,415.2250013636158,408.5209668454768,411.24417583261857,23508700,MSFT
2025-02-21,404.2331237792969,413.97725680128366,403.9162642540701,413.27418223243296,27524800,MSFT
2025-02-24,400.0641479492188,405.381827456766,395.429748735741,404.5302202614153,26443700,MSFT
2025-02-25,394.0235595703125,398.00441513588805,392.8352683816966,397.1923965138258,29387400,MSFT
2025-02-26,395.8357543945313,399.6680471786912,390.40913086553707,394.1325097993192,19619000,MSFT
2025-02-27,388.7058410644531,401.7871363921192,388.34936280983527,397.36068340902,21127400,MSFT
2025-02-28,393.1224060058594,393.7561854578909,382.80393739721217,388.8346033379453,32845700,MSFT
2025-03-03,384.7052001953125,394.9345790531096,382.3979130752632,394.9345790531096,23007700,MSFT
2025-03-04,384.8240356445313,388.7553599770303,377.2881889484286,379.6648014174362,29342900,MSFT
2025-03-05,397.1131591796875,397.7568509049982,385.0221202960428,385.54695570418704,23433100,MSFT
2025-03-06,393.02337646484375,398.2321111971438,388.8543699652718,390.4387882624292,23304600,MSFT
2025-03-07,389.4783020019531,390.9537764879466,381.7840095954452,388.4979564275301,22034100,MSFT
2025-03-10,376.4563903808594,382.6355890788174,373.5450301742595,382.08104715568106,32840100,MSFT
2025-03-11,376.74359130859375,382.23950999896846,373.2380702422645,375.3077054134949,30380200,MSFT
2025-03-12,379.5361022949219,381.4671171244127,375.2582114968026,379.2192427611773,24253600,MSFT
2025-03-13,375.0799255371094,381.5661320778761,373.7728082450696,379.4271716632625,20473000,MSFT
2025-03-14,384.7745361328125,386.4282798172616,375.8127158813028,376.08007458561946,19952800,MSFT
2025-03-17,384.9132080078125,388.88412112316473,381.813696346666,382.9326924641042,22474300,MSFT
2025-03-18,379.78363037109375,383.5961286419255,377.38722360904,383.2990634136601,19486900,MSFT
2025-03-19,384.0417785644531,385.8836435250732,380.2589866011294,381.7740797920575,19185500,MSFT
2025-03-20,383.07135009765625,387.97313863322194,379.5460345045817,381.98206039861145,18470500,MSFT
2025-03-21,387.4482727050781,387.9235771034519,379.07067004050685,379.4865916093534,39675900,MSFT
2025-03-24,389.25048828125,391.54789342681113,386.0123564410982,391.54789342681113,21004500,MSFT
2025-03-25,391.3102416992188,392.49853282327706,388.8148031404558,390.082331804945,15775000,MSFT
2025-03-26,386.17083740234375,391.45881045430576,384.7844825194778,391.1518329523951,16108400,MSFT
2025-03-27,386.77490234375,388.41873402068063,383.6258895962636,386.3293044381274,13766800,MSFT
2025-03-28,375.109619140625,385.3389984995421,373.2578420054409,384.2992097422753,21632000,MSFT
2025-03-31,371.7329406738281,373.3965667515317,363.6623143284783,368.9106995154148,35184700,MSFT
2025-04-01,378.4666137695313,379.120187514209,369.59391274714585,371.0000618357784,19689500,MSFT
2025-04-02,378.4171142578125,381.3284442645314,372.95087209109226,374.2877261088344,16092600,MSFT
2025-04-03,369.4750671386719,373.80251903809335,365.7517184220645,371.13872318254886,30198000,MSFT
2025-04-04,356.3343200683594,370.9406208534255,355.97784180916346,360.5825339787073,49209900,MSFT
2025-04-07,354.3736267089844,367.3856281525139,341.43098078163547,347.4616469003483,50425000,MSFT
2025-04-08,351.1058044433594,370.00982228854286,346.8377957272636,364.6723484414274,35868900,MSFT
2025-04-09,386.6857299804688,389.39905670107095,349.66000929830324,350.0957251156184,50199700,MSFT
2025-04-10,377.63482666015625,380.15997201946135,364.21681503291546,378.3379012524662,38024400,MSFT
2025-04-11,384.6656188964844,386.2500070536301,375.1987576222842,376.9317086118959,23839200,MSFT
2025-04-14,384.0318603515625,390.8052198187617,380.4669263634922,389.38915847164185,19251200,MSFT
2025-04-15,381.9721374511719,388.0721288920929,380.4174255118224,384.7250528209778,17199900,MSFT
2025-04-16,367.9896545410156,377.8922316795949,364.4148386997168,376.9614172312142,21967800,MSFT
2025-04-17,364.1969909667969,370.6732850580017,363.3156772913849,370.10883089247193,21120200,MSFT
2025-04-21,355.62139892578125,360.9291967860095,352.2050274305898,359.28536510699473,20807300,MSFT
2025-04-22,363.246337890625,364.1870645763753,356.3541225187108,359.8398489744652,19485000,MSFT
2025-04-23,370.74261474609375,376.68416126561135,369.3859362391119,372.3963282706759,20545500,MSFT
2025-04-24,383.5267639160156,384.6655843545682,371.5347586504801,372.0397997068725,22232300,MSFT
2025-04-25,388.0325012207031,388.33947870229,380.8531326101871,383.2297451406492,18973200,MSFT
2025-04-28,387.3492431640625,388.9138371850431,382.8732888048125,388.1414373128656,16579400,MSFT
2025-04-29,390.201171875,391.2508426713115,386.5768248872523,387.48784509297593,14974000,MSFT
2025-04-30,391.4092712402344,392.7956259870468,380.69467558939255,386.4975712511458,36461100,MSFT
2025-05-01,421.2556762695313,432.7327609318022,420.7605473528486,426.91004003637113,58938100,MSFT
2025-05-02,431.0393981933594,435.1588741169636,425.8009261614823,427.533877248033,30757400,MSFT
2025-05-05,431.9207458496094,435.2182909345157,427.9002714913439,428.652877068793,20136100,MSFT
2025-05-06,429.0885620117188,433.4655143471482,426.9694262460728,427.98939046931366,15104200,MSFT
2025-05-07,429.1282043457031,433.8517229596541,426.9100064238295,429.61342097536215,23295300,MSFT
2025-05-08,433.9012451171875,439.3476626606329,431.4156885314204,433.6635627109641,23491300,MSFT
2025-05-09,434.4557800292969,436.4461774951318,431.6335394854884,435.7133964534002,15324200,MSFT
2025-05-12,444.88323974609375,444.99215360102,435.495584693897,441.59557651706575,22821900,MSFT
2025-05-13,444.7643737792969,446.27946690563454,441.0211705280613,443.4176075446257,23618800,MSFT
2025-05-14,448.52734375,449.4779827199474,443.7741186799948,443.7741186799948,19902800,MSFT
2025-05-15,449.539306640625,452.5750561297104,446.86068990284366,447.19799203765865,21992300,MSFT
2025-05-16,450.6702270507813,450.7595102326154,445.17414935289,448.4678177382938,23849800,MSFT
2025-05-19,455.2337646484375,455.9480603525366,447.2277066057748,447.3070896149787,21336500,MSFT
2025-05-20,454.5393371582031,454.70797307292094,450.7198396549624,451.9797648957129,15441800,MSFT
2025-05-21,448.9837341308594,454.1524403651085,448.22974686474834,450.967885651573,19216900,MSFT
2025-05-22,451.2555847167969,456.6028878213618,450.3032004241896,451.344898181628,18025600,MSFT
2025-05-23,446.6126403808594,450.0948358464348,445.3527151156796,446.4142434023006,16883500,MSFT
2025-05-27,457.0393676757813,457.2973170522405,452.5055743512772,452.8627373552784,20974300,MSFT
2025-05-28,453.7357177734375,458.8548319074409,453.309132497874,457.56514563572654,17086300,MSFT
2025-05-29,455.0453186035156,458.0612374989779,451.702028016876,457.8925712924165,13974800,MSFT
2025-05-30,456.7119445800781,458.021491741184,451.93016282180776,456.0770318895628,34770500,MSFT
2025-06-02,458.3092346191406,458.4481094805028,453.2695031394806,453.5175220765372,16626500,MSFT
2025-06-03,459.30126953125,460.46201137480375,457.20797414521616,457.8131560412176,15743800,MSFT
2025-06-04,460.1941528320313,461.9997378828715,459.35088242690273,460.3231275179124,14162700,MSFT
2025-06-05,463.9739685058594,465.9283588981049,460.3528981592645,461.2755213187348,20131700,MSFT
2025-06-06,466.652587890625,469.58912358157227,465.0652606634985,466.3648774509946,15285600,MSFT
2025-06-09,469.0038146972656,469.6784189466736,464.906536971708,465.9779957450024,16469900,MSFT
2025-06-10,467.1883239746094,469.0534009468453,463.25968221899245,467.45617352695865,15375900,MSFT
2025-06-11,468.8748168945313,471.7022387212418,465.93828127215454,466.29541399515057,16399200,MSFT
2025-06-12,475.0752868652344,476.6130223697302,469.7676758011157,471.2557893550323,18950600,MSFT
2025-06-13,471.1962890625,475.3828499324856,469.0137405811006,472.6348110082228,16814500,MSFT
2025-06-16,475.3431701660156,476.8808754060361,471.2359621947383,471.4442896166044,15626100,MSFT
2025-06-17,474.25189208984375,474.9463269378011,470.3232503868908,471.63279762120845,15414100,MSFT
2025-06-18,476.4344177246094,477.1884049341582,470.7002214709418,474.2121778763568,17526500,MSFT
2025-06-20,473.6169738769531,479.6289507141904,473.09117492174096,478.4087168746746,37576200,MSFT
2025-06-23,482.1488037109375,483.884936234588,468.7657118311512,474.4205253141637,24864000,MSFT
2025-06-24,486.2261962890625,487.9524285572733,482.9424282150726,485.0754151445847,22305600,MSFT
2025-06-25,488.3691101074219,490.6409720128423,485.5119574284625,488.1409520653471,17495100,MSFT
2025-06-26,493.5080871582031,494.0934082095605,488.9048412091741,489.0735074056833,21578900,MSFT
2025-06-27,492.0100402832031,495.3434002058453,489.1230962739066,493.60726767719865,34539200,MSFT
2025-06-30,493.4684143066406,496.7918742042072,491.4048797426009,493.101351114434,28369000,MSFT
2025-07-01,488.1508483886719,494.10330273882704,487.0893503724631,492.53583641461546,19945400,MSFT
2025-07-02,487.198486328125,489.5893925672679,484.82744098086494,486.107196925814,16319600,MSFT
2025-07-03,494.8870849609375,496.1668712111537,489.52988173373706,489.8969449330373,13984800,MSFT
2025-07-07,493.7759399414063,494.7977767455099,491.3056810299541,493.4386378219278,13981600,MSFT
2025-07-08,492.68463134765625,494.2521279146218,490.1945116420166,493.2997134401056,11846600,MSFT
2025-07-09,499.5200500488281,502.76412671878114,495.77990524850594,496.3354652236218,18659500,MSFT
2025-07-10,497.5061645507813,500.4427003321828,493.8057110553557,499.0637004891913,16492100,MSFT
2025-07-11,499.33154296875,501.0279839194423,493.85526578992295,494.5199698227688,16459500,MSFT
2025-07-14,499.033935546875,499.9764196247383,497.0597144820079,497.5458219138798,12058800,MSFT
2025-07-15,501.8117370605469,504.27206541624594,498.805748905247,499.033906939414,14927200,MSFT
2025-07-16,501.61334228515625,502.70463167926073,497.9129190668174,501.1768265275145,15154400,MSFT
2025-07-17,507.6451721191406,509.3019216630888,501.6133346197656,501.67285674255714,17503100,MSFT
2025-07-18,506.0082092285156,510.5618634291492,503.4089756844231,510.4030974050004,21209700,MSFT
2025-07-21,506.0181579589844,508.03210080948105,501.54388660874696,502.69469811942383,14066800,MSFT
2025-07-22,501.26611328125,507.1491456054249,501.26611328125,506.92095727911294,13868600,MSFT
2025-07-23,501.861328125,502.7740510878013,496.7323137246232,502.7343595827018,16396600,MSFT
2025-07-24,506.8316650390625,509.5995345886751,503.28001689239056,504.7383694588984,16107000,MSFT
2025-07-25,509.6392517089844,514.1829150146133,506.3157616392057,508.409026924469,19125700,MSFT
2025-07-28,508.4388122558594,510.91900158393673,506.07766717141,510.0063088656235,14308000,MSFT
2025-07-29,508.5082702636719,513.5182406496896,507.5062640761688,511.4448362580723,16469200,MSFT
2025-07-30,509.1729431152344,511.86149016920456,505.4030674134904,511.08764202727673,26380400,MSFT
2025-07-31,529.2723388671875,551.0484106553389,527.6850421089878,550.8301225339796,51617300,MSFT
2025-08-01,519.956787109375,531.5541546097426,516.7325410439772,530.7605061500977,28977600,MSFT
2025-08-04,531.3954467773438,533.9847498429226,523.9449485218581,524.0838536533402,25349000,MSFT
2025-08-05,523.5679321289062,533.0422426180032,523.0619638515897,532.9231983823397,19171600,MSFT
2025-08-06,520.7802124023438,527.4866537198485,519.8774501718309,526.6930052823053,21355700,MSFT
2025-08-07,516.7127075195312,523.9052559727172,513.4487398823029,522.6254396329194,16079100,MSFT
2025-08-08,517.9032592773438,520.5024931820143,515.2940949258492,518.4588193359411,15531000,MSFT
2025-08-11,517.6353759765625,523.4092640243366,515.6015722772428,518.1611446296885,20194400,MSFT
2025-08-12,525.0462036132812,526.7724058726347,518.5580494708657,519.5997169841131,18667000,MSFT
2025-08-13,516.4547729492188,528.478725311786,515.2543395813665,527.8933740196283,19619200,MSFT
2025-08-14,518.3396606445312,521.7821945996749,516.0182375574066,518.4190436500928,20269100,MSFT
2025-08-15,516.0480346679688,521.9310366989816,514.9667059909838,518.6274679925785,25213300,MSFT
2025-08-18,513.0023193359375,518.6770238166106,509.9467697824549,517.4567900842618,23760600,MSFT
2025-08-19,505.73046875,511.0777415589167,504.5201350651639,510.919036073865,21481000,MSFT
2025-08-20,501.7125244140625,506.9506829011106,500.4426687285887,505.8296325155463,27723000,MSFT
2025-08-21,501.0666198730469,504.43529989468334,499.5561967172581,500.5200933584279,18443300,MSFT
2025-08-22,504.0378112792969,507.5157843906416,499.248138173549,501.07655468445085,24324200,MSFT
2025-08-25,501.0865173339844,504.9917771303553,500.9473838488724,503.44159720621536,21638600,MSFT
2025-08-26,498.8804931640625,501.801993130018,495.3727099158942,501.1858695359189,30835700,MSFT
2025-08-27,503.5509033203125,504.09746017877256,496.75395340313815,498.8407434548062,17277900,MSFT
2025-08-28,506.4326477050781,507.8735040841052,502.3186878124423,503.8986776721373,18015600,MSFT
2025-08-29,503.5011901855469,506.39287997665497,501.3150235761296,505.458793364042,20961600,MSFT
2025-09-02,501.9410705566406,502.81553721257154,493.6833711758906,497.32034095368414,18128000,MSFT
2025-09-03,502.1696472167969,504.5942937991858,499.1587173668126,500.6194673133705,16345100,MSFT
2025-09-04,504.7731628417969,504.95202275876863,499.983489561643,501.1262461318779,15509500,MSFT
2025-09-05,491.884765625,508.74796779288187,489.27131242222254,505.86622472604114,31994800,MSFT
2025-09-08,495.0646362304688,498.0457560062632,491.91457299081776,494.97517595073856,16771000,MSFT
2025-09-09,495.2733154296875,499.0891451753406,494.5677922273047,498.2742984765216,14410500,MSFT
2025-09-10,497.2209777832031,500.06299449245154,493.5939546766565,499.8145678368591,21611800,MSFT
2025-09-11,497.8569946289063,500.0034047018473,494.7466878610638,499.0891812108548,18881600,MSFT
2025-09-12,506.6910095214844,509.3243260516039,500.67909648146514,503.4614629424367,23624900,MSFT
2025-09-15,512.1166381835938,512.2259313574772,503.80926524972944,505.5880086221314,17143800,MSFT
2025-09-16,505.83642578125,513.9748550906477,505.3991924428879,513.6270820344445,19711900,MSFT
2025-09-17,506.8102416992188,508.07226852063866,502.74598524416496,507.4064717390096,15816600,MSFT
2025-09-18,505.2501525878906,509.8410724066984,504.4651158521554,508.270998935228,18913700,MSFT
2025-09-19,514.6704711914062,516.0318444319288,507.09843147001845,507.34685812925306,52474100,MSFT
2025-09-22,511.21240234375,514.48167541423,509.3143886623668,512.3452424901319,20009300,MSFT
2025-09-23,506.0252685546875,511.35155218118825,504.1173383670773,510.5664850795932,19799600,MSFT
2025-09-24,506.9394226074219,509.2547456727144,503.72976965544393,507.1679860456216,13533700,MSFT
2025-09-25,503.8390502929688,506.8003068435259,501.8615838862597,505.1010467430239,15786500,MSFT
2025-09-26,508.2411804199219,510.70558375978015,503.4316440082871,506.849997214163,16213100,MSFT
2025-09-29,511.3613586425781,513.5971983462931,505.6773863749633,508.2808926445399,17617800,MSFT
2025-09-30,514.6903686523438,514.8990082310244,506.45253207823936,510.0099885223437,19728200,MSFT
2025-10-01,516.4392700195312,517.2342231556227,508.4697238165545,511.56013673304216,22632300,MSFT
2025-10-02,512.4942626953125,518.3173691617891,507.4661094259624,514.3823296081488,21222900,MSFT
2025-10-03,514.0940551757812,517.2143082734997,511.7588690628015,513.8456285403139,15112300,MSFT
2025-10-06,525.2435302734375,527.6880704621805,514.9387971845453,515.3461902238155,21388600,MSFT
2025-10-07,520.682373046875,526.4657528279373,518.1583800775612,524.9652461341774,14615200,MSFT
2025-10-08,521.546875,523.6336952116123,519.7980023635643,519.9868090400763,13363400,MSFT
2025-10-09,519.1123657226562,521.0302122328587,514.1438325922749,519.0527457511332,18343600,MSFT
2025-10-10,507.7443237304688,520.2849266906686,506.4227072751714,516.3697201998212,24133800,MSFT
2025-10-13,510.8148498535156,513.159982800976,508.4597701361959,513.159982800976,14284200,MSFT
2025-10-14,510.3379211425781,512.0371813139038,502.8155546768959,507.018944638121,14684300,MSFT
2025-10-15,510.1987915039063,513.93513816427,506.7903850161382,511.7191917714538,14694700,MSFT
2025-10-16,508.3902282714844,513.597241245564,504.93214864922606,509.3541552294708,15559600,MSFT
2025-10-17,510.3478698730469,512.235876086287,504.1173098719632,505.8364332653001,19867800,MSFT
2025-10-20,513.53759765625,515.4356111738924,510.1987581296245,511.37132460679527,14665600,MSFT
2025-10-21,514.4021606445312,515.4257076122852,509.81124074780416,514.2431942660954,15586200,MSFT
2025-10-22,517.2640991210938,521.9245862885218,514.4519526367303,517.8703063443006,18962700,MSFT
2025-10-23,517.283935546875,520.6526156742948,515.3461954332505,519.1720024577996,14023500,MSFT
2025-10-24,520.314697265625,522.0437370421222,517.4329845218087,519.499850577073,15532400,MSFT
2025-10-27,528.1749877929688,531.2157277722118,525.6807743511338,528.4333612309177,18734700,MSFT
2025-10-28,538.6585693359375,550.2352153811122,537.366762825241,546.5386557673307,29986700,MSFT
2025-10-29,538.141845703125,542.8321728172806,533.3521721804118,541.510525937623,36023000,MSFT
2025-10-30,522.4512329101562,531.6032326010347,518.834126044735,527.1414993194383,41023100,MSFT
2025-10-31,514.5512084960938,525.9887810857076,511.8582417946861,525.5515477587454,34006400,MSFT
2025-11-03,513.7761840820312,521.6562706261378,511.3515374029952,516.5386570612455,22374700,MSFT
2025-11-04,511.0931701660156,512.3054631947169,504.6439932361389,508.5393367379826,20958700,MSFT
2025-11-05,503.96826171875,511.5900049686576,503.39189488693165,510.06960470137113,23024300,MSFT
2025-11-06,493.9715576171875,502.5174404542645,492.6896676102462,502.4776836990636,27406500,MSFT
2025-11-07,493.6933288574219,496.2372153715257,490.1457889557352,493.8225155697467,24019800,MSFT
2025-11-10,502.8155517578125,503.6602084533397,495.66085193460816,496.8930687697553,26101500,MSFT
2025-11-11,505.4786682128906,506.3928916321033,499.1885187507047,501.6230817360039,17980000,MSFT
2025-11-12,507.9232482910156,508.449911619763,495.97887455805096,506.1544212835199,26574900,MSFT
2025-11-13,500.1225891113281,510.2683247202687,498.1351759673349,507.098398329558,25273100,MSFT
2025-11-14,506.9692077636719,508.3802844283928,494.3093958369769,495.09443251402297,28505700,MSFT
2025-11-17,504.2961730957031,508.8970396915909,501.73242330739504,505.2501533046029,19092800,MSFT
2025-11-18,490.6824035644531,499.8145698875434,483.7165104088928,492.2524466910109,33815100,MSFT
2025-11-19,484.0543518066406,492.0735713081103,479.79134202204426,487.0156083775533,23245300,MSFT
2025-11-20,476.308837890625,491.3817281634789,473.3918355542452,490.525525238351,26802500,MSFT
2025-11-21,470.0268249511719,476.796695003642,466.19388806310616,476.3785437287191,31769200,MSFT
2025-11-24,471.89849853515625,474.7856351712577,465.94500021095376,472.8940649877621,34421000,MSFT
2025-11-25,474.8752136230469,477.0256407210385,462.8288843313517,471.9681767111092,28019800,MSFT
2025-11-26,483.3475341796875,486.1450736050165,479.06661039650686,484.1539406114854,25709100,MSFT
2025-11-28,489.8286743164063,490.4459206738112,484.4924221764412,485.4382224868377,14386700,MSFT
2025-12-01,484.5820007324219,487.68816317334665,482.5012705124726,486.2744758383938,23964000,MSFT
2025-12-02,487.82757568359375,491.312058367048,484.1638983253085,484.56211884124775,19562700,MSFT
2025-12-03,475.6119689941406,482.0930858950488,473.0931871020635,474.2082166599713,34615100,MSFT
2025-12-04,478.7081909179688,479.1860737742951,474.377470578239,477.6329924690825,22318200,MSFT
2025-12-05,481.0178833007813,481.2568095233099,476.7568601661199,480.3807061976695,22608700,MSFT
2025-12-08,488.8430480957031,490.1173719905148,482.2325023858298,482.74025101921535,21965900,MSFT
2025-12-09,489.8385925292969,489.93815525049575,486.3342095719457,486.931555516862,14696100,MSFT
2025-12-10,476.4382934570313,482.10306917330496,472.9737111601482,481.8840433318536,35756200,MSFT
2025-12-11,481.3265075683594,483.8751552220924,473.750231167373,474.5168367702029,24669200,MSFT
2025-12-12,476.4084167480469,480.31105063829824,474.2281237707076,477.6927059881058,21248100,MSFT
2025-12-15,472.7148742675781,478.588710310573,470.4250531780871,477.97146396596463,23727700,MSFT
2025-12-16,474.2779235839844,475.7712732838117,468.79234263095657,469.8177748762136,20705600,MSFT
2025-12-17,474.0090942382813,477.8718969329872,472.8940646732686,474.7956002423544,24527200,MSFT
2025-12-18,481.8342590332031,487.4293375934554,475.7712630284666,476.0699208090834,28573500,MSFT
2025-12-19,483.7656555175781,485.6870914455969,480.3508395546156,485.1992432324443,70836100,MSFT
2025-12-22,482.7701110839844,486.5632169440421,480.5499868948874,483.9647726311972,16963000,MSFT
2025-12-23,484.6915283203125,485.6671639887272,482.5908673290986,482.8298239351052,14683600,MSFT
2025-12-24,485.8563232421875,486.9912835675863,482.680463867149,483.5267014178325,5855900,MSFT
2025-12-26,485.5476989746094,485.9558848600665,483.8054577080926,484.5521325365998,8842200,MSFT
2025-12-29,484.9404296875,486.1848877649252,482.0333622504328,482.7103401528056,10893400,MSFT
2025-12-30,485.3187255859375,487.5089534635432,483.3474931520442,483.7755794175697,13944500,MSFT
2025-12-31,481.4758605957031,485.9758405710775,481.1572720274455,485.6771523949816,15601600,MSFT
2026-01-02,470.84320068359375,482.5112407273309,468.07552715971417,482.24244872265706,25571600,MSFT
2026-01-05,470.7536315917969,473.9593569778809,467.4184776979013,471.95825856508776,25250300,MSFT
2026-01-06,476.3885192871094,476.617480129593,467.6673473241013,471.69937935780575,23037700,MSFT
2026-01-07,481.3265075683594,487.5288974221053,475.8309917616744,477.63296458601815,25564200,MSFT
2026-01-08,475.9902648925781,480.5201105081445,473.7502403609407,479.1063927688648,18162600,MSFT
2026-01-09,477.1550903320313,477.6927047258898,470.106493184136,471.9582322108041,18491000,MSFT
2026-01-12,475.06439208984375,478.8574978399144,473.57104241242143,474.5566738594685,23519900,MSFT
2026-01-13,468.5832824707031,473.6706125344443,463.88420753037366,472.57548334410274,28545800,MSFT
2026-01-14,457.3433227539063,466.1242261748137,455.1431293963808,464.3919198839424,28184300,MSFT
2026-01-15,454.6353759765625,462.19172164087615,453.8787357567712,462.062293141988,23225800,MSFT
2026-01-16,457.8211669921875,461.1364202404358,454.4561779572919,455.8001683410004,34246700,MSFT
2026-01-20,452.5048828125,454.77477325819245,447.2881239806389,449.2195254560932,26130000,MSFT
2026-01-21,442.1410217285156,450.6829992738946,436.7351029497524,450.5934019351739,37980500,MSFT
2026-01-22,449.1398620605469,450.8323067932568,442.7284117030413,445.6354487179439,25349400,MSFT
2026-01-23,463.8841857910156,469.0113467802032,448.5325382185013,449.8665935761158,38000200,MSFT
2026-01-26,468.1950073242188,472.1474075016215,459.9517180089597,463.2470406576191,29291200,MSFT
2026-01-27,478.4493103027344,480.729165976126,471.0622242712429,471.5998386603028,29213900,MSFT
2026-01-28,479.4946899414063,481.59532063648624,475.8807787479093,481.0676716159272,36875400,MSFT
2026-01-29,431.57806396484375,440.5381621786467,419.1533835040837,438.0392806211351,128855300,MSFT
2026-01-30,428.38232421875,437.65104604221966,424.5593524472701,437.2229597325442,58566800,MSFT
2026-02-02,421.4929809570313,428.8303011436502,420.3779513468908,428.332517897532,42219900,MSFT
2026-02-03,409.3868713378906,420.178808008447,406.7486263222299,420.1390072256922,61424100,MSFT
2026-02-04,412.3536682128906,417.9387813848693,407.4256021580933,409.1778088233149,45012400,MSFT
2026-02-05,391.9246520996094,406.4897635323938,390.5806313349955,405.6335909812077,66289200,MSFT
2026-02-06,399.3615417480469,400.0086538663787,391.1779842848308,397.4002746193236,53515300,MSFT
2026-02-09,411.7662963867188,413.0505856348112,399.0927243377603,403.0550898097971,45480500,MSFT
2026-02-10,411.437744140625,421.801594739736,410.8702943432265,417.75959730190846,44857900,MSFT
2026-02-11,402.57720947265625,414.61360447479314,399.2321207098042,414.3348470778888,42491000,MSFT
2026-02-12,400.0584106445313,404.3990960787573,396.24540458526855,403.20440420967,40802400,MSFT
2026-02-13,399.5407409667969,403.7420326637702,396.2852191820681,402.65686886295305,34091600,MSFT
2026-02-17,395.1004943847656,398.7442713079252,392.7808378797226,397.4500470508712,32078800,MSFT
2026-02-18,397.828369140625,400.77523739702553,394.5629123207548,396.3648852083561,23223400,MSFT
2026-02-19,397.5988464355469,403.5559453902056,395.8127368785549,399.82403795970674,28234000,MSFT
2026-02-20,396.37152099609375,399.2552593187824,394.3059873534157,395.2539159508346,34015200,MSFT
2026-02-23,383.6390686035156,394.50551684604494,382.27203437696886,394.14630950985264,43238300,MSFT
2026-02-24,388.1593017578125,388.5185091169527,380.8850482189813,383.3098196996745,33884700,MSFT
2026-02-25,399.7342224121094,400.6023372807383,389.31678308531696,389.68597856263057,43625500,MSFT
2026-02-26,400.851806640625,406.6093255926281,397.8782360341113,403.8353349281015,34405900,MSFT
2026-02-27,391.8912048339844,395.9624042352165,389.0374004516944,390.03523926255787,51367200,MSFT
2026-03-02,397.6886291503906,400.3229381169724,389.78576315389057,392.0109241194205,35474900,MSFT
2026-03-03,403.0570068359375,405.82103971635513,391.8213629990231,392.2903484387299,38199200,MSFT
2026-03-04,404.32427978515625,410.14166638677375,399.4448336072076,400.4027502952161,35808000,MSFT
2026-03-05,409.79241943359375,410.7204021828405,403.525993165685,403.54596943015656,39001300,MSFT
2026-03-06,408.0761413574219,412.1572983375802,407.6271321747383,408.3156433731429,31123900,MSFT
2026-03-09,408.5251770019531,409.3234358422322,402.62794618065146,404.044890641513,30131900,MSFT
2026-03-10,404.8830871582031,409.3134939311744,402.05918625996463,409.1438479339772,31706400,MSFT
2026-03-11,404.0049743652344,408.1260534422115,400.7220762180728,404.6934855668013,25512100,MSFT
2026-03-12,400.9914855957031,405.2422886286942,400.8418158660113,403.7555185610488,27263900,MSFT
2026-03-13,394.6951293945313,403.9251383935716,393.3979511212616,400.1333630935344,26848000,MSFT
2026-03-16,399.0856323242188,399.7641553863696,393.9367805641587,397.209690545171,27733700,MSFT
2026-03-17,398.5467834472656,403.5259891234105,396.8903674487218,399.4049101655112,26228300,MSFT
2026-03-18,390.9432678222656,397.13983817793417,390.1549666521916,396.271723303423,25908500,MSFT
2026-03-19,388.1792297363281,391.6417315076428,386.2234742615233,389.2569126674818,25138800,MSFT
2026-03-20,381.0447082519531,386.1636263101853,379.2984903035221,385.95408868282834,50853200,MSFT
2026-03-23,382.1722717285156,386.3731646745857,380.85511716508233,383.07032058481127,29680100,MSFT
2026-03-24,371.9344177246094,381.6434000325674,371.04635704379217,381.53362193174286,42733600,MSFT
2026-03-25,370.2381286621094,376.2451074667104,368.831172255135,376.10542586510894,31181200,MSFT
2026-03-26,365.1790771484375,373.9101668945663,364.4007640805619,370.01860155518807,36836600,MSFT
2026-03-27,355.9989318847656,361.6666793192034,355.73951450811694,361.1178497172151,37883400,MSFT
2026-03-30,358.1842041015625,364.5703662773937,355.51000344849933,361.1178525849577,44797000,MSFT
2026-03-31,369.3699951171875,372.0940755014272,362.28533367877645,363.7621155862403,45244400,MSFT
2026-04-01,368.57171630859375,373.1817267376728,367.4042619540212,372.682807332766,29417200,MSFT
2026-04-02,372.6528625488281,372.83249667260446,363.3629859357669,366.4163701688664,24099100,MSFT
2026-04-06,372.0741271972656,372.9222962461191,368.7014272663852,372.682794233078,16146600,MSFT
2026-04-07,371.48541259765625,371.645070458656,365.7677853538718,369.5396147715723,21443300,MSFT
2026-04-08,373.52099609375,384.167949815935,370.6073237610428,384.148004001906,33064800,MSFT
2026-04-09,372.26373291015625,372.6927962909368,366.2567237727329,371.6949574789129,30435300,MSFT
2026-04-10,370.0684814453125,374.8281921461914,369.23030048358606,372.17393720824543,28111100,MSFT
2026-04-13,383.539306640625,383.70895264062807,370.2181521550117,372.8025510733858,35745800,MSFT
2026-04-14,392.2604064941406,393.8370088930228,385.684652281273,387.0816509997633,37504500,MSFT
2026-04-15,410.3312683105469,413.47445440771634,395.8725939925935,397.1398382929036,45063400,MSFT
2026-04-16,419.3517456054688,419.9105328997013,411.2492993874727,418.9525857224824,41642400,MSFT
2026-04-17,421.8762817382813,430.64726300981,419.78081413338697,423.9018933176335,48568200,MSFT
2026-04-20,417.1664733886719,422.4150847565369,415.4002792280178,420.2398034863272,27582200,MSFT
2026-04-21,423.2433166503906,426.2567789178336,416.2983670043314,419.33177508554746,32048500,MSFT
2026-04-22,431.984375,432.7626880248645,422.7543663498755,425.2689090952171,29378200,MSFT
2026-04-23,414.8514709472656,422.7443793162959,410.5208543154444,418.9825380949446,38308000,MSFT
2026-04-24,423.7023010253906,424.0316048781353,414.9013556123021,416.0688403922519,27457400,MSFT
2026-04-27,423.9018859863281,426.1869149113369,416.1686352924954,421.46715688014,30867300,MSFT
2026-04-28,428.3222961425781,428.99086152362304,420.9881750222059,423.6524179624475,30438100,MSFT
2026-04-29,423.5426330566406,425.8975483734993,419.38166246548025,423.6623688360089,38288300,MSFT
2026-04-30,406.8987121582031,413.5243765293071,397.1498378648014,409.92216255995794,70909400,MSFT
2026-05-01,413.5443115234375,416.2085240460113,409.5529563541748,411.9078412872606,31372400,MSFT
2026-05-04,412.72607421875,419.87060358807366,409.9121615309381,410.6505829404435,28066500,MSFT
2026-05-05,410.4909362792969,415.8792597859335,407.916495085617,414.42242364358015,25700900,MSFT
2026-05-06,413.0653381347656,417.51572107575487,404.23445872829495,407.1182274562224,30285900,MSFT
2026-05-07,419.8606262207031,427.05506598481406,417.8549909144547,419.2020489501835,34942400,MSFT
2026-05-08,414.2228393554688,417.7252633012779,413.105264767488,416.48795292910256,33383800,MSFT
2026-05-11,411.7681579589844,411.79809190456297,404.6236285818644,406.9885016374445,35657900,MSFT
2026-05-12,406.8887023925781,414.6020070114768,405.7611701670722,413.5842224333829,38594200,MSFT
2026-05-13,404.3342590332031,405.4318878236479,400.1633000811369,402.3286237155428,29667100,MSFT
2026-05-14,408.5451354980469,410.94993067744383,400.013625877668,403.6058516736889,27077500,MSFT
2026-05-15,421.0081481933594,427.24464052002446,412.01761111071977,413.3746572242232,50771200,MSFT
2026-05-18,422.6246643066406,424.2012362508279,414.7117792841577,415.7196062415453,32564100,MSFT
2026-05-19,416.5178833007813,431.7648588737268,415.58987007798993,428.9708919761278,33018700,MSFT
2026-05-20,420.1499938964844,421.18775475321456,410.4110776678385,413.2749005432513,27864000,MSFT
2026-05-21,419.0899963378906,426.3399963378906,415.7099914550781,424.75,31393500,MSFT
2026-05-22,418.5700073242188,424.3999938964844,416.3299865722656,419.5400085449219,22390300,MSFT
2026-05-26,416.0299987792969,419.7699890136719,413.0199890136719,416.4299926757813,30398000,MSFT
2026-05-27,412.6700134277344,415.9400024414063,409.5799865722656,411.010009765625,28901500,MSFT
2026-05-28,426.989990234375,429.489990234375,412.6700134277344,412.9800109863281,47250500,MSFT
2026-05-29,450.239990234375,450.3299865722656,432.3599853515625,432.5499877929688,79654400,MSFT
2026-06-01,460.5199890136719,466.3200073242188,458.2699890136719,464.8399963378906,53628900,MSFT
2026-06-02,441.30999755859375,453.5,440.4299926757813,446.8800048828125,37036800,MSFT
2026-06-03,427.3399963378906,440.3900146484375,424.25,438.4500122070313,39037000,MSFT
2026-06-04,428.0499877929688,436.1499938964844,426.4100036621094,435.80999755859375,26899500,MSFT
2026-06-05,416.6700134277344,429.4700012207031,414.3999938964844,428.3399963378906,34782200,MSFT
2026-06-08,411.739990234375,417.1600036621094,408.55999755859375,414.1400146484375,32086700,MSFT
2026-06-09,403.4100036621094,411.9800109863281,398.4800109863281,409.0299987792969,35317300,MSFT
2026-06-10,397.3599853515625,405.0400085449219,397.1600036621094,398.5499877929688,32576000,MSFT
2026-06-11,390.3399963378906,396.8500061035156,384.0,395.2099914550781,47224100,MSFT
2026-06-12,390.739990234375,391.739990234375,382.2699890136719,391.4299926757813,34865800,MSFT
2026-06-15,399.760009765625,401.75,392.8500061035156,396.7999877929688,32266400,MSFT
2026-06-16,393.8299865722656,396.8399963378906,390.6900024414063,395.7900085449219,31506800,MSFT
2026-06-17,378.9100036621094,390.3699951171875,377.3200073242188,390.25,41987800,MSFT
2026-06-18,379.3999938964844,381.3699951171875,373.2799987792969,377.8200073242188,59714200,MSFT
2026-06-22,367.3399963378906,381.6300048828125,367.0700073242188,375.739990234375,45171100,MSFT
2026-06-23,373.9400024414063,377.2200012207031,370.6700134277344,372.3800048828125,40647600,MSFT
2026-06-24,365.4599914550781,378.8800048828125,364.7799987792969,371.5700073242188,44509900,MSFT
2026-06-25,352.8299865722656,364.2300109863281,349.20001220703125,362.7699890136719,66179000,MSFT
2026-06-26,372.9700012207031,376.6099853515625,355.42999267578125,357.1499938964844,186201600,MSFT
2026-06-29,368.5700073242188,380.5,359.8999938964844,377.5,51229900,MSFT
2026-06-30,373.0199890136719,374.1499938964844,367.4500122070313,371.0299987792969,44945700,MSFT
2026-07-01,384.2799987792969,388.8299865722656,374.8900146484375,380.8299865722656,48065800,MSFT
2026-07-02,390.489990234375,392.2000122070313,383.7000122070313,384.4800109863281,42128900,MSFT
2026-07-06,386.739990234375,389.1499938964844,381.2200012207031,387.0400085449219,34224500,MSFT
2026-07-07,388.8399963378906,395.5700073242188,388.2200012207031,392.489990234375,29297500,MSFT
2026-07-08,383.3399963378906,385.30999755859375,381.3299865722656,384.0299987792969,25908300,MSFT
2026-07-09,384.3599853515625,384.6499938964844,373.3500061035156,374.4500122070313,31083200,MSFT
2026-07-10,385.1000061035156,391.9100036621094,381.5,387.7999877929688,24644600,MSFT
2026-07-13,390.989990234375,393.6499938964844,384.1499938964844,387.75,28914900,MSFT
2026-07-14,384.9299926757813,388.1900024414063,378.6499938964844,382.8200073242188,27863900,MSFT
2026-07-15,395.6300048828125,398.9599914550781,386.3999938964844,387.7999877929688,36253700,MSFT
2026-07-16,401.1000061035156,405.989990234375,392.0499877929688,398.30999755859375,37047400,MSFT
2026-07-17,393.8200073242188,398.3900146484375,389.3900146484375,394.8599853515625,33049800,MSFT
2026-07-20,402.2900085449219,403.1799926757813,389.6499938964844,391.4100036621094,27915800,MSFT
2026-07-21,397.75,401.4700012207031,396.3200073242188,398.80999755859375,24126600,MSFT
2026-07-22,390.3399963378906,401.0,386.9599914550781,399.5799865722656,28142500,MSFT
2026-07-23,381.5799865722656,391.7799987792969,377.3900146484375,389.9700012207031,30351800,MSFT
2026-07-24,381.7000122070313,389.0299987792969,380.6499938964844,387.0499877929688,27544509,MSFT
2026-07-27,389.1000061035156,394.2000122070313,387.989990234375,390.0799865722656,27856200,MSFT
2026-07-28,393.3500061035156,400.3200073242188,391.2999877929688,393.1600036621094,32367500,MSFT
2026-07-29,390.5400085449219,401.25,388.739990234375,393.3999938964844,47209000,MSFT
2026-07-30,451.1000061035156,458.6900024414063,432.4400024414063,437.8999938964844,109975300,MSFT
2026-07-31,464.7200012207031,466.8399963378906,449.3299865722656,450.0,60846000,MSFT
2026-08-03,487.6499938964844,491.6499938964844,475.0,476.1300048828125,66762100,MSFT
2026-08-04,492.80999755859375,499.4400024414063,479.1700134277344,480.8999938964844,50455500,MSFT
2026-08-05,487.4599914550781,498.239990234375,485.6799926757813,496.3599853515625,33388900,MSFT
2026-08-06,499.8599853515625,501.55999755859375,488.5199890136719,488.5499877929688,36441500,MSFT
2026-08-07,499.989990234375,505.1799926757813,498.7300109863281,499.2099914550781,28818000,MSFT
2026-08-10,506.05999755859375,513.72998046875,502.2699890136719,503.44000244140625,31206100,MSFT
2026-08-11,503.80999755859375,505.3299865722656,499.54998779296875,504.3299865722656,23049800,MSFT
2026-08-12,492.42999267578125,501.5,491.5199890136719,499.989990234375,29001500,MSFT
2026-08-13,496.8800048828125,501.3399963378906,493.010009765625,493.2699890136719,23017200,MSFT
